ticker,PASS,STRUCTURAL_MISSING,WARN
A,9,0,1
AAPL,10,0,0
ACGL,0,10,0
ADSK,7,0,3
AEE,0,0,10
ALNY,0,0,10
AMAT,7,0,3
AON,4,0,6
APD,10,0,0
APH,10,0,0
ATI,10,0,0
ATO,10,0,0
AWK,10,0,0
AXON,0,0,10
BIIB,5,0,5
BKNG,4,0,6
CAH,10,0,0
CCL,10,0,0
CMG,0,0,10
CNP,10,0,0
COST,10,0,0
CP,10,0,0
CPAY,10,0,0
CPRT,4,0,6
CQP,8,0,2
CSX,1,0,9
CTAS,9,0,1
DE,0,10,0
DG,6,0,4
DOV,6,0,4
DVN,10,0,0
ECHO,10,0,0
ELV,0,0,10
EMR,6,0,4
EPD,0,0,10
ES,3,0,7
ET,10,0,0
EXPD,0,0,10
EXR,0,10,0
FAST,1,0,9
FCX,9,0,1
FDX,10,0,0
FIX,3,0,7
HEI,7,0,3
HLT,10,0,0
HPQ,9,0,1
HUBB,10,0,0
IDXX,5,0,5
IQV,10,0,0
ITW,0,0,10
KEYS,1,0,9
KHC,9,0,1
KKR,0,10,0
KMI,10,0,0
LNG,10,0,0
LRCX,10,0,0
LVS,10,0,0
LYV,10,0,0
MDLZ,10,0,0
MELI,6,0,4
MLM,10,0,0
MNST,2,0,8
MO,10,0,0
MSCI,3,0,7
MTD,0,0,10
NKE,1,0,9
NTAP,10,0,0
NUE,0,0,10
O,0,8,2
ODFL,9,0,1
ORCL,0,0,10
P,3,0,7
PAYX,5,0,5
PEG,4,0,6
PEP,10,0,0
PSX,10,0,0
PWR,0,0,10
ROP,10,0,0
ROST,6,0,4
SBUX,6,0,4
SCCO,0,0,10
SNPS,8,0,2
SPG,0,10,0
TDY,10,0,0
TER,0,0,10
TJX,4,0,6
TTWO,3,0,7
UI,10,0,0
ULTA,0,0,10
URI,10,0,0
V,8,0,2
VLO,9,0,1
VMC,10,0,0
VMRK,0,10,0
WAT,0,0,10
WELL,0,10,0
WRB,0,10,0
WSM,2,0,8
WST,9,0,1
XYL,10,0,0
