ticker,filing_date,report_date,cik,prior_fiscal_end,current_assets,prior_current_assets,cash,prior_cash,current_liabilities,prior_current_liabilities,current_ltd,prior_current_ltd,taxes_payable,prior_taxes_payable,depreciation,depreciation_quality,total_assets,prior_total_assets,average_total_assets,delta_current_assets,delta_cash,delta_current_liabilities,delta_current_ltd,delta_taxes_payable,accruals_numerator,accruals,current_assets_source,prior_current_assets_source,cash_source,prior_cash_source,current_liabilities_source,prior_current_liabilities_source,current_ltd_source,current_ltd_quality,prior_current_ltd_source,prior_current_ltd_quality,taxes_payable_source,prior_taxes_payable_source,taxes_payable_quality,reconciliation_notes,depreciation_source,depreciation_filed,depreciation_accession,total_assets_source,prior_total_assets_source,status,note
AON,2020-02-14,2019-12-31,0000315293,2018-12-31,16476000000.0,14372000000.0,790000000.0,656000000.0,15571000000.0,13296000000.0,712000000.0,251000000.0,93000000.0,83000000.0,172000000.0,PURE_DEP_FALLBACK,29405000000.0,26422000000.0,27913500000.0,2104000000.0,134000000.0,2275000000.0,461000000.0,10000000.0,-6000000.0,-0.0002149497554946,AssetsCurrent,AssetsCurrent,CashAndCashEquivalentsAtCarryingValue,CashAndCashEquivalentsAtCarryingValue,LiabilitiesCurrent,LiabilitiesCurrent,DebtCurrent,DIRECT_OR_AGGREGATED,DebtCurrent,DIRECT_OR_AGGREGATED,AccruedIncomeTaxesCurrent,AccruedIncomeTaxesCurrent,DIRECT_CHANGE,,Depreciation,2020-02-14,0001628280-20-001607,Assets,Assets,WARN,Numeric accruals computed with pure-depreciation fallback; requires filing-level reconciliation before final use
AON,2021-02-19,2020-12-31,0000315293,2019-12-31,18684000000.0,16476000000.0,884000000.0,790000000.0,17433000000.0,15571000000.0,448000000.0,712000000.0,80000000.0,93000000.0,167000000.0,PURE_DEP_FALLBACK,32114000000.0,29405000000.0,30759500000.0,2208000000.0,94000000.0,1862000000.0,-264000000.0,-13000000.0,-192000000.0,-0.0062419740242851,AssetsCurrent,AssetsCurrent,CashAndCashEquivalentsAtCarryingValue,CashAndCashEquivalentsAtCarryingValue,LiabilitiesCurrent,LiabilitiesCurrent,DebtCurrent,DIRECT_OR_AGGREGATED,DebtCurrent,DIRECT_OR_AGGREGATED,AccruedIncomeTaxesCurrent,AccruedIncomeTaxesCurrent,DIRECT_CHANGE,,Depreciation,2021-02-19,0001628280-21-002574,Assets,Assets,WARN,Numeric accruals computed with pure-depreciation fallback; requires filing-level reconciliation before final use
AON,2022-02-18,2021-12-31,0000315293,2020-12-31,19032000000.0,18684000000.0,544000000.0,884000000.0,19073000000.0,17433000000.0,1164000000.0,448000000.0,149000000.0,80000000.0,179000000.0,PURE_DEP_FALLBACK,31917000000.0,32114000000.0,32015500000.0,348000000.0,-340000000.0,1640000000.0,716000000.0,69000000.0,-346000000.0,-0.0108072652309037,AssetsCurrent,AssetsCurrent,CashAndCashEquivalentsAtCarryingValue,CashAndCashEquivalentsAtCarryingValue,LiabilitiesCurrent,LiabilitiesCurrent,DebtCurrent,DIRECT_OR_AGGREGATED,DebtCurrent,DIRECT_OR_AGGREGATED,AccruedIncomeTaxesCurrent,AccruedIncomeTaxesCurrent,DIRECT_CHANGE,,Depreciation,2022-02-18,0001628280-22-003180,Assets,Assets,WARN,Numeric accruals computed with pure-depreciation fallback; requires filing-level reconciliation before final use
AON,2023-02-17,2022-12-31,0000315293,2021-12-31,20723000000.0,19032000000.0,690000000.0,544000000.0,20306000000.0,19073000000.0,945000000.0,1164000000.0,193000000.0,149000000.0,151000000.0,PURE_DEP_FALLBACK,32704000000.0,31917000000.0,32310500000.0,1691000000.0,146000000.0,1233000000.0,-219000000.0,44000000.0,-14000000.0,-0.0004332956778756,AssetsCurrent,AssetsCurrent,CashAndCashEquivalentsAtCarryingValue,CashAndCashEquivalentsAtCarryingValue,LiabilitiesCurrent,LiabilitiesCurrent,DebtCurrent,DIRECT_OR_AGGREGATED,DebtCurrent,DIRECT_OR_AGGREGATED,AccruedIncomeTaxesCurrent,AccruedIncomeTaxesCurrent,DIRECT_CHANGE,,Depreciation,2023-02-17,0001628280-23-004087,Assets,Assets,WARN,Numeric accruals computed with pure-depreciation fallback; requires filing-level reconciliation before final use
AON,2024-02-16,2023-12-31,0000315293,2022-12-31,21704000000.0,20723000000.0,778000000.0,690000000.0,21651000000.0,20306000000.0,1204000000.0,945000000.0,291000000.0,193000000.0,167000000.0,PURE_DEP_FALLBACK,33959000000.0,32704000000.0,33331500000.0,981000000.0,88000000.0,1345000000.0,259000000.0,98000000.0,-262000000.0,-0.0078604323237778,AssetsCurrent,AssetsCurrent,CashAndCashEquivalentsAtCarryingValue,CashAndCashEquivalentsAtCarryingValue,LiabilitiesCurrent,LiabilitiesCurrent,DebtCurrent,DIRECT_OR_AGGREGATED,DebtCurrent,DIRECT_OR_AGGREGATED,AccruedIncomeTaxesCurrent,AccruedIncomeTaxesCurrent,DIRECT_CHANGE,,Depreciation,2024-02-16,0001628280-24-005392,Assets,Assets,WARN,Numeric accruals computed with pure-depreciation fallback; requires filing-level reconciliation before final use
AON,2025-02-18,2024-12-31,0000315293,2023-12-31,23432000000.0,21704000000.0,1085000000.0,778000000.0,22995000000.0,21651000000.0,751000000.0,1204000000.0,260000000.0,291000000.0,183000000.0,PURE_DEP_FALLBACK,48965000000.0,33959000000.0,41462000000.0,1728000000.0,307000000.0,1344000000.0,-453000000.0,-31000000.0,-590000000.0,-0.0142298972553181,AssetsCurrent,AssetsCurrent,CashAndCashEquivalentsAtCarryingValue,CashAndCashEquivalentsAtCarryingValue,LiabilitiesCurrent,LiabilitiesCurrent,DebtCurrent,DIRECT_OR_AGGREGATED,DebtCurrent,DIRECT_OR_AGGREGATED,AccruedIncomeTaxesCurrent,AccruedIncomeTaxesCurrent,DIRECT_CHANGE,,Depreciation,2025-02-18,0001628280-25-006093,Assets,Assets,WARN,Numeric accruals computed with pure-depreciation fallback; requires filing-level reconciliation before final use
CSX,2016-02-10,2015-12-25,0000277948,2014-12-26,2966000000.0,2572000000.0,628000000.0,669000000.0,1952000000.0,2107000000.0,20000000.0,228000000.0,108000000.0,163000000.0,1208000000.0,PURE_DEP_FALLBACK,35039000000.0,33053000000.0,34046000000.0,394000000.0,-41000000.0,-155000000.0,-208000000.0,-55000000.0,-881000000.0,-0.0258767549785584,AssetsCurrent,AssetsCurrent,CashAndCashEquivalentsAtCarryingValue,CashAndCashEquivalentsAtCarryingValue,LiabilitiesCurrent,LiabilitiesCurrent,LongTermDebtAndCapitalLeaseObligationsCurrent,DIRECT_OR_AGGREGATED,LongTermDebtAndCapitalLeaseObligationsCurrent,DIRECT_OR_AGGREGATED,TaxesPayableCurrent,TaxesPayableCurrent,DIRECT_CHANGE,,Depreciation,2016-02-10,0000277948-16-000046,Assets,Assets,WARN,Numeric accruals computed with pure-depreciation fallback; requires filing-level reconciliation before final use
CSX,2017-02-14,2016-12-30,0000277948,2015-12-25,2487000000.0,2840000000.0,603000000.0,628000000.0,2040000000.0,1952000000.0,331000000.0,20000000.0,129000000.0,108000000.0,1301000000.0,PURE_DEP_FALLBACK,35414000000.0,34745000000.0,35079500000.0,-353000000.0,-25000000.0,88000000.0,311000000.0,21000000.0,-1385000000.0,-0.0394817485996094,AssetsCurrent,AssetsCurrent,CashAndCashEquivalentsAtCarryingValue,CashAndCashEquivalentsAtCarryingValue,LiabilitiesCurrent,LiabilitiesCurrent,LongTermDebtAndCapitalLeaseObligationsCurrent,DIRECT_OR_AGGREGATED,LongTermDebtAndCapitalLeaseObligationsCurrent,DIRECT_OR_AGGREGATED,TaxesPayableCurrent,TaxesPayableCurrent,DIRECT_CHANGE,,Depreciation,2017-02-14,0000277948-17-000009,Assets,Assets,WARN,Numeric accruals computed with pure-depreciation fallback; requires filing-level reconciliation before final use
CSX,2018-02-07,2017-12-31,0000277948,2016-12-30,1915000000.0,2487000000.0,401000000.0,603000000.0,1894000000.0,2040000000.0,19000000.0,331000000.0,157000000.0,129000000.0,1315000000.0,PURE_DEP_FALLBACK,35739000000.0,35414000000.0,35576500000.0,-572000000.0,-202000000.0,-146000000.0,-312000000.0,28000000.0,-1823000000.0,-0.0512416904417241,AssetsCurrent,AssetsCurrent,CashAndCashEquivalentsAtCarryingValue,CashAndCashEquivalentsAtCarryingValue,LiabilitiesCurrent,LiabilitiesCurrent,LongTermDebtAndCapitalLeaseObligationsCurrent,DIRECT_OR_AGGREGATED,LongTermDebtAndCapitalLeaseObligationsCurrent,DIRECT_OR_AGGREGATED,TaxesPayableCurrent,TaxesPayableCurrent,DIRECT_CHANGE,,Depreciation,2018-02-07,0000277948-18-000009,Assets,Assets,WARN,Numeric accruals computed with pure-depreciation fallback; requires filing-level reconciliation before final use
CSX,2019-02-06,2018-12-31,0000277948,2017-12-31,2565000000.0,1915000000.0,858000000.0,401000000.0,1915000000.0,1894000000.0,18000000.0,19000000.0,106000000.0,157000000.0,1331000000.0,PURE_DEP_FALLBACK,36729000000.0,35739000000.0,36234000000.0,650000000.0,457000000.0,21000000.0,-1000000.0,-51000000.0,-1211000000.0,-0.0334216481757465,AssetsCurrent,AssetsCurrent,CashAndCashEquivalentsAtCarryingValue,CashAndCashEquivalentsAtCarryingValue,LiabilitiesCurrent,LiabilitiesCurrent,LongTermDebtAndCapitalLeaseObligationsCurrent,DIRECT_OR_AGGREGATED,LongTermDebtAndCapitalLeaseObligationsCurrent,DIRECT_OR_AGGREGATED,TaxesPayableCurrent,TaxesPayableCurrent,DIRECT_CHANGE,,Depreciation,2019-02-06,0000277948-19-000011,Assets,Assets,WARN,Numeric accruals computed with pure-depreciation fallback; requires filing-level reconciliation before final use
CSX,2020-02-12,2019-12-31,0000277948,2018-12-31,3278000000.0,2565000000.0,958000000.0,858000000.0,2151000000.0,1915000000.0,245000000.0,18000000.0,69000000.0,106000000.0,1349000000.0,PURE_DEP_FALLBACK,38257000000.0,36729000000.0,37493000000.0,713000000.0,100000000.0,236000000.0,227000000.0,-37000000.0,-782000000.0,-0.020857226682314,AssetsCurrent,AssetsCurrent,CashAndCashEquivalentsAtCarryingValue,CashAndCashEquivalentsAtCarryingValue,LiabilitiesCurrent,LiabilitiesCurrent,LongTermDebtAndCapitalLeaseObligationsCurrent,DIRECT_OR_AGGREGATED,LongTermDebtAndCapitalLeaseObligationsCurrent,DIRECT_OR_AGGREGATED,TaxesPayableCurrent,TaxesPayableCurrent,DIRECT_CHANGE,,Depreciation,2020-02-12,0000277948-20-000008,Assets,Assets,WARN,Numeric accruals computed with pure-depreciation fallback; requires filing-level reconciliation before final use
CSX,2021-02-10,2020-12-31,0000277948,2019-12-31,4441000000.0,3278000000.0,3129000000.0,958000000.0,2019000000.0,2151000000.0,401000000.0,245000000.0,73000000.0,69000000.0,1383000000.0,PURE_DEP_FALLBACK,39793000000.0,38257000000.0,39025000000.0,1163000000.0,2171000000.0,-132000000.0,156000000.0,4000000.0,-2099000000.0,-0.0537860345932094,AssetsCurrent,AssetsCurrent,CashAndCashEquivalentsAtCarryingValue,CashAndCashEquivalentsAtCarryingValue,LiabilitiesCurrent,LiabilitiesCurrent,LongTermDebtAndCapitalLeaseObligationsCurrent,DIRECT_OR_AGGREGATED,LongTermDebtAndCapitalLeaseObligationsCurrent,DIRECT_OR_AGGREGATED,TaxesPayableCurrent,TaxesPayableCurrent,DIRECT_CHANGE,,Depreciation,2021-02-10,0000277948-21-000014,Assets,Assets,WARN,Numeric accruals computed with pure-depreciation fallback; requires filing-level reconciliation before final use
CSX,2022-02-16,2021-12-31,0000277948,2020-12-31,3873000000.0,4441000000.0,2239000000.0,3129000000.0,2233000000.0,2019000000.0,181000000.0,401000000.0,134000000.0,73000000.0,1425000000.0,RECONSTRUCTED_DA,40531000000.0,39793000000.0,40162000000.0,-568000000.0,-890000000.0,214000000.0,-220000000.0,61000000.0,-1476000000.0,-0.0367511578108659,AssetsCurrent,AssetsCurrent,CashAndCashEquivalentsAtCarryingValue,CashAndCashEquivalentsAtCarryingValue,LiabilitiesCurrent,LiabilitiesCurrent,LongTermDebtAndCapitalLeaseObligationsCurrent,DIRECT_OR_AGGREGATED,LongTermDebtAndCapitalLeaseObligationsCurrent,DIRECT_OR_AGGREGATED,TaxesPayableCurrent,TaxesPayableCurrent,DIRECT_CHANGE,,Depreciation + AmortizationOfIntangibleAssets,2022-02-16,0000277948-22-000009 + 0000277948-22-000009,Assets,Assets,WARN,Numeric accruals computed with reconstructed D&A (pure depreciation + intangible amortization); requires filing-level confirmation before final use
ELV,2016-02-19,2015-12-31,0001156039,2014-12-31,30862100000.0,31947800000.0,2113500000.0,2151700000.0,19092600000.0,18752700000.0,540000000.0,1024300000.0,,0.0,335900000.0,RECONSTRUCTED_DA,61717800000.0,61676300000.0,61697050000.0,-1085700000.0,-38200000.0,339900000.0,-484300000.0,0.0,-2207600000.0,-0.0357812893809347,AssetsCurrent,AssetsCurrent,CashAndCashEquivalentsAtCarryingValue,CashAndCashEquivalentsAtCarryingValue,LiabilitiesCurrent,LiabilitiesCurrent,LongTermDebtCurrent + ShortTermBorrowings,DIRECT_OR_AGGREGATED,LongTermDebtCurrent + ShortTermBorrowings,DIRECT_OR_AGGREGATED,,AccruedIncomeTaxesCurrent,MISSING_CHANGE_ZERO_CONVENTION,,Depreciation + AmortizationOfIntangibleAssets,2016-02-19,0001156039-16-000018 + 0001156039-16-000018,Assets,Assets,WARN,Numeric accruals computed with reconstructed D&A (pure depreciation + intangible amortization); requires filing-level confirmation before final use
ELV,2017-02-22,2016-12-31,0001156039,2015-12-31,34314900000.0,30862100000.0,4075300000.0,2113500000.0,21294400000.0,19092600000.0,1368400000.0,540000000.0,,0.0,296300000.0,RECONSTRUCTED_DA,65083100000.0,61717800000.0,63400450000.0,3452800000.0,1961800000.0,2201800000.0,828400000.0,0.0,-178700000.0,-0.0028185919816026,AssetsCurrent,AssetsCurrent,CashAndCashEquivalentsAtCarryingValue,CashAndCashEquivalentsAtCarryingValue,LiabilitiesCurrent,LiabilitiesCurrent,LongTermDebtCurrent + ShortTermBorrowings,DIRECT_OR_AGGREGATED,LongTermDebtCurrent + ShortTermBorrowings,DIRECT_OR_AGGREGATED,,AccruedIncomeTaxesCurrent,MISSING_CHANGE_ZERO_CONVENTION,,Depreciation + AmortizationOfIntangibleAssets,2017-02-22,0001156039-17-000002 + 0001156039-17-000002,Assets,Assets,WARN,Numeric accruals computed with reconstructed D&A (pure depreciation + intangible amortization); requires filing-level confirmation before final use
ELV,2018-02-21,2017-12-31,0001156039,2016-12-31,36262800000.0,34314900000.0,3608900000.0,4075300000.0,23356000000.0,21294400000.0,2549600000.0,1368400000.0,,0.0,279100000.0,RECONSTRUCTED_DA,70540000000.0,65083100000.0,67811550000.0,1947900000.0,-466400000.0,2061600000.0,1181200000.0,0.0,1254800000.0,0.0185042223632994,AssetsCurrent,AssetsCurrent,CashAndCashEquivalentsAtCarryingValue,CashAndCashEquivalentsAtCarryingValue,LiabilitiesCurrent,LiabilitiesCurrent,LongTermDebtCurrent + ShortTermBorrowings,DIRECT_OR_AGGREGATED,LongTermDebtCurrent + ShortTermBorrowings,DIRECT_OR_AGGREGATED,,AccruedIncomeTaxesCurrent,MISSING_CHANGE_ZERO_CONVENTION,,Depreciation + AmortizationOfIntangibleAssets,2018-02-21,0001156039-18-000003 + 0001156039-18-000003,Assets,Assets,WARN,Numeric accruals computed with reconstructed D&A (pure depreciation + intangible amortization); requires filing-level confirmation before final use
ELV,2019-02-20,2018-12-31,0001156039,2017-12-31,34321000000.0,36263000000.0,3934000000.0,3609000000.0,21965000000.0,23356000000.0,1994000000.0,2550000000.0,,0.0,482000000.0,RECONSTRUCTED_DA,71571000000.0,70540000000.0,71055500000.0,-1942000000.0,325000000.0,-1391000000.0,-556000000.0,0.0,-1914000000.0,-0.0269366903336124,AssetsCurrent,AssetsCurrent,CashAndCashEquivalentsAtCarryingValue,CashAndCashEquivalentsAtCarryingValue,LiabilitiesCurrent,LiabilitiesCurrent,LongTermDebtCurrent + ShortTermBorrowings,DIRECT_OR_AGGREGATED,LongTermDebtCurrent + ShortTermBorrowings,DIRECT_OR_AGGREGATED,,AccruedIncomeTaxesCurrent,MISSING_CHANGE_ZERO_CONVENTION,,Depreciation + AmortizationOfIntangibleAssets,2019-02-20,0001156039-19-000004 + 0001156039-19-000004,Assets,Assets,WARN,Numeric accruals computed with reconstructed D&A (pure depreciation + intangible amortization); requires filing-level confirmation before final use
ELV,2020-02-19,2019-12-31,0001156039,2018-12-31,39033000000.0,34321000000.0,4937000000.0,3934000000.0,23617000000.0,21965000000.0,2298000000.0,1994000000.0,,0.0,485000000.0,RECONSTRUCTED_DA,77453000000.0,71571000000.0,74512000000.0,4712000000.0,1003000000.0,1652000000.0,304000000.0,0.0,1876000000.0,0.0251771526733948,AssetsCurrent,AssetsCurrent,CashAndCashEquivalentsAtCarryingValue,CashAndCashEquivalentsAtCarryingValue,LiabilitiesCurrent,LiabilitiesCurrent,LongTermDebtCurrent + ShortTermBorrowings,DIRECT_OR_AGGREGATED,LongTermDebtCurrent + ShortTermBorrowings,DIRECT_OR_AGGREGATED,,AccruedIncomeTaxesCurrent,MISSING_CHANGE_ZERO_CONVENTION,,Depreciation + AmortizationOfIntangibleAssets,2020-02-19,0001156039-20-000003 + 0001156039-20-000003,Assets,Assets,WARN,Numeric accruals computed with reconstructed D&A (pure depreciation + intangible amortization); requires filing-level confirmation before final use
ELV,2021-02-18,2020-12-31,0001156039,2019-12-31,45751000000.0,39033000000.0,5741000000.0,4937000000.0,29453000000.0,23532000000.0,700000000.0,2298000000.0,,,537000000.0,RECONSTRUCTED_DA,86615000000.0,77453000000.0,82034000000.0,6718000000.0,804000000.0,5921000000.0,-1598000000.0,0.0,-2142000000.0,-0.0261111246556305,AssetsCurrent,AssetsCurrent,CashAndCashEquivalentsAtCarryingValue,CashAndCashEquivalentsAtCarryingValue,LiabilitiesCurrent,LiabilitiesCurrent,LongTermDebtCurrent + ShortTermBorrowings,DIRECT_OR_AGGREGATED,LongTermDebtCurrent + ShortTermBorrowings,DIRECT_OR_AGGREGATED,,,MISSING_CHANGE_ZERO_CONVENTION,,Depreciation + AmortizationOfIntangibleAssets,2021-02-18,0001156039-21-000012 + 0001156039-21-000012,Assets,Assets,WARN,Numeric accruals computed with reconstructed D&A (pure depreciation + intangible amortization); requires filing-level confirmation before final use
ELV,2022-02-16,2021-12-31,0001156039,2020-12-31,51122000000.0,45751000000.0,4880000000.0,5741000000.0,34885000000.0,29453000000.0,1874000000.0,700000000.0,,,577000000.0,RECONSTRUCTED_DA,97460000000.0,86615000000.0,92037500000.0,5371000000.0,-861000000.0,5432000000.0,1174000000.0,0.0,1397000000.0,0.0151785956811082,AssetsCurrent,AssetsCurrent,CashAndCashEquivalentsAtCarryingValue,CashAndCashEquivalentsAtCarryingValue,LiabilitiesCurrent,LiabilitiesCurrent,LongTermDebtCurrent + ShortTermBorrowings,DIRECT_OR_AGGREGATED,LongTermDebtCurrent + ShortTermBorrowings,DIRECT_OR_AGGREGATED,,,MISSING_CHANGE_ZERO_CONVENTION,,Depreciation + AmortizationOfIntangibleAssets,2022-02-16,0001156039-22-000009 + 0001156039-22-000009,Assets,Assets,WARN,Numeric accruals computed with reconstructed D&A (pure depreciation + intangible amortization); requires filing-level confirmation before final use
ELV,2023-02-15,2022-12-31,0001156039,2021-12-31,55617000000.0,51122000000.0,7387000000.0,4880000000.0,39696000000.0,34885000000.0,1765000000.0,1874000000.0,,,890000000.0,RECONSTRUCTED_DA,102772000000.0,97460000000.0,100116000000.0,4495000000.0,2507000000.0,4811000000.0,-109000000.0,0.0,-3822000000.0,-0.0381757161692436,AssetsCurrent,AssetsCurrent,CashAndCashEquivalentsAtCarryingValue,CashAndCashEquivalentsAtCarryingValue,LiabilitiesCurrent,LiabilitiesCurrent,LongTermDebtCurrent + ShortTermBorrowings,DIRECT_OR_AGGREGATED,LongTermDebtCurrent + ShortTermBorrowings,DIRECT_OR_AGGREGATED,,,MISSING_CHANGE_ZERO_CONVENTION,,Depreciation + AmortizationOfIntangibleAssets,2023-02-15,0001156039-23-000007 + 0001156039-23-000007,Assets,Assets,WARN,Numeric accruals computed with reconstructed D&A (pure depreciation + intangible amortization); requires filing-level confirmation before final use
ELV,2024-02-21,2023-12-31,0001156039,2022-12-31,60029000000.0,55617000000.0,6526000000.0,7387000000.0,41791000000.0,39696000000.0,1874000000.0,1765000000.0,,,992000000.0,RECONSTRUCTED_DA,108928000000.0,102755000000.0,105841500000.0,4412000000.0,-861000000.0,2095000000.0,109000000.0,0.0,2295000000.0,0.0216833661654455,AssetsCurrent,AssetsCurrent,CashAndCashEquivalentsAtCarryingValue,CashAndCashEquivalentsAtCarryingValue,LiabilitiesCurrent,LiabilitiesCurrent,LongTermDebtCurrent + ShortTermBorrowings,DIRECT_OR_AGGREGATED,LongTermDebtCurrent + ShortTermBorrowings,DIRECT_OR_AGGREGATED,,,MISSING_CHANGE_ZERO_CONVENTION,,Depreciation + AmortizationOfIntangibleAssets,2024-02-21,0001156039-24-000015 + 0001156039-24-000015,Assets,Assets,WARN,Numeric accruals computed with reconstructed D&A (pure depreciation + intangible amortization); requires filing-level confirmation before final use
ELV,2025-02-20,2024-12-31,0001156039,2023-12-31,58942000000.0,60029000000.0,8288000000.0,6526000000.0,40581000000.0,41791000000.0,2014000000.0,1874000000.0,75000000.0,0.0,685000000.0,RECONSTRUCTED_DA,116889000000.0,108928000000.0,112908500000.0,-1087000000.0,1762000000.0,-1210000000.0,140000000.0,75000000.0,-2109000000.0,-0.0186788417169655,AssetsCurrent,AssetsCurrent,CashAndCashEquivalentsAtCarryingValue,CashAndCashEquivalentsAtCarryingValue,LiabilitiesCurrent,LiabilitiesCurrent,LongTermDebtCurrent + ShortTermBorrowings,DIRECT_OR_AGGREGATED,LongTermDebtCurrent + ShortTermBorrowings,DIRECT_OR_AGGREGATED,AccruedIncomeTaxesCurrent,AccruedIncomeTaxesCurrent,DIRECT_CHANGE,,Depreciation + AmortizationOfIntangibleAssets,2025-02-20,0001156039-25-000010 + 0001156039-25-000010,Assets,Assets,WARN,Numeric accruals computed with reconstructed D&A (pure depreciation + intangible amortization); requires filing-level confirmation before final use
EPD,2016-02-26,2015-12-31,0001061219,2014-12-31,4313000000.0,5490700000.0,19000000.0,74400000.0,7166600000.0,7873700000.0,1863900000.0,2206400000.0,,,1335700000.0,RECONSTRUCTED_DA,48952000000.0,47201000000.0,48076500000.0,-1177700000.0,-55400000.0,-707100000.0,-342500000.0,0.0,-2093400000.0,-0.0435431031793079,AssetsCurrent,AssetsCurrent,CashAndCashEquivalentsAtCarryingValue,CashAndCashEquivalentsAtCarryingValue,LiabilitiesCurrent,LiabilitiesCurrent,LongTermDebtCurrent,DIRECT_OR_AGGREGATED,LongTermDebtCurrent,DIRECT_OR_AGGREGATED,,,MISSING_CHANGE_ZERO_CONVENTION,,Depreciation + AmortizationOfIntangibleAssets,2016-02-26,0001061219-16-000058 + 0001061219-16-000058,Assets,Assets,WARN,Numeric accruals computed with reconstructed D&A (pure depreciation + intangible amortization); requires filing-level confirmation before final use
EPD,2017-02-24,2016-12-31,0001061219,2015-12-31,6528200000.0,4298300000.0,63100000.0,19000000.0,8250500000.0,7166600000.0,2576800000.0,1863900000.0,,,1387000000.0,RECONSTRUCTED_DA,52194000000.0,48802200000.0,50498100000.0,2229900000.0,44100000.0,1083900000.0,712900000.0,0.0,427800000.0,0.0084716058623987,AssetsCurrent,AssetsCurrent,CashAndCashEquivalentsAtCarryingValue,CashAndCashEquivalentsAtCarryingValue,LiabilitiesCurrent,LiabilitiesCurrent,LongTermDebtCurrent,DIRECT_OR_AGGREGATED,LongTermDebtCurrent,DIRECT_OR_AGGREGATED,,,MISSING_CHANGE_ZERO_CONVENTION,,Depreciation + AmortizationOfIntangibleAssets,2017-02-24,0001061219-17-000008 + 0001061219-17-000008,Assets,Assets,WARN,Numeric accruals computed with reconstructed D&A (pure depreciation + intangible amortization); requires filing-level confirmation before final use
EPD,2018-02-28,2017-12-31,0001061219,2016-12-31,6506400000.0,6528200000.0,5100000.0,63100000.0,9295100000.0,8250500000.0,2855000000.0,2576800000.0,,,1463000000.0,RECONSTRUCTED_DA,54418100000.0,52194000000.0,53306050000.0,-21800000.0,-58000000.0,1044600000.0,278200000.0,0.0,-2193200000.0,-0.0411435474960159,AssetsCurrent,AssetsCurrent,CashAndCashEquivalentsAtCarryingValue,CashAndCashEquivalentsAtCarryingValue,LiabilitiesCurrent,LiabilitiesCurrent,LongTermDebtCurrent,DIRECT_OR_AGGREGATED,LongTermDebtCurrent,DIRECT_OR_AGGREGATED,,,MISSING_CHANGE_ZERO_CONVENTION,,Depreciation + AmortizationOfIntangibleAssets,2018-02-28,0001061219-18-000008 + 0001061219-18-000008,Assets,Assets,WARN,Numeric accruals computed with reconstructed D&A (pure depreciation + intangible amortization); requires filing-level confirmation before final use
EPD,2019-03-01,2018-12-31,0001061219,2017-12-31,6060700000.0,6506400000.0,344800000.0,5100000.0,7167500000.0,9295100000.0,1500100000.0,2855000000.0,,,1606500000.0,RECONSTRUCTED_DA,56969800000.0,54418100000.0,55693950000.0,-445700000.0,339700000.0,-2127600000.0,-1354900000.0,0.0,-1619200000.0,-0.0290731758117353,AssetsCurrent,AssetsCurrent,CashAndCashEquivalentsAtCarryingValue,CashAndCashEquivalentsAtCarryingValue,LiabilitiesCurrent,LiabilitiesCurrent,LongTermDebtCurrent,DIRECT_OR_AGGREGATED,LongTermDebtCurrent,DIRECT_OR_AGGREGATED,,,MISSING_CHANGE_ZERO_CONVENTION,,Depreciation + AmortizationOfIntangibleAssets,2019-03-01,0001061219-19-000007 + 0001061219-19-000007,Assets,Assets,WARN,Numeric accruals computed with reconstructed D&A (pure depreciation + intangible amortization); requires filing-level confirmation before final use
EPD,2020-02-28,2019-12-31,0001061219,2018-12-31,7862900000.0,6060700000.0,334700000.0,344800000.0,9129700000.0,7167500000.0,1981900000.0,1500100000.0,,,1737300000.0,RECONSTRUCTED_DA,61733200000.0,56969800000.0,59351500000.0,1802200000.0,-10100000.0,1962200000.0,481800000.0,0.0,-1405400000.0,-0.0236792667413628,AssetsCurrent,AssetsCurrent,CashAndCashEquivalentsAtCarryingValue,CashAndCashEquivalentsAtCarryingValue,LiabilitiesCurrent,LiabilitiesCurrent,LongTermDebtCurrent,DIRECT_OR_AGGREGATED,LongTermDebtCurrent,DIRECT_OR_AGGREGATED,,,MISSING_CHANGE_ZERO_CONVENTION,,Depreciation + AmortizationOfIntangibleAssets,2020-02-28,0001061219-20-000014 + 0001061219-20-000014,Assets,Assets,WARN,Numeric accruals computed with reconstructed D&A (pure depreciation + intangible amortization); requires filing-level confirmation before final use
EPD,2021-03-01,2020-12-31,0001061219,2019-12-31,9909400000.0,7862900000.0,1059900000.0,334700000.0,8988000000.0,9129700000.0,1325000000.0,1981900000.0,,,1825100000.0,RECONSTRUCTED_DA,64106700000.0,61733200000.0,62919950000.0,2046500000.0,725200000.0,-141700000.0,-656900000.0,0.0,-1019000000.0,-0.0161951813375566,AssetsCurrent,AssetsCurrent,CashAndCashEquivalentsAtCarryingValue,CashAndCashEquivalentsAtCarryingValue,LiabilitiesCurrent,LiabilitiesCurrent,LongTermDebtCurrent,DIRECT_OR_AGGREGATED,LongTermDebtCurrent,DIRECT_OR_AGGREGATED,,,MISSING_CHANGE_ZERO_CONVENTION,,Depreciation + AmortizationOfIntangibleAssets,2021-03-01,0001061219-21-000009 + 0001061219-21-000009,Assets,Assets,WARN,Numeric accruals computed with reconstructed D&A (pure depreciation + intangible amortization); requires filing-level confirmation before final use
EPD,2022-02-28,2021-12-31,0001061219,2020-12-31,13269400000.0,9909400000.0,2819400000.0,1059900000.0,11624500000.0,8988000000.0,1399800000.0,1325000000.0,,,1856400000.0,RECONSTRUCTED_DA,67525600000.0,64106700000.0,65816150000.0,3360000000.0,1759500000.0,2636500000.0,74800000.0,0.0,-2817600000.0,-0.0428101613357815,AssetsCurrent,AssetsCurrent,CashAndCashEquivalentsAtCarryingValue,CashAndCashEquivalentsAtCarryingValue,LiabilitiesCurrent,LiabilitiesCurrent,LongTermDebtCurrent,DIRECT_OR_AGGREGATED,LongTermDebtCurrent,DIRECT_OR_AGGREGATED,,,MISSING_CHANGE_ZERO_CONVENTION,,Depreciation + AmortizationOfIntangibleAssets,2022-02-28,0001061219-22-000008 + 0001061219-22-000008,Assets,Assets,WARN,Numeric accruals computed with reconstructed D&A (pure depreciation + intangible amortization); requires filing-level confirmation before final use
EPD,2023-02-28,2022-12-31,0001061219,2021-12-31,10598000000.0,13270000000.0,76000000.0,2820000000.0,12265000000.0,11625000000.0,1744000000.0,1400000000.0,,,1956000000.0,RECONSTRUCTED_DA,68108000000.0,67526000000.0,67817000000.0,-2672000000.0,-2744000000.0,640000000.0,344000000.0,0.0,-2180000000.0,-0.0321453322913133,AssetsCurrent,AssetsCurrent,CashAndCashEquivalentsAtCarryingValue,CashAndCashEquivalentsAtCarryingValue,LiabilitiesCurrent,LiabilitiesCurrent,LongTermDebtCurrent,DIRECT_OR_AGGREGATED,LongTermDebtCurrent,DIRECT_OR_AGGREGATED,,,MISSING_CHANGE_ZERO_CONVENTION,,Depreciation + AmortizationOfIntangibleAssets,2023-02-28,0001061219-23-000006 + 0001061219-23-000006,Assets,Assets,WARN,Numeric accruals computed with reconstructed D&A (pure depreciation + intangible amortization); requires filing-level confirmation before final use
EPD,2024-02-28,2023-12-31,0001061219,2022-12-31,12248000000.0,10598000000.0,180000000.0,76000000.0,13131000000.0,12265000000.0,1300000000.0,1744000000.0,,,2061000000.0,RECONSTRUCTED_DA,70982000000.0,68108000000.0,69545000000.0,1650000000.0,104000000.0,866000000.0,-444000000.0,0.0,-1825000000.0,-0.0262420015817096,AssetsCurrent,AssetsCurrent,CashAndCashEquivalentsAtCarryingValue,CashAndCashEquivalentsAtCarryingValue,LiabilitiesCurrent,LiabilitiesCurrent,LongTermDebtCurrent,DIRECT_OR_AGGREGATED,LongTermDebtCurrent,DIRECT_OR_AGGREGATED,,,MISSING_CHANGE_ZERO_CONVENTION,,Depreciation + AmortizationOfIntangibleAssets,2024-02-28,0001061219-24-000006 + 0001061219-24-000006,Assets,Assets,WARN,Numeric accruals computed with reconstructed D&A (pure depreciation + intangible amortization); requires filing-level confirmation before final use
EPD,2025-02-28,2024-12-31,0001061219,2023-12-31,15133000000.0,12248000000.0,583000000.0,180000000.0,15177000000.0,13131000000.0,1151000000.0,1300000000.0,,,2181000000.0,RECONSTRUCTED_DA,77168000000.0,70982000000.0,74075000000.0,2885000000.0,403000000.0,2046000000.0,-149000000.0,0.0,-1894000000.0,-0.0255686803914951,AssetsCurrent,AssetsCurrent,CashAndCashEquivalentsAtCarryingValue,CashAndCashEquivalentsAtCarryingValue,LiabilitiesCurrent,LiabilitiesCurrent,LongTermDebtCurrent + FinanceLeaseLiabilityCurrent,DIRECT_OR_AGGREGATED,LongTermDebtCurrent,DIRECT_OR_AGGREGATED,,,MISSING_CHANGE_ZERO_CONVENTION,,Depreciation + AmortizationOfIntangibleAssets,2025-02-28,0001061219-25-000006 + 0001061219-25-000006,Assets,Assets,WARN,Numeric accruals computed with reconstructed D&A (pure depreciation + intangible amortization); requires filing-level confirmation before final use
FAST,2016-02-05,2015-12-31,0000815556,2014-12-31,1664776000.0,1583265000.0,129019000.0,114496000.0,373166000.0,375353000.0,62050000.0,90000000.0,0.0,7442000.0,86598000.0,RECONSTRUCTED_DA,2532462000.0,2359102000.0,2445782000.0,81511000.0,14523000.0,-2187000.0,-27950000.0,-7442000.0,-52815000.0,-0.021594320344168,AssetsCurrent,AssetsCurrent,CashAndCashEquivalentsAtCarryingValue,CashAndCashEquivalentsAtCarryingValue,LiabilitiesCurrent,LiabilitiesCurrent,LongTermDebtCurrent,DIRECT_OR_AGGREGATED,LongTermDebtCurrent,DIRECT_OR_AGGREGATED,AccruedIncomeTaxesCurrent,AccruedIncomeTaxesCurrent,DIRECT_CHANGE,,Depreciation + AmortizationOfIntangibleAssets,2016-02-05,0000815556-16-000087 + 0000815556-16-000087,Assets,Assets,WARN,Numeric accruals computed with reconstructed D&A (pure depreciation + intangible amortization); requires filing-level confirmation before final use
FAST,2017-02-06,2016-12-31,0000815556,2015-12-31,1720770000.0,1664776000.0,112735000.0,129019000.0,275644000.0,373166000.0,10482000.0,62050000.0,,0.0,104052000.0,RECONSTRUCTED_DA,2668884000.0,2532462000.0,2600673000.0,55994000.0,-16284000.0,-97522000.0,-51568000.0,0.0,14180000.0,0.0054524348120659,AssetsCurrent,AssetsCurrent,CashAndCashEquivalentsAtCarryingValue,CashAndCashEquivalentsAtCarryingValue,LiabilitiesCurrent,LiabilitiesCurrent,LongTermDebtCurrent,DIRECT_OR_AGGREGATED,LongTermDebtCurrent,DIRECT_OR_AGGREGATED,,AccruedIncomeTaxesCurrent,MISSING_CHANGE_ZERO_CONVENTION,,Depreciation + AmortizationOfIntangibleAssets,2017-02-06,0000815556-17-000009 + 0000815556-17-000009,Assets,Assets,WARN,Numeric accruals computed with reconstructed D&A (pure depreciation + intangible amortization); requires filing-level confirmation before final use
FAST,2018-02-05,2017-12-31,0000815556,2016-12-31,1935700000.0,1720800000.0,116900000.0,112700000.0,351000000.0,275700000.0,3000000.0,10500000.0,6500000.0,0.0,127400000.0,RECONSTRUCTED_DA,2910500000.0,2668900000.0,2789700000.0,214900000.0,4200000.0,75300000.0,-7500000.0,6500000.0,7000000.0,0.0025092303831953,AssetsCurrent,AssetsCurrent,CashAndCashEquivalentsAtCarryingValue,CashAndCashEquivalentsAtCarryingValue,LiabilitiesCurrent,LiabilitiesCurrent,LongTermDebtCurrent,DIRECT_OR_AGGREGATED,LongTermDebtCurrent,DIRECT_OR_AGGREGATED,AccruedIncomeTaxesCurrent,AccruedIncomeTaxesCurrent,DIRECT_CHANGE,,Depreciation + AmortizationOfIntangibleAssets,2018-02-05,0000815556-18-000010 + 0000815556-18-000010,Assets,Assets,WARN,Numeric accruals computed with reconstructed D&A (pure depreciation + intangible amortization); requires filing-level confirmation before final use
FAST,2019-02-06,2018-12-31,0000815556,2017-12-31,2316200000.0,1935700000.0,167200000.0,116900000.0,437400000.0,351000000.0,3000000.0,3000000.0,0.0,6500000.0,138200000.0,RECONSTRUCTED_DA,3321500000.0,2910500000.0,3116000000.0,380500000.0,50300000.0,86400000.0,0.0,-6500000.0,99100000.0,0.0318035943517329,AssetsCurrent,AssetsCurrent,CashAndCashEquivalentsAtCarryingValue,CashAndCashEquivalentsAtCarryingValue,LiabilitiesCurrent,LiabilitiesCurrent,LongTermDebtCurrent,DIRECT_OR_AGGREGATED,LongTermDebtCurrent,DIRECT_OR_AGGREGATED,AccruedIncomeTaxesCurrent,AccruedIncomeTaxesCurrent,DIRECT_CHANGE,,Depreciation + AmortizationOfIntangibleAssets,2019-02-06,0000815556-19-000015 + 0000815556-19-000015,Assets,Assets,WARN,Numeric accruals computed with reconstructed D&A (pure depreciation + intangible amortization); requires filing-level confirmation before final use
FAST,2020-02-06,2019-12-31,0000815556,2018-12-31,2457200000.0,2316200000.0,174900000.0,167200000.0,544700000.0,437400000.0,3000000.0,3000000.0,,0.0,148700000.0,RECONSTRUCTED_DA,3799900000.0,3321500000.0,3560700000.0,141000000.0,7700000.0,107300000.0,0.0,0.0,-122700000.0,-0.0344595163872272,AssetsCurrent,AssetsCurrent,CashAndCashEquivalentsAtCarryingValue,CashAndCashEquivalentsAtCarryingValue,LiabilitiesCurrent,LiabilitiesCurrent,LongTermDebtCurrent,DIRECT_OR_AGGREGATED,LongTermDebtCurrent,DIRECT_OR_AGGREGATED,,AccruedIncomeTaxesCurrent,MISSING_CHANGE_ZERO_CONVENTION,,Depreciation + AmortizationOfIntangibleAssets,2020-02-06,0000815556-20-000011 + 0000815556-20-000011,Assets,Assets,WARN,Numeric accruals computed with reconstructed D&A (pure depreciation + intangible amortization); requires filing-level confirmation before final use
FAST,2021-02-08,2020-12-31,0000815556,2019-12-31,2499600000.0,2457200000.0,245700000.0,174900000.0,612700000.0,544700000.0,40000000.0,3000000.0,,0.0,162400000.0,RECONSTRUCTED_DA,3964700000.0,3799900000.0,3882300000.0,42400000.0,70800000.0,68000000.0,37000000.0,0.0,-221800000.0,-0.0571310820905133,AssetsCurrent,AssetsCurrent,CashAndCashEquivalentsAtCarryingValue,CashAndCashEquivalentsAtCarryingValue,LiabilitiesCurrent,LiabilitiesCurrent,LongTermDebtCurrent,DIRECT_OR_AGGREGATED,LongTermDebtCurrent,DIRECT_OR_AGGREGATED,,AccruedIncomeTaxesCurrent,MISSING_CHANGE_ZERO_CONVENTION,,Depreciation + AmortizationOfIntangibleAssets,2021-02-08,0000815556-21-000008 + 0000815556-21-000008,Assets,Assets,WARN,Numeric accruals computed with reconstructed D&A (pure depreciation + intangible amortization); requires filing-level confirmation before final use
FAST,2022-02-07,2021-12-31,0000815556,2020-12-31,2856600000.0,2499600000.0,236200000.0,245700000.0,682200000.0,612700000.0,60000000.0,40000000.0,,0.0,170700000.0,RECONSTRUCTED_DA,4299000000.0,3964700000.0,4131850000.0,357000000.0,-9500000.0,69500000.0,20000000.0,0.0,146300000.0,0.0354078681462299,AssetsCurrent,AssetsCurrent,CashAndCashEquivalentsAtCarryingValue,CashAndCashEquivalentsAtCarryingValue,LiabilitiesCurrent,LiabilitiesCurrent,LongTermDebtCurrent,DIRECT_OR_AGGREGATED,LongTermDebtCurrent,DIRECT_OR_AGGREGATED,,AccruedIncomeTaxesCurrent,MISSING_CHANGE_ZERO_CONVENTION,,Depreciation + AmortizationOfIntangibleAssets,2022-02-07,0000815556-22-000009 + 0000815556-22-000009,Assets,Assets,WARN,Numeric accruals computed with reconstructed D&A (pure depreciation + intangible amortization); requires filing-level confirmation before final use
FAST,2023-02-07,2022-12-31,0000815556,2021-12-31,3124800000.0,2856600000.0,230100000.0,236200000.0,789800000.0,682200000.0,201800000.0,60000000.0,,0.0,176600000.0,RECONSTRUCTED_DA,4548600000.0,4299000000.0,4423800000.0,268200000.0,-6100000.0,107600000.0,141800000.0,0.0,131900000.0,0.0298159952981599,AssetsCurrent,AssetsCurrent,CashAndCashEquivalentsAtCarryingValue,CashAndCashEquivalentsAtCarryingValue,LiabilitiesCurrent,LiabilitiesCurrent,LongTermDebtCurrent,DIRECT_OR_AGGREGATED,LongTermDebtCurrent,DIRECT_OR_AGGREGATED,,AccruedIncomeTaxesCurrent,MISSING_CHANGE_ZERO_CONVENTION,,Depreciation + AmortizationOfIntangibleAssets,2023-02-07,0000815556-23-000009 + 0000815556-23-000009,Assets,Assets,WARN,Numeric accruals computed with reconstructed D&A (pure depreciation + intangible amortization); requires filing-level confirmation before final use
FAST,2024-02-06,2023-12-31,0000815556,2022-12-31,3020900000.0,3124800000.0,221300000.0,230100000.0,661300000.0,789800000.0,60000000.0,201800000.0,,0.0,177300000.0,RECONSTRUCTED_DA,4462900000.0,4548600000.0,4505750000.0,-103900000.0,-8800000.0,-128500000.0,-141800000.0,0.0,-285700000.0,-0.0634078677245741,AssetsCurrent,AssetsCurrent,CashAndCashEquivalentsAtCarryingValue,CashAndCashEquivalentsAtCarryingValue,LiabilitiesCurrent,LiabilitiesCurrent,LongTermDebtCurrent,DIRECT_OR_AGGREGATED,LongTermDebtCurrent,DIRECT_OR_AGGREGATED,,AccruedIncomeTaxesCurrent,MISSING_CHANGE_ZERO_CONVENTION,,Depreciation + AmortizationOfIntangibleAssets,2024-02-06,0000815556-24-000009 + 0000815556-24-000009,Assets,Assets,WARN,Numeric accruals computed with reconstructed D&A (pure depreciation + intangible amortization); requires filing-level confirmation before final use
FIX,2016-02-23,2015-12-31,0001035983,2014-12-31,424273000.0,393769000.0,56464000.0,32064000.0,305391000.0,282336000.0,1251000.0,317000.0,,,23416000.0,RECONSTRUCTED_DA,691594000.0,655942000.0,673768000.0,30504000.0,24400000.0,23055000.0,934000.0,0.0,-39433000.0,-0.0585260801937759,AssetsCurrent,AssetsCurrent,CashAndCashEquivalentsAtCarryingValue,CashAndCashEquivalentsAtCarryingValue,LiabilitiesCurrent,LiabilitiesCurrent,LongTermDebtAndCapitalLeaseObligationsCurrent + ShortTermBorrowings,DIRECT_OR_AGGREGATED,DebtCurrent,DIRECT_OR_AGGREGATED,,,MISSING_CHANGE_ZERO_CONVENTION,,Depreciation + AmortizationOfIntangibleAssets,2016-02-23,0001047469-16-010332 + 0001047469-16-010332,Assets,Assets,WARN,Numeric accruals computed with reconstructed D&A (pure depreciation + intangible amortization); requires filing-level confirmation before final use
FIX,2017-02-23,2016-12-31,0001035983,2015-12-31,415957000.0,424273000.0,32074000.0,56464000.0,317681000.0,305391000.0,600000.0,1000000.0,,,26166000.0,RECONSTRUCTED_DA,708903000.0,691594000.0,700248500.0,-8316000.0,-24390000.0,12290000.0,-400000.0,0.0,-22782000.0,-0.0325341646572609,AssetsCurrent,AssetsCurrent,CashAndCashEquivalentsAtCarryingValue,CashAndCashEquivalentsAtCarryingValue,LiabilitiesCurrent,LiabilitiesCurrent,LongTermDebtCurrent,DIRECT_OR_AGGREGATED,LongTermDebtCurrent + ShortTermBorrowings,DIRECT_OR_AGGREGATED,,,MISSING_CHANGE_ZERO_CONVENTION,,Depreciation + AmortizationOfIntangibleAssets,2017-02-23,0001558370-17-000882 + 0001558370-17-000882,Assets,Assets,WARN,Numeric accruals computed with reconstructed D&A (pure depreciation + intangible amortization); requires filing-level confirmation before final use
FIX,2018-02-22,2017-12-31,0001035983,2016-12-31,489357000.0,415957000.0,36542000.0,32074000.0,373728000.0,317681000.0,613000.0,600000.0,,,37456000.0,RECONSTRUCTED_DA,881120000.0,708903000.0,795011500.0,73400000.0,4468000.0,56047000.0,13000.0,0.0,-24558000.0,-0.0308901191995335,AssetsCurrent,AssetsCurrent,CashAndCashEquivalentsAtCarryingValue,CashAndCashEquivalentsAtCarryingValue,LiabilitiesCurrent,LiabilitiesCurrent,LongTermDebtCurrent,DIRECT_OR_AGGREGATED,LongTermDebtCurrent,DIRECT_OR_AGGREGATED,,,MISSING_CHANGE_ZERO_CONVENTION,,Depreciation + AmortizationOfIntangibleAssets,2018-02-22,0001558370-18-000936 + 0001558370-18-000936,Assets,Assets,WARN,Numeric accruals computed with reconstructed D&A (pure depreciation + intangible amortization); requires filing-level confirmation before final use
FIX,2019-02-21,2018-12-31,0001035983,2017-12-31,609700000.0,489357000.0,45620000.0,36542000.0,467058000.0,373728000.0,3279000.0,613000.0,,,42689000.0,RECONSTRUCTED_DA,1062564000.0,881120000.0,971842000.0,120343000.0,9078000.0,93330000.0,2666000.0,0.0,-22088000.0,-0.0227279743003492,AssetsCurrent,AssetsCurrent,CashAndCashEquivalentsAtCarryingValue,CashAndCashEquivalentsAtCarryingValue,LiabilitiesCurrent,LiabilitiesCurrent,LongTermDebtCurrent,DIRECT_OR_AGGREGATED,LongTermDebtCurrent,DIRECT_OR_AGGREGATED,,,MISSING_CHANGE_ZERO_CONVENTION,,Depreciation + AmortizationOfIntangibleAssets,2019-02-21,0001558370-19-000857 + 0001558370-19-000857,Assets,Assets,WARN,Numeric accruals computed with reconstructed D&A (pure depreciation + intangible amortization); requires filing-level confirmation before final use
FIX,2020-02-26,2019-12-31,0001035983,2018-12-31,790184000.0,609700000.0,50788000.0,45620000.0,607997000.0,467058000.0,20817000.0,3279000.0,,,51572000.0,RECONSTRUCTED_DA,1505012000.0,1062564000.0,1283788000.0,180484000.0,5168000.0,140939000.0,17538000.0,0.0,343000.0,0.0002671780698993,AssetsCurrent,AssetsCurrent,CashAndCashEquivalentsAtCarryingValue,CashAndCashEquivalentsAtCarryingValue,LiabilitiesCurrent,LiabilitiesCurrent,LongTermDebtCurrent,DIRECT_OR_AGGREGATED,LongTermDebtCurrent,DIRECT_OR_AGGREGATED,,,MISSING_CHANGE_ZERO_CONVENTION,,Depreciation + AmortizationOfIntangibleAssets,2020-02-26,0001558370-20-001491 + 0001558370-20-001491,Assets,Assets,WARN,Numeric accruals computed with reconstructed D&A (pure depreciation + intangible amortization); requires filing-level confirmation before final use
ITW,2016-02-12,2015-12-31,0000049826,2014-12-31,6720000000.0,7864000000.0,3090000000.0,3990000000.0,2368000000.0,3525000000.0,526000000.0,1476000000.0,57000000.0,64000000.0,475000000.0,RECONSTRUCTED_DA,15729000000.0,17465000000.0,16597000000.0,-1144000000.0,-900000000.0,-1157000000.0,-950000000.0,-7000000.0,-519000000.0,-0.0312707115743809,AssetsCurrent,AssetsCurrent,CashAndCashEquivalentsAtCarryingValue,CashAndCashEquivalentsAtCarryingValue,LiabilitiesCurrent,LiabilitiesCurrent,DebtCurrent,DIRECT_OR_AGGREGATED,DebtCurrent,DIRECT_OR_AGGREGATED,AccruedIncomeTaxesCurrent,AccruedIncomeTaxesCurrent,DIRECT_CHANGE,,Depreciation + AmortizationOfIntangibleAssets,2016-02-12,0000049826-16-000151 + 0000049826-16-000151,Assets,Assets,WARN,Numeric accruals computed with reconstructed D&A (pure depreciation + intangible amortization); requires filing-level confirmation before final use
ITW,2017-02-10,2016-12-31,0000049826,2015-12-31,6123000000.0,6720000000.0,2472000000.0,3090000000.0,2760000000.0,2368000000.0,652000000.0,526000000.0,169000000.0,57000000.0,246000000.0,PURE_DEP_FALLBACK,15201000000.0,15729000000.0,15465000000.0,-597000000.0,-618000000.0,392000000.0,126000000.0,112000000.0,-379000000.0,-0.024506951180084,AssetsCurrent,AssetsCurrent,CashAndCashEquivalentsAtCarryingValue,CashAndCashEquivalentsAtCarryingValue,LiabilitiesCurrent,LiabilitiesCurrent,DebtCurrent,DIRECT_OR_AGGREGATED,DebtCurrent,DIRECT_OR_AGGREGATED,AccruedIncomeTaxesCurrent,AccruedIncomeTaxesCurrent,DIRECT_CHANGE,,Depreciation,2017-02-10,0000049826-17-000022,Assets,Assets,WARN,Numeric accruals computed with pure-depreciation fallback; requires filing-level reconciliation before final use
ITW,2018-02-15,2017-12-31,0000049826,2016-12-31,7278000000.0,6123000000.0,3094000000.0,2472000000.0,3053000000.0,2760000000.0,850000000.0,652000000.0,89000000.0,169000000.0,256000000.0,PURE_DEP_FALLBACK,16780000000.0,15201000000.0,15990500000.0,1155000000.0,622000000.0,293000000.0,198000000.0,-80000000.0,102000000.0,0.0063787874050217,AssetsCurrent,AssetsCurrent,CashAndCashEquivalentsAtCarryingValue,CashAndCashEquivalentsAtCarryingValue,LiabilitiesCurrent,LiabilitiesCurrent,DebtCurrent,DIRECT_OR_AGGREGATED,DebtCurrent,DIRECT_OR_AGGREGATED,AccruedIncomeTaxesCurrent,AccruedIncomeTaxesCurrent,DIRECT_CHANGE,,Depreciation,2018-02-15,0000049826-18-000017,Assets,Assets,WARN,Numeric accruals computed with pure-depreciation fallback; requires filing-level reconciliation before final use
ITW,2019-02-15,2018-12-31,0000049826,2017-12-31,5778000000.0,7278000000.0,1504000000.0,3094000000.0,3542000000.0,3053000000.0,1351000000.0,850000000.0,68000000.0,89000000.0,272000000.0,PURE_DEP_FALLBACK,14870000000.0,16780000000.0,15825000000.0,-1500000000.0,-1590000000.0,489000000.0,501000000.0,-21000000.0,-191000000.0,-0.0120695102685624,AssetsCurrent,AssetsCurrent,CashAndCashEquivalentsAtCarryingValue,CashAndCashEquivalentsAtCarryingValue,LiabilitiesCurrent,LiabilitiesCurrent,DebtCurrent,DIRECT_OR_AGGREGATED,DebtCurrent,DIRECT_OR_AGGREGATED,AccruedIncomeTaxesCurrent,AccruedIncomeTaxesCurrent,DIRECT_CHANGE,,Depreciation,2019-02-15,0000049826-19-000021,Assets,Assets,WARN,Numeric accruals computed with pure-depreciation fallback; requires filing-level reconciliation before final use
ITW,2020-02-14,2019-12-31,0000049826,2018-12-31,6253000000.0,5778000000.0,1981000000.0,1504000000.0,2154000000.0,3542000000.0,4000000.0,1351000000.0,48000000.0,68000000.0,267000000.0,PURE_DEP_FALLBACK,15068000000.0,14870000000.0,14969000000.0,475000000.0,477000000.0,-1388000000.0,-1347000000.0,-20000000.0,-248000000.0,-0.0165675729841672,AssetsCurrent,AssetsCurrent,CashAndCashEquivalentsAtCarryingValue,CashAndCashEquivalentsAtCarryingValue,LiabilitiesCurrent,LiabilitiesCurrent,DebtCurrent,DIRECT_OR_AGGREGATED,DebtCurrent,DIRECT_OR_AGGREGATED,AccruedIncomeTaxesCurrent,AccruedIncomeTaxesCurrent,DIRECT_CHANGE,,Depreciation,2020-02-14,0000049826-20-000020,Assets,Assets,WARN,Numeric accruals computed with pure-depreciation fallback; requires filing-level reconciliation before final use
ITW,2021-02-12,2020-12-31,0000049826,2019-12-31,6523000000.0,6253000000.0,2564000000.0,1981000000.0,2589000000.0,2154000000.0,350000000.0,4000000.0,60000000.0,48000000.0,273000000.0,PURE_DEP_FALLBACK,15612000000.0,15068000000.0,15340000000.0,270000000.0,583000000.0,435000000.0,346000000.0,12000000.0,-663000000.0,-0.0432203389830508,AssetsCurrent,AssetsCurrent,CashAndCashEquivalentsAtCarryingValue,CashAndCashEquivalentsAtCarryingValue,LiabilitiesCurrent,LiabilitiesCurrent,DebtCurrent,DIRECT_OR_AGGREGATED,DebtCurrent,DIRECT_OR_AGGREGATED,AccruedIncomeTaxesCurrent,AccruedIncomeTaxesCurrent,DIRECT_CHANGE,,Depreciation,2021-02-12,0000049826-21-000007,Assets,Assets,WARN,Numeric accruals computed with pure-depreciation fallback; requires filing-level reconciliation before final use
ITW,2022-02-11,2021-12-31,0000049826,2020-12-31,6374000000.0,6523000000.0,1527000000.0,2564000000.0,3470000000.0,2589000000.0,778000000.0,350000000.0,77000000.0,60000000.0,277000000.0,PURE_DEP_FALLBACK,16077000000.0,15612000000.0,15844500000.0,-149000000.0,-1037000000.0,881000000.0,428000000.0,17000000.0,175000000.0,0.0110448420587585,AssetsCurrent,AssetsCurrent,CashAndCashEquivalentsAtCarryingValue,CashAndCashEquivalentsAtCarryingValue,LiabilitiesCurrent,LiabilitiesCurrent,DebtCurrent,DIRECT_OR_AGGREGATED,DebtCurrent,DIRECT_OR_AGGREGATED,AccruedIncomeTaxesCurrent,AccruedIncomeTaxesCurrent,DIRECT_CHANGE,,Depreciation,2022-02-11,0000049826-22-000006,Assets,Assets,WARN,Numeric accruals computed with pure-depreciation fallback; requires filing-level reconciliation before final use
ITW,2023-02-10,2022-12-31,0000049826,2021-12-31,6270000000.0,6374000000.0,708000000.0,1527000000.0,4460000000.0,3470000000.0,1590000000.0,778000000.0,147000000.0,77000000.0,276000000.0,PURE_DEP_FALLBACK,15422000000.0,16077000000.0,15749500000.0,-104000000.0,-819000000.0,990000000.0,812000000.0,70000000.0,331000000.0,0.0210165402076256,AssetsCurrent,AssetsCurrent,CashAndCashEquivalentsAtCarryingValue,CashAndCashEquivalentsAtCarryingValue,LiabilitiesCurrent,LiabilitiesCurrent,DebtCurrent,DIRECT_OR_AGGREGATED,DebtCurrent,DIRECT_OR_AGGREGATED,AccruedIncomeTaxesCurrent,AccruedIncomeTaxesCurrent,DIRECT_CHANGE,,Depreciation,2023-02-10,0000049826-23-000008,Assets,Assets,WARN,Numeric accruals computed with pure-depreciation fallback; requires filing-level reconciliation before final use
ITW,2024-02-09,2023-12-31,0000049826,2022-12-31,6235000000.0,6270000000.0,1065000000.0,708000000.0,4675000000.0,4460000000.0,1825000000.0,1590000000.0,187000000.0,147000000.0,282000000.0,PURE_DEP_FALLBACK,15518000000.0,15422000000.0,15470000000.0,-35000000.0,357000000.0,215000000.0,235000000.0,40000000.0,-614000000.0,-0.0396897220426632,AssetsCurrent,AssetsCurrent,CashAndCashEquivalentsAtCarryingValue,CashAndCashEquivalentsAtCarryingValue,LiabilitiesCurrent,LiabilitiesCurrent,DebtCurrent,DIRECT_OR_AGGREGATED,DebtCurrent,DIRECT_OR_AGGREGATED,AccruedIncomeTaxesCurrent,AccruedIncomeTaxesCurrent,DIRECT_CHANGE,,Depreciation,2024-02-09,0000049826-24-000008,Assets,Assets,WARN,Numeric accruals computed with pure-depreciation fallback; requires filing-level reconciliation before final use
ITW,2025-02-14,2024-12-31,0000049826,2023-12-31,5856000000.0,6235000000.0,948000000.0,1065000000.0,4308000000.0,4675000000.0,1555000000.0,1825000000.0,217000000.0,187000000.0,301000000.0,PURE_DEP_FALLBACK,15067000000.0,15518000000.0,15292500000.0,-379000000.0,-117000000.0,-367000000.0,-270000000.0,30000000.0,-436000000.0,-0.0285107078633316,AssetsCurrent,AssetsCurrent,CashAndCashEquivalentsAtCarryingValue,CashAndCashEquivalentsAtCarryingValue,LiabilitiesCurrent,LiabilitiesCurrent,DebtCurrent,DIRECT_OR_AGGREGATED,DebtCurrent,DIRECT_OR_AGGREGATED,AccruedIncomeTaxesCurrent,AccruedIncomeTaxesCurrent,DIRECT_CHANGE,,Depreciation,2025-02-14,0000049826-25-000007,Assets,Assets,WARN,Numeric accruals computed with pure-depreciation fallback; requires filing-level reconciliation before final use
KEYS,2018-12-18,2018-10-31,0001601046,2017-10-31,2378000000.0,2177000000.0,913000000.0,818000000.0,1462000000.0,819000000.0,499000000.0,10000000.0,18000000.0,7000000.0,307000000.0,RECONSTRUCTED_DA,5824000000.0,5933000000.0,5878500000.0,201000000.0,95000000.0,643000000.0,489000000.0,11000000.0,-344000000.0,-0.0585183295058263,AssetsCurrent,AssetsCurrent,CashAndCashEquivalentsAtCarryingValue,CashAndCashEquivalentsAtCarryingValue,LiabilitiesCurrent,LiabilitiesCurrent,DebtCurrent,DIRECT_OR_AGGREGATED,DebtCurrent,DIRECT_OR_AGGREGATED,AccruedIncomeTaxesCurrent,AccruedIncomeTaxesCurrent,DIRECT_CHANGE,,Depreciation + AmortizationOfIntangibleAssets,2018-12-18,0001601046-18-000030 + 0001601046-18-000030,Assets,Assets,WARN,Numeric accruals computed with reconstructed D&A (pure depreciation + intangible amortization); requires filing-level confirmation before final use
KEYS,2019-12-18,2019-10-31,0001601046,2018-10-31,3215000000.0,2378000000.0,1598000000.0,913000000.0,1003000000.0,1462000000.0,0.0,499000000.0,35000000.0,18000000.0,306000000.0,RECONSTRUCTED_DA,6623000000.0,5824000000.0,6223500000.0,837000000.0,685000000.0,-459000000.0,-499000000.0,17000000.0,-177000000.0,-0.0284405880935165,AssetsCurrent,AssetsCurrent,CashAndCashEquivalentsAtCarryingValue,CashAndCashEquivalentsAtCarryingValue,LiabilitiesCurrent,LiabilitiesCurrent,DebtCurrent,EXPLICIT_ZERO,DebtCurrent,DIRECT_OR_AGGREGATED,AccruedIncomeTaxesCurrent,AccruedIncomeTaxesCurrent,DIRECT_CHANGE,,Depreciation + AmortizationOfIntangibleAssets,2019-12-18,0001601046-19-000110 + 0001601046-19-000110,Assets,Assets,WARN,Numeric accruals computed with reconstructed D&A (pure depreciation + intangible amortization); requires filing-level confirmation before final use
KEYS,2023-12-15,2023-10-31,0001601046,2022-10-31,4809000000.0,4234000000.0,2472000000.0,2042000000.0,2049000000.0,1407000000.0,599000000.0,0.0,49000000.0,58000000.0,210000000.0,RECONSTRUCTED_DA,8683000000.0,8098000000.0,8390500000.0,575000000.0,430000000.0,642000000.0,599000000.0,-9000000.0,-117000000.0,-0.013944341815148,AssetsCurrent,AssetsCurrent,CashAndCashEquivalentsAtCarryingValue,CashAndCashEquivalentsAtCarryingValue,LiabilitiesCurrent,LiabilitiesCurrent,DebtCurrent,DIRECT_OR_AGGREGATED,DebtCurrent,EXPLICIT_ZERO,AccruedIncomeTaxesCurrent,AccruedIncomeTaxesCurrent,DIRECT_CHANGE,,Depreciation + AmortizationOfIntangibleAssets,2023-12-15,0001601046-23-000134 + 0001601046-23-000134,Assets,Assets,WARN,Numeric accruals computed with reconstructed D&A (pure depreciation + intangible amortization); requires filing-level confirmation before final use
KEYS,2024-12-17,2024-10-31,0001601046,2023-10-31,4257000000.0,4809000000.0,1796000000.0,2472000000.0,1427000000.0,2049000000.0,0.0,599000000.0,45000000.0,49000000.0,264000000.0,RECONSTRUCTED_DA,9269000000.0,8683000000.0,8976000000.0,-552000000.0,-676000000.0,-622000000.0,-599000000.0,-4000000.0,-121000000.0,-0.0134803921568627,AssetsCurrent,AssetsCurrent,CashAndCashEquivalentsAtCarryingValue,CashAndCashEquivalentsAtCarryingValue,LiabilitiesCurrent,LiabilitiesCurrent,DebtCurrent,EXPLICIT_ZERO,DebtCurrent,DIRECT_OR_AGGREGATED,AccruedIncomeTaxesCurrent,AccruedIncomeTaxesCurrent,DIRECT_CHANGE,,Depreciation + AmortizationOfIntangibleAssets,2024-12-17,0001601046-24-000159 + 0001601046-24-000159,Assets,Assets,WARN,Numeric accruals computed with reconstructed D&A (pure depreciation + intangible amortization); requires filing-level confirmation before final use
MTD,2020-02-07,2019-12-31,0001037646,2018-12-31,1109647000.0,1045860000.0,207785000.0,178110000.0,754512000.0,734434000.0,55868000.0,49670000.0,69043000.0,73777000.0,54091000.0,RECONSTRUCTED_DA,2789321000.0,2618847000.0,2704084000.0,63787000.0,29675000.0,20078000.0,6198000.0,-4734000.0,-38593000.0,-0.0142721158070533,AssetsCurrent,AssetsCurrent,CashAndCashEquivalentsAtCarryingValue,CashAndCashEquivalentsAtCarryingValue,LiabilitiesCurrent,LiabilitiesCurrent,DebtCurrent,DIRECT_OR_AGGREGATED,DebtCurrent,DIRECT_OR_AGGREGATED,TaxesPayableCurrent,TaxesPayableCurrent,DIRECT_CHANGE,,Depreciation + AmortizationOfIntangibleAssets,2020-02-07,0001037646-20-000005 + 0001037646-20-000005,Assets,Assets,WARN,Numeric accruals computed with reconstructed D&A (pure depreciation + intangible amortization); requires filing-level confirmation before final use
MTD,2021-02-08,2020-12-31,0001037646,2019-12-31,1056904000.0,1109647000.0,94254000.0,207785000.0,840327000.0,754512000.0,50317000.0,55868000.0,89017000.0,69043000.0,57744000.0,RECONSTRUCTED_DA,2814549000.0,2789321000.0,2801935000.0,-52743000.0,-113531000.0,85815000.0,-5551000.0,19974000.0,-68348000.0,-0.0243931425960987,AssetsCurrent,AssetsCurrent,CashAndCashEquivalentsAtCarryingValue,CashAndCashEquivalentsAtCarryingValue,LiabilitiesCurrent,LiabilitiesCurrent,DebtCurrent,DIRECT_OR_AGGREGATED,DebtCurrent,DIRECT_OR_AGGREGATED,TaxesPayableCurrent,TaxesPayableCurrent,DIRECT_CHANGE,,Depreciation + AmortizationOfIntangibleAssets,2021-02-08,0001037646-21-000008 + 0001037646-21-000008,Assets,Assets,WARN,Numeric accruals computed with reconstructed D&A (pure depreciation + intangible amortization); requires filing-level confirmation before final use
MTD,2022-02-11,2021-12-31,0001037646,2020-12-31,1269358000.0,1056904000.0,98564000.0,94254000.0,1146538000.0,840327000.0,101134000.0,50317000.0,134769000.0,89017000.0,67482000.0,RECONSTRUCTED_DA,3326798000.0,2814549000.0,3070673500.0,212454000.0,4310000.0,306211000.0,50817000.0,45752000.0,-68980000.0,-0.0224641271694955,AssetsCurrent,AssetsCurrent,CashAndCashEquivalentsAtCarryingValue,CashAndCashEquivalentsAtCarryingValue,LiabilitiesCurrent,LiabilitiesCurrent,DebtCurrent,DIRECT_OR_AGGREGATED,DebtCurrent,DIRECT_OR_AGGREGATED,TaxesPayableCurrent,TaxesPayableCurrent,DIRECT_CHANGE,,Depreciation + AmortizationOfIntangibleAssets,2022-02-11,0001037646-22-000008 + 0001037646-22-000008,Assets,Assets,WARN,Numeric accruals computed with reconstructed D&A (pure depreciation + intangible amortization); requires filing-level confirmation before final use
MTD,2023-02-10,2022-12-31,0001037646,2021-12-31,1375089000.0,1269358000.0,95966000.0,98564000.0,1147731000.0,1146538000.0,106054000.0,101134000.0,191096000.0,134769000.0,73284000.0,RECONSTRUCTED_DA,3492395000.0,3326798000.0,3409596500.0,105731000.0,-2598000.0,1193000.0,4920000.0,56327000.0,95099000.0,0.027891570160868,AssetsCurrent,AssetsCurrent,CashAndCashEquivalentsAtCarryingValue,CashAndCashEquivalentsAtCarryingValue,LiabilitiesCurrent,LiabilitiesCurrent,DebtCurrent,DIRECT_OR_AGGREGATED,DebtCurrent,DIRECT_OR_AGGREGATED,TaxesPayableCurrent,TaxesPayableCurrent,DIRECT_CHANGE,,Depreciation + AmortizationOfIntangibleAssets,2023-02-10,0001037646-23-000005 + 0001037646-23-000005,Assets,Assets,WARN,Numeric accruals computed with reconstructed D&A (pure depreciation + intangible amortization); requires filing-level confirmation before final use
MTD,2024-02-09,2023-12-31,0001037646,2022-12-31,1230203000.0,1375089000.0,69807000.0,95966000.0,1181082000.0,1147731000.0,192219000.0,106054000.0,219984000.0,191096000.0,76551000.0,RECONSTRUCTED_DA,3355555000.0,3492395000.0,3423975000.0,-144886000.0,-26159000.0,33351000.0,86165000.0,28888000.0,-113576000.0,-0.0331708029410261,AssetsCurrent,AssetsCurrent,CashAndCashEquivalentsAtCarryingValue,CashAndCashEquivalentsAtCarryingValue,LiabilitiesCurrent,LiabilitiesCurrent,DebtCurrent,DIRECT_OR_AGGREGATED,DebtCurrent,DIRECT_OR_AGGREGATED,TaxesPayableCurrent,TaxesPayableCurrent,DIRECT_CHANGE,,Depreciation + AmortizationOfIntangibleAssets,2024-02-09,0001037646-24-000007 + 0001037646-24-000007,Assets,Assets,WARN,Numeric accruals computed with reconstructed D&A (pure depreciation + intangible amortization); requires filing-level confirmation before final use
NKE,2016-07-21,2016-05-31,0000320187,2015-05-31,15025000000.0,15587000000.0,3138000000.0,3852000000.0,5358000000.0,6332000000.0,45000000.0,181000000.0,85000000.0,71000000.0,649000000.0,PURE_DEP_FALLBACK,21396000000.0,21597000000.0,21496500000.0,-562000000.0,-714000000.0,-974000000.0,-136000000.0,14000000.0,355000000.0,0.0165143162840462,AssetsCurrent,AssetsCurrent,CashAndCashEquivalentsAtCarryingValue,CashAndCashEquivalentsAtCarryingValue,LiabilitiesCurrent,LiabilitiesCurrent,LongTermDebtCurrent + ShortTermBorrowings,DIRECT_OR_AGGREGATED,LongTermDebtCurrent + ShortTermBorrowings,DIRECT_OR_AGGREGATED,AccruedIncomeTaxesCurrent,AccruedIncomeTaxesCurrent,DIRECT_CHANGE,,Depreciation,2016-07-21,0000320187-16-000336,Assets,Assets,WARN,Numeric accruals computed with pure-depreciation fallback; requires filing-level reconciliation before final use
NKE,2017-07-20,2017-05-31,0000320187,2016-05-31,16061000000.0,15025000000.0,3808000000.0,3138000000.0,5474000000.0,5358000000.0,331000000.0,45000000.0,84000000.0,85000000.0,706000000.0,PURE_DEP_FALLBACK,23259000000.0,21379000000.0,22319000000.0,1036000000.0,670000000.0,116000000.0,286000000.0,-1000000.0,-171000000.0,-0.0076616335857341,AssetsCurrent,AssetsCurrent,CashAndCashEquivalentsAtCarryingValue,CashAndCashEquivalentsAtCarryingValue,LiabilitiesCurrent,LiabilitiesCurrent,LongTermDebtCurrent + ShortTermBorrowings,DIRECT_OR_AGGREGATED,LongTermDebtCurrent + ShortTermBorrowings,DIRECT_OR_AGGREGATED,AccruedIncomeTaxesCurrent,AccruedIncomeTaxesCurrent,DIRECT_CHANGE,,Depreciation,2017-07-20,0000320187-17-000090,Assets,Assets,WARN,Numeric accruals computed with pure-depreciation fallback; requires filing-level reconciliation before final use
NKE,2018-07-25,2018-05-31,0000320187,2017-05-31,15134000000.0,16061000000.0,4249000000.0,3808000000.0,6040000000.0,5474000000.0,342000000.0,331000000.0,150000000.0,84000000.0,747000000.0,PURE_DEP_FALLBACK,22536000000.0,23259000000.0,22897500000.0,-927000000.0,441000000.0,566000000.0,11000000.0,66000000.0,-2604000000.0,-0.1137242056993121,AssetsCurrent,AssetsCurrent,CashAndCashEquivalentsAtCarryingValue,CashAndCashEquivalentsAtCarryingValue,LiabilitiesCurrent,LiabilitiesCurrent,LongTermDebtCurrent + ShortTermBorrowings,DIRECT_OR_AGGREGATED,LongTermDebtCurrent + ShortTermBorrowings,DIRECT_OR_AGGREGATED,AccruedIncomeTaxesCurrent,AccruedIncomeTaxesCurrent,DIRECT_CHANGE,,Depreciation,2018-07-25,0000320187-18-000142,Assets,Assets,WARN,Numeric accruals computed with pure-depreciation fallback; requires filing-level reconciliation before final use
NKE,2019-07-23,2019-05-31,0000320187,2018-05-31,16525000000.0,15134000000.0,4466000000.0,4249000000.0,7866000000.0,6040000000.0,15000000.0,342000000.0,229000000.0,150000000.0,705000000.0,PURE_DEP_FALLBACK,23717000000.0,22536000000.0,23126500000.0,1391000000.0,217000000.0,1826000000.0,-327000000.0,79000000.0,-1605000000.0,-0.0694009037251637,AssetsCurrent,AssetsCurrent,CashAndCashEquivalentsAtCarryingValue,CashAndCashEquivalentsAtCarryingValue,LiabilitiesCurrent,LiabilitiesCurrent,LongTermDebtCurrent + ShortTermBorrowings,DIRECT_OR_AGGREGATED,LongTermDebtCurrent + ShortTermBorrowings,DIRECT_OR_AGGREGATED,AccruedIncomeTaxesCurrent,AccruedIncomeTaxesCurrent,DIRECT_CHANGE,,Depreciation,2019-07-23,0000320187-19-000051,Assets,Assets,WARN,Numeric accruals computed with pure-depreciation fallback; requires filing-level reconciliation before final use
NKE,2020-07-24,2020-05-31,0000320187,2019-05-31,20556000000.0,16525000000.0,8348000000.0,4466000000.0,8284000000.0,7866000000.0,251000000.0,15000000.0,156000000.0,229000000.0,721000000.0,PURE_DEP_FALLBACK,31342000000.0,23717000000.0,27529500000.0,4031000000.0,3882000000.0,418000000.0,236000000.0,-73000000.0,-827000000.0,-0.030040502006938,AssetsCurrent,AssetsCurrent,CashAndCashEquivalentsAtCarryingValue,CashAndCashEquivalentsAtCarryingValue,LiabilitiesCurrent,LiabilitiesCurrent,LongTermDebtCurrent + ShortTermBorrowings,DIRECT_OR_AGGREGATED,LongTermDebtCurrent + ShortTermBorrowings,DIRECT_OR_AGGREGATED,AccruedIncomeTaxesCurrent,AccruedIncomeTaxesCurrent,DIRECT_CHANGE,,Depreciation,2020-07-24,0000320187-20-000047,Assets,Assets,WARN,Numeric accruals computed with pure-depreciation fallback; requires filing-level reconciliation before final use
NKE,2021-07-20,2021-05-31,0000320187,2020-05-31,26291000000.0,20556000000.0,9889000000.0,8348000000.0,9674000000.0,8284000000.0,2000000.0,251000000.0,306000000.0,156000000.0,744000000.0,PURE_DEP_FALLBACK,37740000000.0,31342000000.0,34541000000.0,5735000000.0,1541000000.0,1390000000.0,-249000000.0,150000000.0,1961000000.0,0.0567731102168437,AssetsCurrent,AssetsCurrent,CashAndCashEquivalentsAtCarryingValue,CashAndCashEquivalentsAtCarryingValue,LiabilitiesCurrent,LiabilitiesCurrent,LongTermDebtCurrent + ShortTermBorrowings,DIRECT_OR_AGGREGATED,LongTermDebtCurrent + ShortTermBorrowings,DIRECT_OR_AGGREGATED,AccruedIncomeTaxesCurrent,AccruedIncomeTaxesCurrent,DIRECT_CHANGE,,Depreciation,2021-07-20,0000320187-21-000028,Assets,Assets,WARN,Numeric accruals computed with pure-depreciation fallback; requires filing-level reconciliation before final use
NKE,2022-07-21,2022-05-31,0000320187,2021-05-31,28213000000.0,26291000000.0,8574000000.0,9889000000.0,10730000000.0,9674000000.0,510000000.0,2000000.0,222000000.0,306000000.0,717000000.0,PURE_DEP_FALLBACK,40321000000.0,37740000000.0,39030500000.0,1922000000.0,-1315000000.0,1056000000.0,508000000.0,-84000000.0,1888000000.0,0.048372426691946,AssetsCurrent,AssetsCurrent,CashAndCashEquivalentsAtCarryingValue,CashAndCashEquivalentsAtCarryingValue,LiabilitiesCurrent,LiabilitiesCurrent,LongTermDebtCurrent + ShortTermBorrowings,DIRECT_OR_AGGREGATED,LongTermDebtCurrent + ShortTermBorrowings,DIRECT_OR_AGGREGATED,AccruedIncomeTaxesCurrent,AccruedIncomeTaxesCurrent,DIRECT_CHANGE,,Depreciation,2022-07-21,0000320187-22-000038,Assets,Assets,WARN,Numeric accruals computed with pure-depreciation fallback; requires filing-level reconciliation before final use
NKE,2023-07-20,2023-05-31,0000320187,2022-05-31,25202000000.0,28213000000.0,7441000000.0,8574000000.0,9256000000.0,10730000000.0,6000000.0,510000000.0,240000000.0,222000000.0,703000000.0,PURE_DEP_FALLBACK,37531000000.0,40321000000.0,38926000000.0,-3011000000.0,-1133000000.0,-1474000000.0,-504000000.0,18000000.0,-1593000000.0,-0.0409238041411909,AssetsCurrent,AssetsCurrent,CashAndCashEquivalentsAtCarryingValue,CashAndCashEquivalentsAtCarryingValue,LiabilitiesCurrent,LiabilitiesCurrent,LongTermDebtCurrent + ShortTermBorrowings,DIRECT_OR_AGGREGATED,LongTermDebtCurrent + ShortTermBorrowings,DIRECT_OR_AGGREGATED,AccruedIncomeTaxesCurrent,AccruedIncomeTaxesCurrent,DIRECT_CHANGE,,Depreciation,2023-07-20,0000320187-23-000039,Assets,Assets,WARN,Numeric accruals computed with pure-depreciation fallback; requires filing-level reconciliation before final use
NKE,2024-07-25,2024-05-31,0000320187,2023-05-31,25382000000.0,25202000000.0,9860000000.0,7441000000.0,10593000000.0,9256000000.0,1006000000.0,6000000.0,534000000.0,240000000.0,796000000.0,PURE_DEP_FALLBACK,38110000000.0,37531000000.0,37820500000.0,180000000.0,2419000000.0,1337000000.0,1000000000.0,294000000.0,-3078000000.0,-0.0813844343676048,AssetsCurrent,AssetsCurrent,CashAndCashEquivalentsAtCarryingValue,CashAndCashEquivalentsAtCarryingValue,LiabilitiesCurrent,LiabilitiesCurrent,LongTermDebtCurrent + ShortTermBorrowings,DIRECT_OR_AGGREGATED,LongTermDebtCurrent + ShortTermBorrowings,DIRECT_OR_AGGREGATED,AccruedIncomeTaxesCurrent,AccruedIncomeTaxesCurrent,DIRECT_CHANGE,,Depreciation,2024-07-25,0000320187-24-000044,Assets,Assets,WARN,Numeric accruals computed with pure-depreciation fallback; requires filing-level reconciliation before final use
NUE,2016-02-26,2015-12-31,0000073309,2014-12-31,5754380000.0,6441888000.0,1939469000.0,1024144000.0,1385173000.0,2097776000.0,51315000.0,223811000.0,,,700057000.0,RECONSTRUCTED_DA,14250399000.0,15615927000.0,14933163000.0,-687508000.0,915325000.0,-712603000.0,-172496000.0,0.0,-1762783000.0,-0.1180448509133664,AssetsCurrent,AssetsCurrent,CashAndCashEquivalentsAtCarryingValue,CashAndCashEquivalentsAtCarryingValue,LiabilitiesCurrent,LiabilitiesCurrent,ShortTermBorrowings,DIRECT_OR_AGGREGATED,LongTermDebtCurrent + ShortTermBorrowings,DIRECT_OR_AGGREGATED,,,MISSING_CHANGE_ZERO_CONVENTION,,Depreciation + AmortizationOfIntangibleAssets,2016-02-26,0001193125-16-481119 + 0001193125-16-481119,Assets,Assets,WARN,Numeric accruals computed with reconstructed D&A (pure depreciation + intangible amortization); requires filing-level confirmation before final use
NUE,2017-02-28,2016-12-31,0000073309,2015-12-31,6506393000.0,5854405000.0,2045961000.0,1939469000.0,2389966000.0,1385173000.0,617959000.0,51315000.0,,,687092000.0,RECONSTRUCTED_DA,15223518000.0,14326969000.0,14775243500.0,651988000.0,106492000.0,1004793000.0,566644000.0,0.0,-579745000.0,-0.0392375936139394,AssetsCurrent,AssetsCurrent,CashAndCashEquivalentsAtCarryingValue,CashAndCashEquivalentsAtCarryingValue,LiabilitiesCurrent,LiabilitiesCurrent,LongTermDebtCurrent + ShortTermBorrowings,DIRECT_OR_AGGREGATED,ShortTermBorrowings,DIRECT_OR_AGGREGATED,,,MISSING_CHANGE_ZERO_CONVENTION,,Depreciation + AmortizationOfIntangibleAssets,2017-02-28,0001193125-17-062124 + 0001193125-17-062124,Assets,Assets,WARN,Numeric accruals computed with reconstructed D&A (pure depreciation + intangible amortization); requires filing-level confirmation before final use
NUE,2018-02-28,2017-12-31,0000073309,2016-12-31,6824420000.0,6506393000.0,949104000.0,2045961000.0,2824764000.0,2389966000.0,552833000.0,617959000.0,,,727033000.0,RECONSTRUCTED_DA,15841258000.0,15223518000.0,15532388000.0,318027000.0,-1096857000.0,434798000.0,-65126000.0,0.0,187927000.0,0.0120990410489359,AssetsCurrent,AssetsCurrent,CashAndCashEquivalentsAtCarryingValue,CashAndCashEquivalentsAtCarryingValue,LiabilitiesCurrent,LiabilitiesCurrent,LongTermDebtCurrent + ShortTermBorrowings,DIRECT_OR_AGGREGATED,LongTermDebtCurrent + ShortTermBorrowings,DIRECT_OR_AGGREGATED,,,MISSING_CHANGE_ZERO_CONVENTION,,Depreciation + AmortizationOfIntangibleAssets,2018-02-28,0001193125-18-064018 + 0001193125-18-064018,Assets,Assets,WARN,Numeric accruals computed with reconstructed D&A (pure depreciation + intangible amortization); requires filing-level confirmation before final use
NUE,2019-02-28,2018-12-31,0000073309,2017-12-31,8636265000.0,6824420000.0,1398886000.0,949104000.0,2806300000.0,2824764000.0,57870000.0,552833000.0,,,719679000.0,RECONSTRUCTED_DA,17920588000.0,15841258000.0,16880923000.0,1811845000.0,449782000.0,-18464000.0,-494963000.0,0.0,165885000.0,0.0098267730976558,AssetsCurrent,AssetsCurrent,CashAndCashEquivalentsAtCarryingValue,CashAndCashEquivalentsAtCarryingValue,LiabilitiesCurrent,LiabilitiesCurrent,ShortTermBorrowings,DIRECT_OR_AGGREGATED,LongTermDebtCurrent + ShortTermBorrowings,DIRECT_OR_AGGREGATED,,,MISSING_CHANGE_ZERO_CONVENTION,,Depreciation + AmortizationOfIntangibleAssets,2019-02-28,0001193125-19-057744 + 0001193125-19-057744,Assets,Assets,WARN,Numeric accruals computed with reconstructed D&A (pure depreciation + intangible amortization); requires filing-level confirmation before final use
NUE,2020-02-28,2019-12-31,0000073309,2018-12-31,8226370000.0,8636265000.0,1534605000.0,1398886000.0,2463774000.0,2806300000.0,91708000.0,57870000.0,,,734611000.0,RECONSTRUCTED_DA,18344666000.0,17920588000.0,18132627000.0,-409895000.0,135719000.0,-342526000.0,33838000.0,0.0,-903861000.0,-0.0498472173943687,AssetsCurrent,AssetsCurrent,CashAndCashEquivalentsAtCarryingValue,CashAndCashEquivalentsAtCarryingValue,LiabilitiesCurrent,LiabilitiesCurrent,LongTermDebtCurrent + ShortTermBorrowings + FinanceLeaseLiabilityCurrent,DIRECT_OR_AGGREGATED,ShortTermBorrowings,DIRECT_OR_AGGREGATED,,,MISSING_CHANGE_ZERO_CONVENTION,,Depreciation + AmortizationOfIntangibleAssets,2020-02-28,0001564590-20-007794 + 0001564590-20-007794,Assets,Assets,WARN,Numeric accruals computed with reconstructed D&A (pure depreciation + intangible amortization); requires filing-level confirmation before final use
NUE,2021-02-26,2020-12-31,0000073309,2019-12-31,9488662000.0,8226370000.0,2639671000.0,1534605000.0,2627860000.0,2463774000.0,68791000.0,91708000.0,,,785510000.0,RECONSTRUCTED_DA,20125394000.0,18344666000.0,19235030000.0,1262292000.0,1105066000.0,164086000.0,-22917000.0,0.0,-815287000.0,-0.0423855330612949,AssetsCurrent,AssetsCurrent,CashAndCashEquivalentsAtCarryingValue,CashAndCashEquivalentsAtCarryingValue,LiabilitiesCurrent,LiabilitiesCurrent,LongTermDebtAndCapitalLeaseObligationsCurrent + ShortTermBorrowings,DIRECT_OR_AGGREGATED,LongTermDebtCurrent + ShortTermBorrowings + FinanceLeaseLiabilityCurrent,DIRECT_OR_AGGREGATED,,,MISSING_CHANGE_ZERO_CONVENTION,,Depreciation + AmortizationOfIntangibleAssets,2021-02-26,0001564590-21-009503 + 0001564590-21-009503,Assets,Assets,WARN,Numeric accruals computed with reconstructed D&A (pure depreciation + intangible amortization); requires filing-level confirmation before final use
NUE,2022-02-28,2021-12-31,0000073309,2020-12-31,12799557000.0,9488662000.0,2364858000.0,2639671000.0,5157413000.0,2627860000.0,723401000.0,68791000.0,,,864606000.0,RECONSTRUCTED_DA,25823072000.0,20125394000.0,22974233000.0,3310895000.0,-274813000.0,2529553000.0,654610000.0,0.0,846159000.0,0.0368307834259363,AssetsCurrent,AssetsCurrent,CashAndCashEquivalentsAtCarryingValue,CashAndCashEquivalentsAtCarryingValue,LiabilitiesCurrent,LiabilitiesCurrent,LongTermDebtCurrent + ShortTermBorrowings + FinanceLeaseLiabilityCurrent,DIRECT_OR_AGGREGATED,LongTermDebtAndCapitalLeaseObligationsCurrent + ShortTermBorrowings,DIRECT_OR_AGGREGATED,,,MISSING_CHANGE_ZERO_CONVENTION,,Depreciation + AmortizationOfIntangibleAssets,2022-02-28,0001564590-22-007679 + 0001564590-22-007679,Assets,Assets,WARN,Numeric accruals computed with reconstructed D&A (pure depreciation + intangible amortization); requires filing-level confirmation before final use
NUE,2023-03-01,2022-12-31,0000073309,2021-12-31,14691684000.0,12799557000.0,4280852000.0,2364858000.0,4329744000.0,5157413000.0,77663000.0,723401000.0,,0.0,1061592000.0,RECONSTRUCTED_DA,32479210000.0,25823072000.0,29151141000.0,1892127000.0,1915994000.0,-827669000.0,-645738000.0,0.0,-903528000.0,-0.0309946015492155,AssetsCurrent,AssetsCurrent,CashAndCashEquivalentsAtCarryingValue,CashAndCashEquivalentsAtCarryingValue,LiabilitiesCurrent,LiabilitiesCurrent,LongTermDebtCurrent + ShortTermBorrowings + FinanceLeaseLiabilityCurrent,DIRECT_OR_AGGREGATED,LongTermDebtCurrent + ShortTermBorrowings + FinanceLeaseLiabilityCurrent,DIRECT_OR_AGGREGATED,,AccruedIncomeTaxesCurrent,MISSING_CHANGE_ZERO_CONVENTION,,Depreciation + AmortizationOfIntangibleAssets,2023-03-01,0001564590-23-002793 + 0001564590-23-002793,Assets,Assets,WARN,Numeric accruals computed with reconstructed D&A (pure depreciation + intangible amortization); requires filing-level confirmation before final use
NUE,2024-02-27,2023-12-31,0000073309,2022-12-31,16385858000.0,14691684000.0,6383298000.0,4280852000.0,4594509000.0,4329744000.0,193313000.0,77663000.0,,,1168285000.0,RECONSTRUCTED_DA,35340499000.0,32479210000.0,33909854500.0,1694174000.0,2102446000.0,264765000.0,115650000.0,0.0,-1725672000.0,-0.050889985387581,AssetsCurrent,AssetsCurrent,CashAndCashEquivalentsAtCarryingValue,CashAndCashEquivalentsAtCarryingValue,LiabilitiesCurrent,LiabilitiesCurrent,LongTermDebtCurrent + ShortTermBorrowings + FinanceLeaseLiabilityCurrent,DIRECT_OR_AGGREGATED,LongTermDebtCurrent + ShortTermBorrowings + FinanceLeaseLiabilityCurrent,DIRECT_OR_AGGREGATED,,,MISSING_CHANGE_ZERO_CONVENTION,,Depreciation + AmortizationOfIntangibleAssets,2024-02-27,0000950170-24-021195 + 0000950170-24-021195,Assets,Assets,WARN,Numeric accruals computed with reconstructed D&A (pure depreciation + intangible amortization); requires filing-level confirmation before final use
NUE,2025-02-27,2024-12-31,0000073309,2023-12-31,12475000000.0,16386000000.0,3558000000.0,6383000000.0,4977000000.0,4595000000.0,1267000000.0,193000000.0,,,1356000000.0,RECONSTRUCTED_DA,33940000000.0,35340000000.0,34640000000.0,-3911000000.0,-2825000000.0,382000000.0,1074000000.0,0.0,-1750000000.0,-0.0505196304849884,AssetsCurrent,AssetsCurrent,CashAndCashEquivalentsAtCarryingValue,CashAndCashEquivalentsAtCarryingValue,LiabilitiesCurrent,LiabilitiesCurrent,LongTermDebtCurrent + ShortTermBorrowings + FinanceLeaseLiabilityCurrent,DIRECT_OR_AGGREGATED,LongTermDebtCurrent + ShortTermBorrowings + FinanceLeaseLiabilityCurrent,DIRECT_OR_AGGREGATED,,,MISSING_CHANGE_ZERO_CONVENTION,,Depreciation + AmortizationOfIntangibleAssets,2025-02-27,0000950170-25-028427 + 0000950170-25-028427,Assets,Assets,WARN,Numeric accruals computed with reconstructed D&A (pure depreciation + intangible amortization); requires filing-level confirmation before final use
ORCL,2016-06-22,2016-05-31,0001341439,2015-05-31,64313000000.0,62520000000.0,20152000000.0,21716000000.0,17208000000.0,15206000000.0,3750000000.0,1999000000.0,,532000000.0,2509000000.0,RECONSTRUCTED_DA,112180000000.0,110903000000.0,111541500000.0,1793000000.0,-1564000000.0,2002000000.0,1751000000.0,0.0,597000000.0,0.0053522679899409,AssetsCurrent,AssetsCurrent,CashAndCashEquivalentsAtCarryingValue,CashAndCashEquivalentsAtCarryingValue,LiabilitiesCurrent,LiabilitiesCurrent,DebtCurrent,DIRECT_OR_AGGREGATED,DebtCurrent,DIRECT_OR_AGGREGATED,,AccruedIncomeTaxesCurrent,MISSING_CHANGE_ZERO_CONVENTION,,Depreciation + AmortizationOfIntangibleAssets,2016-06-22,0001193125-16-628942 + 0001193125-16-628942,Assets,Assets,WARN,Numeric accruals computed with reconstructed D&A (pure depreciation + intangible amortization); requires filing-level confirmation before final use
ORCL,2017-06-27,2017-05-31,0001341439,2016-05-31,74515000000.0,64313000000.0,21784000000.0,20152000000.0,24178000000.0,17208000000.0,9797000000.0,3750000000.0,,,2451000000.0,RECONSTRUCTED_DA,134991000000.0,112180000000.0,123585500000.0,10202000000.0,1632000000.0,6970000000.0,6047000000.0,0.0,5196000000.0,0.0420437672704322,AssetsCurrent,AssetsCurrent,CashAndCashEquivalentsAtCarryingValue,CashAndCashEquivalentsAtCarryingValue,LiabilitiesCurrent,LiabilitiesCurrent,DebtCurrent,DIRECT_OR_AGGREGATED,DebtCurrent,DIRECT_OR_AGGREGATED,,,MISSING_CHANGE_ZERO_CONVENTION,,Depreciation + AmortizationOfIntangibleAssets,2017-06-27,0001193125-17-214833 + 0001193125-17-214833,Assets,Assets,WARN,Numeric accruals computed with reconstructed D&A (pure depreciation + intangible amortization); requires filing-level confirmation before final use
ORCL,2018-06-22,2018-05-31,0001341439,2017-05-31,75964000000.0,74515000000.0,21620000000.0,21784000000.0,19195000000.0,24178000000.0,4491000000.0,9797000000.0,,,2785000000.0,RECONSTRUCTED_DA,137264000000.0,134991000000.0,136127500000.0,1449000000.0,-164000000.0,-4983000000.0,-5306000000.0,0.0,-1495000000.0,-0.0109823511046629,AssetsCurrent,AssetsCurrent,CashAndCashEquivalentsAtCarryingValue,CashAndCashEquivalentsAtCarryingValue,LiabilitiesCurrent,LiabilitiesCurrent,DebtCurrent,DIRECT_OR_AGGREGATED,DebtCurrent,DIRECT_OR_AGGREGATED,,,MISSING_CHANGE_ZERO_CONVENTION,,Depreciation + AmortizationOfIntangibleAssets,2018-06-22,0001193125-18-201034 + 0001193125-18-201034,Assets,Assets,WARN,Numeric accruals computed with reconstructed D&A (pure depreciation + intangible amortization); requires filing-level confirmation before final use
ORCL,2019-06-21,2019-05-31,0001341439,2018-05-31,46386000000.0,76159000000.0,20514000000.0,21620000000.0,18630000000.0,19124000000.0,4494000000.0,4491000000.0,,,2919000000.0,RECONSTRUCTED_DA,108709000000.0,137851000000.0,123280000000.0,-29773000000.0,-1106000000.0,-494000000.0,3000000.0,0.0,-31089000000.0,-0.2521820246593121,AssetsCurrent,AssetsCurrent,CashAndCashEquivalentsAtCarryingValue,CashAndCashEquivalentsAtCarryingValue,LiabilitiesCurrent,LiabilitiesCurrent,DebtCurrent,DIRECT_OR_AGGREGATED,DebtCurrent,DIRECT_OR_AGGREGATED,,,MISSING_CHANGE_ZERO_CONVENTION,,Depreciation + AmortizationOfIntangibleAssets,2019-06-21,0001564590-19-023119 + 0001564590-19-023119,Assets,Assets,WARN,Numeric accruals computed with reconstructed D&A (pure depreciation + intangible amortization); requires filing-level confirmation before final use
ORCL,2020-06-22,2020-05-31,0001341439,2019-05-31,52140000000.0,46386000000.0,37239000000.0,20514000000.0,17200000000.0,18630000000.0,2371000000.0,4494000000.0,,,2968000000.0,RECONSTRUCTED_DA,115438000000.0,108709000000.0,112073500000.0,5754000000.0,16725000000.0,-1430000000.0,-2123000000.0,0.0,-14632000000.0,-0.1305571789941422,AssetsCurrent,AssetsCurrent,CashAndCashEquivalentsAtCarryingValue,CashAndCashEquivalentsAtCarryingValue,LiabilitiesCurrent,LiabilitiesCurrent,DebtCurrent,DIRECT_OR_AGGREGATED,DebtCurrent,DIRECT_OR_AGGREGATED,,,MISSING_CHANGE_ZERO_CONVENTION,,Depreciation + AmortizationOfIntangibleAssets,2020-06-22,0001564590-20-030125 + 0001564590-20-030125,Assets,Assets,WARN,Numeric accruals computed with reconstructed D&A (pure depreciation + intangible amortization); requires filing-level confirmation before final use
ORCL,2021-06-21,2021-05-31,0001341439,2020-05-31,55567000000.0,52140000000.0,30098000000.0,37239000000.0,24164000000.0,17200000000.0,8250000000.0,2371000000.0,,,2916000000.0,RECONSTRUCTED_DA,131107000000.0,115438000000.0,123272500000.0,3427000000.0,-7141000000.0,6964000000.0,5879000000.0,0.0,6567000000.0,0.053272222109554,AssetsCurrent,AssetsCurrent,CashAndCashEquivalentsAtCarryingValue,CashAndCashEquivalentsAtCarryingValue,LiabilitiesCurrent,LiabilitiesCurrent,DebtCurrent,DIRECT_OR_AGGREGATED,DebtCurrent,DIRECT_OR_AGGREGATED,,,MISSING_CHANGE_ZERO_CONVENTION,,Depreciation + AmortizationOfIntangibleAssets,2021-06-21,0001564590-21-033616 + 0001564590-21-033616,Assets,Assets,WARN,Numeric accruals computed with reconstructed D&A (pure depreciation + intangible amortization); requires filing-level confirmation before final use
ORCL,2022-06-21,2022-05-31,0001341439,2021-05-31,31633000000.0,55567000000.0,21383000000.0,30098000000.0,19511000000.0,24164000000.0,3749000000.0,8250000000.0,,,3122000000.0,RECONSTRUCTED_DA,109297000000.0,131107000000.0,120202000000.0,-23934000000.0,-8715000000.0,-4653000000.0,-4501000000.0,0.0,-18189000000.0,-0.1513202775328197,AssetsCurrent,AssetsCurrent,CashAndCashEquivalentsAtCarryingValue,CashAndCashEquivalentsAtCarryingValue,LiabilitiesCurrent,LiabilitiesCurrent,DebtCurrent,DIRECT_OR_AGGREGATED,DebtCurrent,DIRECT_OR_AGGREGATED,,,MISSING_CHANGE_ZERO_CONVENTION,,Depreciation + AmortizationOfIntangibleAssets,2022-06-21,0001564590-22-023675 + 0001564590-22-023675,Assets,Assets,WARN,Numeric accruals computed with reconstructed D&A (pure depreciation + intangible amortization); requires filing-level confirmation before final use
ORCL,2023-06-20,2023-05-31,0001341439,2022-05-31,21004000000.0,31633000000.0,9765000000.0,21383000000.0,23090000000.0,19511000000.0,4061000000.0,3749000000.0,,,6108000000.0,RECONSTRUCTED_DA,134384000000.0,109297000000.0,121840500000.0,-10629000000.0,-11618000000.0,3579000000.0,312000000.0,0.0,-8386000000.0,-0.068827688658533,AssetsCurrent,AssetsCurrent,CashAndCashEquivalentsAtCarryingValue,CashAndCashEquivalentsAtCarryingValue,LiabilitiesCurrent,LiabilitiesCurrent,DebtCurrent,DIRECT_OR_AGGREGATED,DebtCurrent,DIRECT_OR_AGGREGATED,,,MISSING_CHANGE_ZERO_CONVENTION,,Depreciation + AmortizationOfIntangibleAssets,2023-06-20,0000950170-23-028914 + 0000950170-23-028914,Assets,Assets,WARN,Numeric accruals computed with reconstructed D&A (pure depreciation + intangible amortization); requires filing-level confirmation before final use
ORCL,2024-06-20,2024-05-31,0001341439,2023-05-31,22554000000.0,21004000000.0,10454000000.0,9765000000.0,31544000000.0,23090000000.0,10605000000.0,4061000000.0,,,6139000000.0,RECONSTRUCTED_DA,140976000000.0,134384000000.0,137680000000.0,1550000000.0,689000000.0,8454000000.0,6544000000.0,0.0,-7188000000.0,-0.0522080185938407,AssetsCurrent,AssetsCurrent,CashAndCashEquivalentsAtCarryingValue,CashAndCashEquivalentsAtCarryingValue,LiabilitiesCurrent,LiabilitiesCurrent,DebtCurrent,DIRECT_OR_AGGREGATED,DebtCurrent,DIRECT_OR_AGGREGATED,,,MISSING_CHANGE_ZERO_CONVENTION,,Depreciation + AmortizationOfIntangibleAssets,2024-06-20,0000950170-24-075605 + 0000950170-24-075605,Assets,Assets,WARN,Numeric accruals computed with reconstructed D&A (pure depreciation + intangible amortization); requires filing-level confirmation before final use
ORCL,2025-06-18,2025-05-31,0001341439,2024-05-31,24579000000.0,22554000000.0,10786000000.0,10454000000.0,32643000000.0,31544000000.0,7271000000.0,10605000000.0,,,6174000000.0,RECONSTRUCTED_DA,168361000000.0,140976000000.0,154668500000.0,2025000000.0,332000000.0,1099000000.0,-3334000000.0,0.0,-8914000000.0,-0.057632937540611,AssetsCurrent,AssetsCurrent,CashAndCashEquivalentsAtCarryingValue,CashAndCashEquivalentsAtCarryingValue,LiabilitiesCurrent,LiabilitiesCurrent,DebtCurrent,DIRECT_OR_AGGREGATED,DebtCurrent,DIRECT_OR_AGGREGATED,,,MISSING_CHANGE_ZERO_CONVENTION,,Depreciation + AmortizationOfIntangibleAssets,2025-06-18,0000950170-25-087926 + 0000950170-25-087926,Assets,Assets,WARN,Numeric accruals computed with reconstructed D&A (pure depreciation + intangible amortization); requires filing-level confirmation before final use
PWR,2016-02-29,2015-12-31,0001050915,2014-12-31,2277519000.0,2495704000.0,128771000.0,190515000.0,1203744000.0,1106311000.0,7067000.0,8876000.0,3923000.0,20946000.0,197693000.0,RECONSTRUCTED_DA,5213543000.0,6253583000.0,5733563000.0,-218185000.0,-61744000.0,97433000.0,-1809000.0,-17023000.0,-470399000.0,-0.0820430507173288,AssetsCurrent,AssetsCurrent,CashAndCashEquivalentsAtCarryingValue,CashAndCashEquivalentsAtCarryingValue,LiabilitiesCurrent,LiabilitiesCurrent,DebtCurrent,DIRECT_OR_AGGREGATED,DebtCurrent,DIRECT_OR_AGGREGATED,TaxesPayableCurrent,TaxesPayableCurrent,DIRECT_CHANGE,,Depreciation + AmortizationOfIntangibleAssets,2016-02-29,0001193125-16-485494 + 0001193125-16-485494,Assets,Assets,WARN,Numeric accruals computed with reconstructed D&A (pure depreciation + intangible amortization); requires filing-level confirmation before final use
PWR,2017-03-01,2016-12-31,0001050915,2015-12-31,2288745000.0,2277519000.0,112183000.0,128771000.0,1205228000.0,1203744000.0,7563000.0,7067000.0,40765000.0,3923000.0,201925000.0,RECONSTRUCTED_DA,5354059000.0,5213543000.0,5283801000.0,11226000.0,-16588000.0,1484000.0,496000.0,36842000.0,-138257000.0,-0.0261662011873649,AssetsCurrent,AssetsCurrent,CashAndCashEquivalentsAtCarryingValue,CashAndCashEquivalentsAtCarryingValue,LiabilitiesCurrent,LiabilitiesCurrent,DebtCurrent,DIRECT_OR_AGGREGATED,DebtCurrent,DIRECT_OR_AGGREGATED,TaxesPayableCurrent,TaxesPayableCurrent,DIRECT_CHANGE,,Depreciation + AmortizationOfIntangibleAssets,2017-03-01,0001193125-17-064821 + 0001193125-17-064821,Assets,Assets,WARN,Numeric accruals computed with reconstructed D&A (pure depreciation + intangible amortization); requires filing-level confirmation before final use
PWR,2018-02-28,2017-12-31,0001050915,2016-12-31,2869907000.0,2288745000.0,138285000.0,112183000.0,1492067000.0,1205228000.0,1220000.0,7563000.0,19635000.0,40765000.0,216013000.0,RECONSTRUCTED_DA,6480154000.0,5354059000.0,5917106500.0,581162000.0,26102000.0,286839000.0,-6343000.0,-21130000.0,24735000.0,0.004180252628544,AssetsCurrent,AssetsCurrent,CashAndCashEquivalentsAtCarryingValue,CashAndCashEquivalentsAtCarryingValue,LiabilitiesCurrent,LiabilitiesCurrent,DebtCurrent,DIRECT_OR_AGGREGATED,DebtCurrent,DIRECT_OR_AGGREGATED,TaxesPayableCurrent,TaxesPayableCurrent,DIRECT_CHANGE,,Depreciation + AmortizationOfIntangibleAssets,2018-02-28,0001050915-18-000003 + 0001050915-18-000003,Assets,Assets,WARN,Numeric accruals computed with reconstructed D&A (pure depreciation + intangible amortization); requires filing-level confirmation before final use
PWR,2019-02-28,2018-12-31,0001050915,2017-12-31,3326104000.0,2869907000.0,78687000.0,138285000.0,1806127000.0,1492067000.0,65646000.0,1220000.0,13094000.0,19635000.0,246513000.0,RECONSTRUCTED_DA,7075787000.0,6480154000.0,6777970500.0,456197000.0,-59598000.0,314060000.0,64426000.0,-6541000.0,13107000.0,0.0019337646866418,AssetsCurrent,AssetsCurrent,CashAndCashEquivalentsAtCarryingValue,CashAndCashEquivalentsAtCarryingValue,LiabilitiesCurrent,LiabilitiesCurrent,DebtCurrent,DIRECT_OR_AGGREGATED,DebtCurrent,DIRECT_OR_AGGREGATED,TaxesPayableCurrent,TaxesPayableCurrent,DIRECT_CHANGE,,Depreciation + AmortizationOfIntangibleAssets,2019-02-28,0001050915-19-000014 + 0001050915-19-000014,Assets,Assets,WARN,Numeric accruals computed with reconstructed D&A (pure depreciation + intangible amortization); requires filing-level confirmation before final use
PWR,2020-02-28,2019-12-31,0001050915,2018-12-31,3830986000.0,3326104000.0,164798000.0,78687000.0,2263049000.0,1806127000.0,74869000.0,65646000.0,58353000.0,13094000.0,280198000.0,RECONSTRUCTED_DA,8331682000.0,7075787000.0,7703734500.0,504882000.0,86111000.0,456922000.0,9223000.0,45259000.0,-263867000.0,-0.0342518294211722,AssetsCurrent,AssetsCurrent,CashAndCashEquivalentsAtCarryingValue,CashAndCashEquivalentsAtCarryingValue,LiabilitiesCurrent,LiabilitiesCurrent,DebtCurrent,DIRECT_OR_AGGREGATED,DebtCurrent,DIRECT_OR_AGGREGATED,AccruedIncomeTaxesCurrent,AccruedIncomeTaxesCurrent,DIRECT_CHANGE,,Depreciation + AmortizationOfIntangibleAssets,2020-02-28,0001050915-20-000020 + 0001050915-20-000020,Assets,Assets,WARN,Numeric accruals computed with reconstructed D&A (pure depreciation + intangible amortization); requires filing-level confirmation before final use
PWR,2021-03-01,2020-12-31,0001050915,2019-12-31,3588389000.0,3830986000.0,184620000.0,164798000.0,2138556000.0,2263049000.0,14764000.0,74869000.0,32315000.0,58353000.0,301960000.0,RECONSTRUCTED_DA,8398272000.0,8331682000.0,8364977000.0,-242597000.0,19822000.0,-124493000.0,-60105000.0,-26038000.0,-526029000.0,-0.0628846917331631,AssetsCurrent,AssetsCurrent,CashAndCashEquivalentsAtCarryingValue,CashAndCashEquivalentsAtCarryingValue,LiabilitiesCurrent,LiabilitiesCurrent,DebtCurrent,DIRECT_OR_AGGREGATED,DebtCurrent,DIRECT_OR_AGGREGATED,AccruedIncomeTaxesCurrent,AccruedIncomeTaxesCurrent,DIRECT_CHANGE,,Depreciation + AmortizationOfIntangibleAssets,2021-03-01,0001050915-21-000009 + 0001050915-21-000009,Assets,Assets,WARN,Numeric accruals computed with reconstructed D&A (pure depreciation + intangible amortization); requires filing-level confirmation before final use
PWR,2022-02-25,2021-12-31,0001050915,2020-12-31,4732577000.0,3588389000.0,229097000.0,184620000.0,3164960000.0,2138556000.0,29166000.0,14764000.0,,32315000.0,420895000.0,RECONSTRUCTED_DA,12855189000.0,8398272000.0,10626730500.0,1144188000.0,44477000.0,1026404000.0,14402000.0,0.0,-333186000.0,-0.031353575777611,AssetsCurrent,AssetsCurrent,CashAndCashEquivalentsAtCarryingValue,CashAndCashEquivalentsAtCarryingValue,LiabilitiesCurrent,LiabilitiesCurrent,DebtCurrent,DIRECT_OR_AGGREGATED,DebtCurrent,DIRECT_OR_AGGREGATED,,AccruedIncomeTaxesCurrent,MISSING_CHANGE_ZERO_CONVENTION,,Depreciation + AmortizationOfIntangibleAssets,2022-02-25,0001050915-22-000008 + 0001050915-22-000008,Assets,Assets,WARN,Numeric accruals computed with reconstructed D&A (pure depreciation + intangible amortization); requires filing-level confirmation before final use
PWR,2023-02-23,2022-12-31,0001050915,2021-12-31,5536070000.0,4732577000.0,428505000.0,229097000.0,3406194000.0,3164960000.0,37495000.0,29166000.0,,,644620000.0,RECONSTRUCTED_DA,13464337000.0,12855189000.0,13159763000.0,803493000.0,199408000.0,241234000.0,8329000.0,0.0,-273440000.0,-0.0207784897038039,AssetsCurrent,AssetsCurrent,CashAndCashEquivalentsAtCarryingValue,CashAndCashEquivalentsAtCarryingValue,LiabilitiesCurrent,LiabilitiesCurrent,DebtCurrent,DIRECT_OR_AGGREGATED,DebtCurrent,DIRECT_OR_AGGREGATED,,,MISSING_CHANGE_ZERO_CONVENTION,,Depreciation + AmortizationOfIntangibleAssets,2023-02-23,0001050915-23-000010 + 0001050915-23-000010,Assets,Assets,WARN,Numeric accruals computed with reconstructed D&A (pure depreciation + intangible amortization); requires filing-level confirmation before final use
PWR,2024-02-22,2023-12-31,0001050915,2022-12-31,7676897000.0,5536070000.0,1290248000.0,428505000.0,5213116000.0,3406194000.0,535202000.0,37495000.0,,,613800000.0,RECONSTRUCTED_DA,16237225000.0,13464337000.0,14850781000.0,2140827000.0,861743000.0,1806922000.0,497707000.0,0.0,-643931000.0,-0.0433600764835196,AssetsCurrent,AssetsCurrent,CashAndCashEquivalentsAtCarryingValue,CashAndCashEquivalentsAtCarryingValue,LiabilitiesCurrent,LiabilitiesCurrent,DebtCurrent,DIRECT_OR_AGGREGATED,DebtCurrent,DIRECT_OR_AGGREGATED,,,MISSING_CHANGE_ZERO_CONVENTION,,Depreciation + AmortizationOfIntangibleAssets,2024-02-22,0001050915-24-000009 + 0001050915-24-000009,Assets,Assets,WARN,Numeric accruals computed with reconstructed D&A (pure depreciation + intangible amortization); requires filing-level confirmation before final use
PWR,2025-02-20,2024-12-31,0001050915,2023-12-31,7851033000.0,7676897000.0,741960000.0,1290248000.0,6028513000.0,5213116000.0,62680000.0,535202000.0,,,742322000.0,RECONSTRUCTED_DA,18683894000.0,16237225000.0,17460559500.0,174136000.0,-548288000.0,815397000.0,-472522000.0,0.0,-1307817000.0,-0.0749012080626626,AssetsCurrent,AssetsCurrent,CashAndCashEquivalentsAtCarryingValue,CashAndCashEquivalentsAtCarryingValue,LiabilitiesCurrent,LiabilitiesCurrent,DebtCurrent,DIRECT_OR_AGGREGATED,DebtCurrent,DIRECT_OR_AGGREGATED,,,MISSING_CHANGE_ZERO_CONVENTION,,Depreciation + AmortizationOfIntangibleAssets,2025-02-20,0001050915-25-000005 + 0001050915-25-000005,Assets,Assets,WARN,Numeric accruals computed with reconstructed D&A (pure depreciation + intangible amortization); requires filing-level confirmation before final use
VLO,2017-02-23,2016-12-31,0001035002,2015-12-31,16800000000.0,14898000000.0,4816000000.0,4114000000.0,8328000000.0,6994000000.0,115000000.0,127000000.0,78000000.0,337000000.0,1300000000.0,PURE_DEP_FALLBACK,46173000000.0,44227000000.0,45200000000.0,1902000000.0,702000000.0,1334000000.0,-12000000.0,-259000000.0,-1705000000.0,-0.0377212389380531,AssetsCurrent,AssetsCurrent,CashAndCashEquivalentsAtCarryingValue,CashAndCashEquivalentsAtCarryingValue,LiabilitiesCurrent,LiabilitiesCurrent,DebtCurrent,DIRECT_OR_AGGREGATED,DebtCurrent,DIRECT_OR_AGGREGATED,AccruedIncomeTaxesCurrent,AccruedIncomeTaxesCurrent,DIRECT_CHANGE,,Depreciation,2017-02-23,0001035002-17-000009,Assets,Assets,WARN,Numeric accruals computed with pure-depreciation fallback; requires filing-level reconciliation before final use
WAT,2016-02-26,2015-12-31,0001000697,2014-12-31,3213533000.0,2817044000.0,487665000.0,422177000.0,564076000.0,580486000.0,175309000.0,225230000.0,14894000.0,15143000.0,45287000.0,PURE_DEP_FALLBACK,4268677000.0,3874690000.0,4071683500.0,396489000.0,65488000.0,-16410000.0,-49921000.0,-249000.0,251954000.0,0.0618795640672955,AssetsCurrent,AssetsCurrent,CashAndCashEquivalentsAtCarryingValue,CashAndCashEquivalentsAtCarryingValue,LiabilitiesCurrent,LiabilitiesCurrent,DebtCurrent,DIRECT_OR_AGGREGATED,DebtCurrent,DIRECT_OR_AGGREGATED,AccruedIncomeTaxesCurrent,AccruedIncomeTaxesCurrent,DIRECT_CHANGE,,Depreciation,2016-02-26,0001193125-16-480594,Assets,Assets,WARN,Numeric accruals computed with pure-depreciation fallback; requires filing-level reconciliation before final use
WAT,2017-02-24,2016-12-31,0001000697,2015-12-31,3635445000.0,3213533000.0,505631000.0,487665000.0,520321000.0,564076000.0,125297000.0,175309000.0,15244000.0,14894000.0,51684000.0,PURE_DEP_FALLBACK,4662059000.0,4268677000.0,4465368000.0,421912000.0,17966000.0,-43755000.0,-50012000.0,350000.0,346355000.0,0.0775647158308117,AssetsCurrent,AssetsCurrent,CashAndCashEquivalentsAtCarryingValue,CashAndCashEquivalentsAtCarryingValue,LiabilitiesCurrent,LiabilitiesCurrent,DebtCurrent,DIRECT_OR_AGGREGATED,DebtCurrent,DIRECT_OR_AGGREGATED,AccruedIncomeTaxesCurrent,AccruedIncomeTaxesCurrent,DIRECT_CHANGE,,Depreciation,2017-02-24,0001193125-17-056239,Assets,Assets,WARN,Numeric accruals computed with pure-depreciation fallback; requires filing-level reconciliation before final use
WAT,2018-02-27,2017-12-31,0001000697,2016-12-31,4270134000.0,3635445000.0,642319000.0,505631000.0,606157000.0,520321000.0,100273000.0,125297000.0,73008000.0,15244000.0,61450000.0,PURE_DEP_FALLBACK,5324354000.0,4662059000.0,4993206500.0,634689000.0,136688000.0,85836000.0,-25024000.0,57764000.0,383455000.0,0.0767953418309457,AssetsCurrent,AssetsCurrent,CashAndCashEquivalentsAtCarryingValue,CashAndCashEquivalentsAtCarryingValue,LiabilitiesCurrent,LiabilitiesCurrent,DebtCurrent,DIRECT_OR_AGGREGATED,DebtCurrent,DIRECT_OR_AGGREGATED,AccruedIncomeTaxesCurrent,AccruedIncomeTaxesCurrent,DIRECT_CHANGE,,Depreciation,2018-02-27,0001193125-18-060830,Assets,Assets,WARN,Numeric accruals computed with pure-depreciation fallback; requires filing-level reconciliation before final use
WAT,2019-02-26,2018-12-31,0001000697,2017-12-31,2663163000.0,4270134000.0,796280000.0,642319000.0,448931000.0,606157000.0,178000.0,100273000.0,22943000.0,73008000.0,57952000.0,PURE_DEP_FALLBACK,3727426000.0,5324354000.0,4525890000.0,-1606971000.0,153961000.0,-157226000.0,-100095000.0,-50065000.0,-1811818000.0,-0.4003230303873934,AssetsCurrent,AssetsCurrent,CashAndCashEquivalentsAtCarryingValue,CashAndCashEquivalentsAtCarryingValue,LiabilitiesCurrent,LiabilitiesCurrent,DebtCurrent,DIRECT_OR_AGGREGATED,DebtCurrent,DIRECT_OR_AGGREGATED,AccruedIncomeTaxesCurrent,AccruedIncomeTaxesCurrent,DIRECT_CHANGE,,Depreciation,2019-02-26,0001193125-19-051872,Assets,Assets,WARN,Numeric accruals computed with pure-depreciation fallback; requires filing-level reconciliation before final use
WAT,2020-02-25,2019-12-31,0001000697,2018-12-31,1312491000.0,2663163000.0,335715000.0,796280000.0,591334000.0,448931000.0,100366000.0,178000.0,45967000.0,22943000.0,53839000.0,PURE_DEP_FALLBACK,2557055000.0,3727426000.0,3142240500.0,-1350672000.0,-460565000.0,142403000.0,100188000.0,23024000.0,-963137000.0,-0.3065128210269074,AssetsCurrent,AssetsCurrent,CashAndCashEquivalentsAtCarryingValue,CashAndCashEquivalentsAtCarryingValue,LiabilitiesCurrent,LiabilitiesCurrent,DebtCurrent,DIRECT_OR_AGGREGATED,DebtCurrent,DIRECT_OR_AGGREGATED,AccruedIncomeTaxesCurrent,AccruedIncomeTaxesCurrent,DIRECT_CHANGE,,Depreciation,2020-02-25,0001193125-20-048303,Assets,Assets,WARN,Numeric accruals computed with pure-depreciation fallback; requires filing-level reconciliation before final use
WAT,2021-02-24,2020-12-31,0001000697,2019-12-31,1401033000.0,1312491000.0,436695000.0,335715000.0,804983000.0,591334000.0,150000000.0,100366000.0,76558000.0,45967000.0,68685000.0,PURE_DEP_FALLBACK,2839920000.0,2557055000.0,2698487500.0,88542000.0,100980000.0,213649000.0,49634000.0,30591000.0,-214547000.0,-0.0795063901537435,AssetsCurrent,AssetsCurrent,CashAndCashEquivalentsAtCarryingValue,CashAndCashEquivalentsAtCarryingValue,LiabilitiesCurrent,LiabilitiesCurrent,DebtCurrent,DIRECT_OR_AGGREGATED,DebtCurrent,DIRECT_OR_AGGREGATED,AccruedIncomeTaxesCurrent,AccruedIncomeTaxesCurrent,DIRECT_CHANGE,,Depreciation,2021-02-24,0001193125-21-054385,Assets,Assets,WARN,Numeric accruals computed with pure-depreciation fallback; requires filing-level reconciliation before final use
WAT,2022-02-24,2021-12-31,0001000697,2020-12-31,1628942000.0,1401033000.0,501234000.0,436695000.0,680508000.0,804983000.0,0.0,150000000.0,61278000.0,76558000.0,71560000.0,PURE_DEP_FALLBACK,3094932000.0,2839920000.0,2967426000.0,227909000.0,64539000.0,-124475000.0,-150000000.0,-15280000.0,51005000.0,0.0171882971976386,AssetsCurrent,AssetsCurrent,CashAndCashEquivalentsAtCarryingValue,CashAndCashEquivalentsAtCarryingValue,LiabilitiesCurrent,LiabilitiesCurrent,DebtCurrent,EXPLICIT_ZERO,DebtCurrent,DIRECT_OR_AGGREGATED,AccruedIncomeTaxesCurrent,AccruedIncomeTaxesCurrent,DIRECT_CHANGE,,Depreciation,2022-02-24,0001193125-22-051509,Assets,Assets,WARN,Numeric accruals computed with pure-depreciation fallback; requires filing-level reconciliation before final use
WAT,2023-02-27,2022-12-31,0001000697,2021-12-31,1763903000.0,1628942000.0,480529000.0,501234000.0,785737000.0,680508000.0,50000000.0,0.0,132545000.0,61278000.0,129998000.0,RECONSTRUCTED_DA,3281453000.0,3094932000.0,3188192500.0,134961000.0,-20705000.0,105229000.0,50000000.0,71267000.0,41706000.0,0.0130813932972993,AssetsCurrent,AssetsCurrent,CashAndCashEquivalentsAtCarryingValue,CashAndCashEquivalentsAtCarryingValue,LiabilitiesCurrent,LiabilitiesCurrent,NotesPayableCurrent,DIRECT_OR_AGGREGATED,DebtCurrent,EXPLICIT_ZERO,AccruedIncomeTaxesCurrent,AccruedIncomeTaxesCurrent,DIRECT_CHANGE,,Depreciation + AmortizationOfIntangibleAssets,2023-02-27,0001193125-23-050827 + 0001193125-23-050827,Assets,Assets,WARN,Numeric accruals computed with reconstructed D&A (pure depreciation + intangible amortization); requires filing-level confirmation before final use
WAT,2024-02-27,2023-12-31,0001000697,2022-12-31,1752867000.0,1763903000.0,395076000.0,480529000.0,789580000.0,785737000.0,50000000.0,50000000.0,120257000.0,132545000.0,165625000.0,RECONSTRUCTED_DA,4626854000.0,3281453000.0,3954153500.0,-11036000.0,-85453000.0,3843000.0,0.0,-12288000.0,-107339000.0,-0.0271458859652261,AssetsCurrent,AssetsCurrent,CashAndCashEquivalentsAtCarryingValue,CashAndCashEquivalentsAtCarryingValue,LiabilitiesCurrent,LiabilitiesCurrent,NotesPayableCurrent,DIRECT_OR_AGGREGATED,NotesPayableCurrent,DIRECT_OR_AGGREGATED,AccruedIncomeTaxesCurrent,AccruedIncomeTaxesCurrent,DIRECT_CHANGE,,Depreciation + AmortizationOfIntangibleAssets,2024-02-27,0001193125-24-047491 + 0001193125-24-047491,Assets,Assets,WARN,Numeric accruals computed with reconstructed D&A (pure depreciation + intangible amortization); requires filing-level confirmation before final use
WAT,2025-02-25,2024-12-31,0001000697,2023-12-31,1669111000.0,1752867000.0,324421000.0,395076000.0,789758000.0,789580000.0,0.0,50000000.0,158658000.0,120257000.0,192018000.0,RECONSTRUCTED_DA,4553795000.0,4626854000.0,4590324500.0,-83756000.0,-70655000.0,178000.0,-50000000.0,38401000.0,-216896000.0,-0.047250690011131,AssetsCurrent,AssetsCurrent,CashAndCashEquivalentsAtCarryingValue,CashAndCashEquivalentsAtCarryingValue,LiabilitiesCurrent,LiabilitiesCurrent,NotesPayableCurrent,EXPLICIT_ZERO,NotesPayableCurrent,DIRECT_OR_AGGREGATED,AccruedIncomeTaxesCurrent,AccruedIncomeTaxesCurrent,DIRECT_CHANGE,,Depreciation + AmortizationOfIntangibleAssets,2025-02-25,0001193125-25-034579 + 0001193125-25-034579,Assets,Assets,WARN,Numeric accruals computed with reconstructed D&A (pure depreciation + intangible amortization); requires filing-level confirmation before final use
