ticker,cik,accession_number,filing_date,accepted_at_utc,status
APD,0000002969,0000002969-25-000055,2025-11-20,2025-11-20T15:20:44.000Z,matched
APD,0000002969,0000002969-24-000056,2024-11-21,2024-11-21T18:57:11.000Z,matched
APD,0000002969,0000002969-23-000047,2023-11-16,2023-11-16T17:58:45.000Z,matched
APD,0000002969,0000002969-22-000054,2022-11-22,2022-11-22T21:37:46.000Z,matched
APD,0000002969,0000002969-21-000055,2021-11-18,2021-11-18T19:04:47.000Z,matched
APD,0000002969,0000002969-20-000049,2020-11-19,2020-11-19T20:29:11.000Z,matched
APD,0000002969,0000002969-19-000051,2019-11-26,2019-11-26T18:55:27.000Z,matched
APD,0000002969,0000002969-18-000044,2018-11-20,2018-11-20T19:47:42.000Z,matched
APD,0000002969,0000002969-17-000039,2017-11-16,2017-11-16T13:20:11.000Z,matched
APD,0000002969,0001193125-16-773346,2016-11-21,2016-11-21T18:23:28.000Z,matched
LNG,0000003570,0000003570-25-000033,2025-02-20,2025-02-19T22:42:49.000Z,matched
LNG,0000003570,0000003570-24-000040,2024-02-22,2024-02-21T22:34:43.000Z,matched
LNG,0000003570,0000003570-23-000042,2023-02-23,2023-02-23T00:49:28.000Z,matched
LNG,0000003570,0000003570-22-000024,2022-02-24,2022-02-24T02:37:19.000Z,matched
LNG,0000003570,0000003570-21-000039,2021-02-24,2021-02-24T00:37:46.000Z,matched
LNG,0000003570,0000003570-20-000043,2020-02-25,2020-02-24T23:47:35.000Z,matched
LNG,0000003570,0000003570-19-000030,2019-02-26,2019-02-25T22:34:45.000Z,matched
LNG,0000003570,0000003570-18-000031,2018-02-21,2018-02-20T23:09:15.000Z,matched
LNG,0000003570,0000003570-17-000052,2017-02-24,2017-02-24T21:04:19.000Z,matched
LNG,0000003570,0000003570-16-000284,2016-02-19,2016-02-18T23:09:41.000Z,matched
AMAT,0000006951,0001628280-25-056742,2025-12-12,2025-12-12T21:01:56.000Z,matched
AMAT,0000006951,0000006951-24-000044,2024-12-13,2024-12-13T21:01:17.000Z,matched
AMAT,0000006951,0000006951-23-000041,2023-12-15,2023-12-15T21:01:24.000Z,matched
AMAT,0000006951,0000006951-22-000043,2022-12-16,2022-12-16T21:50:05.000Z,matched
AMAT,0000006951,0000006951-21-000043,2021-12-17,2021-12-17T21:14:51.000Z,matched
AMAT,0000006951,0000006951-20-000048,2020-12-11,2020-12-11T20:52:08.000Z,matched
AMAT,0000006951,0000006951-19-000046,2019-12-13,2019-12-13T21:07:21.000Z,matched
AMAT,0000006951,0000006951-18-000041,2018-12-13,2018-12-13T21:16:55.000Z,matched
AMAT,0000006951,0000006951-17-000038,2017-12-15,2017-12-15T21:36:31.000Z,matched
AMAT,0000006951,0000006951-16-000068,2016-12-15,2016-12-15T21:46:47.000Z,matched
WRB,0000011544,0000011544-25-000005,2025-02-24,2025-02-24T21:18:40.000Z,matched
WRB,0000011544,0000011544-24-000005,2024-02-23,2024-02-23T21:09:29.000Z,matched
WRB,0000011544,0000011544-23-000004,2023-02-24,2023-02-24T13:37:12.000Z,matched
WRB,0000011544,0000011544-22-000007,2022-02-24,2022-02-24T21:51:04.000Z,matched
WRB,0000011544,0000011544-21-000013,2021-02-18,2021-02-18T22:21:32.000Z,matched
WRB,0000011544,0000011544-20-000016,2020-02-20,2020-02-20T21:20:08.000Z,matched
WRB,0000011544,0000011544-19-000016,2019-02-22,2019-02-22T21:13:46.000Z,matched
WRB,0000011544,0000011544-18-000012,2018-02-23,2018-02-23T21:41:12.000Z,matched
WRB,0000011544,0000011544-17-000009,2017-02-28,2017-02-27T22:34:39.000Z,matched
WRB,0000011544,0000011544-16-000086,2016-02-22,2016-02-22T22:25:35.000Z,matched
CP,0000016875,0000016875-25-000008,2025-02-27,2025-02-27T16:24:45.000Z,matched
CP,0000016875,0000016875-24-000009,2024-02-27,2024-02-27T16:57:49.000Z,matched
CP,0000016875,0000016875-23-000008,2023-02-24,2023-02-24T17:16:00.000Z,matched
CP,0000016875,0000016875-22-000010,2022-02-23,2022-02-23T17:44:09.000Z,matched
CP,0000016875,0000016875-21-000008,2021-02-18,2021-02-18T17:22:12.000Z,matched
CP,0000016875,0000016875-20-000007,2020-02-20,2020-02-20T17:33:09.000Z,matched
CP,0000016875,0000016875-19-000017,2019-02-15,2019-02-15T20:04:45.000Z,matched
CP,0000016875,0000016875-18-000029,2018-02-16,2018-02-16T17:08:27.000Z,matched
CP,0000016875,0000016875-17-000015,2017-02-16,2017-02-16T21:35:21.000Z,matched
CP,0000016875,0001628280-16-011920,2016-02-29,2016-02-29T17:11:07.000Z,matched
DG,0000029534,0001558370-25-003413,2025-03-21,2025-03-21T10:24:14.000Z,matched
DG,0000029534,0001558370-24-003813,2024-03-25,2024-03-25T10:45:45.000Z,matched
DG,0000029534,0001558370-23-004574,2023-03-24,2023-03-24T20:42:42.000Z,matched
DG,0000029534,0001558370-22-003921,2022-03-18,2022-03-18T20:16:38.000Z,matched
DG,0000029534,0001558370-21-003245,2021-03-19,2021-03-19T12:19:58.000Z,matched
DG,0000029534,0001558370-20-002915,2020-03-19,2020-03-19T10:47:17.000Z,matched
DG,0000029534,0001558370-19-002383,2019-03-22,2019-03-22T20:33:57.000Z,matched
DG,0000029534,0001558370-18-002366,2018-03-23,2018-03-23T21:09:36.000Z,matched
DG,0000029534,0001558370-17-002116,2017-03-24,2017-03-24T20:28:06.000Z,matched
DG,0000029534,0001047469-16-011420,2016-03-22,2016-03-22T12:40:41.000Z,matched
DOV,0000029905,0000029905-25-000006,2025-02-14,2025-02-14T21:24:26.000Z,matched
DOV,0000029905,0000029905-24-000008,2024-02-09,2024-02-09T21:31:46.000Z,matched
DOV,0000029905,0000029905-23-000008,2023-02-10,2023-02-10T21:27:47.000Z,matched
DOV,0000029905,0000029905-22-000009,2022-02-11,2022-02-11T21:36:48.000Z,matched
DOV,0000029905,0000029905-21-000010,2021-02-12,2021-02-12T21:34:31.000Z,matched
DOV,0000029905,0000029905-20-000011,2020-02-14,2020-02-14T21:35:38.000Z,matched
DOV,0000029905,0000029905-19-000019,2019-02-15,2019-02-15T22:22:29.000Z,matched
DOV,0000029905,0000029905-18-000013,2018-02-09,2018-02-09T21:38:48.000Z,matched
DOV,0000029905,0000029905-17-000011,2017-02-10,2017-02-10T22:21:03.000Z,matched
DOV,0000029905,0000029905-16-000064,2016-02-12,2016-02-12T11:47:30.000Z,matched
EMR,0000032604,0000032604-25-000087,2025-11-10,2025-11-10T21:04:03.000Z,matched
EMR,0000032604,0000032604-24-000041,2024-11-12,2024-11-12T12:01:57.000Z,matched
EMR,0000032604,0000032604-23-000044,2023-11-13,2023-11-13T21:43:08.000Z,matched
EMR,0000032604,0000032604-22-000041,2022-11-14,2022-11-14T21:50:53.000Z,matched
EMR,0000032604,0000032604-21-000038,2021-11-15,2021-11-15T22:02:43.000Z,matched
EMR,0000032604,0000032604-20-000041,2020-11-16,2020-11-16T18:16:45.000Z,matched
EMR,0000032604,0000032604-19-000048,2019-11-18,2019-11-18T21:01:51.000Z,matched
EMR,0000032604,0000032604-18-000044,2018-11-19,2018-11-19T19:49:23.000Z,matched
EMR,0000032604,0000032604-17-000046,2017-11-20,2017-11-20T18:57:46.000Z,matched
EMR,0000032604,0000032604-16-000105,2016-11-16,2016-11-16T22:15:14.000Z,matched
HEI,0000046619,0000046619-25-000082,2025-12-22,2025-12-22T21:44:58.000Z,matched
HEI,0000046619,0000046619-24-000111,2024-12-19,2024-12-19T21:55:54.000Z,matched
HEI,0000046619,0000046619-23-000163,2023-12-20,2023-12-20T21:41:51.000Z,matched
HEI,0000046619,0000046619-22-000066,2022-12-21,2022-12-21T21:11:10.000Z,matched
HEI,0000046619,0000046619-21-000085,2021-12-21,2021-12-21T21:06:41.000Z,matched
HEI,0000046619,0000046619-20-000078,2020-12-23,2020-12-23T20:22:18.000Z,matched
HEI,0000046619,0000046619-19-000095,2019-12-19,2019-12-19T21:35:28.000Z,matched
HEI,0000046619,0000046619-18-000117,2018-12-20,2018-12-20T21:32:04.000Z,matched
HEI,0000046619,0000046619-17-000085,2017-12-21,2017-12-21T20:49:08.000Z,matched
HEI,0000046619,0000046619-16-000162,2016-12-15,2016-12-15T22:01:38.000Z,matched
HPQ,0000047217,0000047217-25-000071,2025-12-10,2025-12-10T22:22:18.000Z,matched
HPQ,0000047217,0000047217-24-000080,2024-12-13,2024-12-13T01:31:46.000Z,matched
HPQ,0000047217,0000047217-23-000100,2023-12-18,2023-12-16T02:31:21.000Z,matched
HPQ,0000047217,0000047217-22-000068,2022-12-06,2022-12-06T22:03:42.000Z,matched
HPQ,0000047217,0000047217-21-000060,2021-12-09,2021-12-09T21:46:38.000Z,matched
HPQ,0000047217,0000047217-20-000045,2020-12-10,2020-12-10T21:12:57.000Z,matched
HPQ,0000047217,0000047217-19-000071,2019-12-12,2019-12-12T21:26:03.000Z,matched
HPQ,0000047217,0000047217-18-000052,2018-12-13,2018-12-13T21:07:39.000Z,matched
HPQ,0000047217,0000047217-17-000043,2017-12-14,2017-12-14T21:27:00.000Z,matched
HPQ,0000047217,0000047217-16-000093,2016-12-15,2016-12-15T21:44:36.000Z,matched
HUBB,0000048898,0001628280-25-005311,2025-02-13,2025-02-13T13:19:23.000Z,matched
HUBB,0000048898,0001628280-24-003792,2024-02-08,2024-02-08T13:15:27.000Z,matched
HUBB,0000048898,0001628280-23-002875,2023-02-09,2023-02-09T13:21:14.000Z,matched
HUBB,0000048898,0001628280-22-002255,2022-02-11,2022-02-11T13:13:07.000Z,matched
HUBB,0000048898,0001628280-21-001868,2021-02-11,2021-02-11T13:19:50.000Z,matched
HUBB,0000048898,0001628280-20-001557,2020-02-14,2020-02-14T13:21:47.000Z,matched
HUBB,0000048898,0001628280-19-001446,2019-02-15,2019-02-15T13:17:12.000Z,matched
HUBB,0000048898,0001628280-18-001740,2018-02-15,2018-02-15T13:32:48.000Z,matched
HUBB,0000048898,0001628280-17-001423,2017-02-16,2017-02-16T13:32:02.000Z,matched
HUBB,0000048898,0001628280-16-011342,2016-02-18,2016-02-18T13:35:09.000Z,matched
ITW,0000049826,0000049826-25-000007,2025-02-14,2025-02-14T19:59:04.000Z,matched
ITW,0000049826,0000049826-24-000008,2024-02-09,2024-02-09T19:56:05.000Z,matched
ITW,0000049826,0000049826-23-000008,2023-02-10,2023-02-10T20:31:41.000Z,matched
ITW,0000049826,0000049826-22-000006,2022-02-11,2022-02-11T19:42:05.000Z,matched
ITW,0000049826,0000049826-21-000007,2021-02-12,2021-02-12T19:36:16.000Z,matched
ITW,0000049826,0000049826-20-000020,2020-02-14,2020-02-14T20:16:14.000Z,matched
ITW,0000049826,0000049826-19-000021,2019-02-15,2019-02-15T20:56:45.000Z,matched
ITW,0000049826,0000049826-18-000017,2018-02-15,2018-02-15T16:12:45.000Z,matched
ITW,0000049826,0000049826-17-000022,2017-02-10,2017-02-10T18:52:48.000Z,matched
ITW,0000049826,0000049826-16-000151,2016-02-12,2016-02-11T23:14:40.000Z,matched
ES,0000072741,0000072741-25-000007,2025-02-14,2025-02-14T19:26:39.000Z,matched
ES,0000072741,0000072741-24-000005,2024-02-14,2024-02-14T22:17:22.000Z,matched
ES,0000072741,0000072741-23-000004,2023-02-15,2023-02-15T22:31:58.000Z,matched
ES,0000072741,0000072741-22-000015,2022-02-17,2022-02-16T23:37:52.000Z,matched
ES,0000072741,0000072741-21-000005,2021-02-17,2021-02-17T22:30:20.000Z,matched
ES,0000072741,0000072741-20-000008,2020-02-27,2020-02-26T23:43:27.000Z,matched
ES,0000072741,0000072741-19-000017,2019-02-26,2019-02-26T17:46:08.000Z,matched
ES,0000072741,0000072741-18-000028,2018-02-26,2018-02-23T22:34:18.000Z,matched
ES,0000072741,0000072741-17-000007,2017-02-23,2017-02-23T00:51:28.000Z,matched
ES,0000072741,0000072741-16-000063,2016-02-26,2016-02-26T22:25:51.000Z,matched
NUE,0000073309,0000950170-25-028427,2025-02-27,2025-02-27T14:17:32.000Z,matched
NUE,0000073309,0000950170-24-021195,2024-02-27,2024-02-27T21:21:09.000Z,matched
NUE,0000073309,0001564590-23-002793,2023-03-01,2023-03-01T00:41:43.000Z,matched
NUE,0000073309,0001564590-22-007679,2022-02-28,2022-02-28T22:13:52.000Z,matched
NUE,0000073309,0001564590-21-009503,2021-02-26,2021-02-26T22:17:27.000Z,matched
NUE,0000073309,0001564590-20-007794,2020-02-28,2020-02-28T21:09:21.000Z,matched
NUE,0000073309,0001193125-19-057744,2019-02-28,2019-02-28T21:42:26.000Z,matched
NUE,0000073309,0001193125-18-064018,2018-02-28,2018-02-28T21:22:31.000Z,matched
NUE,0000073309,0001193125-17-062124,2017-02-28,2017-02-28T20:38:21.000Z,matched
NUE,0000073309,0001193125-16-481119,2016-02-26,2016-02-26T18:50:27.000Z,matched
PEP,0000077476,0000077476-25-000007,2025-02-04,2025-02-03T23:22:47.000Z,matched
PEP,0000077476,0000077476-24-000008,2024-02-09,2024-02-08T22:58:51.000Z,matched
PEP,0000077476,0000077476-23-000007,2023-02-09,2023-02-08T23:06:37.000Z,matched
PEP,0000077476,0000077476-22-000010,2022-02-10,2022-02-09T23:03:39.000Z,matched
PEP,0000077476,0000077476-21-000007,2021-02-11,2021-02-10T22:41:49.000Z,matched
PEP,0000077476,0000077476-20-000015,2020-02-13,2020-02-13T11:09:23.000Z,matched
PEP,0000077476,0000077476-19-000017,2019-02-15,2019-02-15T21:23:02.000Z,matched
PEP,0000077476,0000077476-18-000012,2018-02-13,2018-02-13T21:32:31.000Z,matched
PEP,0000077476,0000077476-17-000010,2017-02-15,2017-02-15T21:35:15.000Z,matched
PEP,0000077476,0000077476-16-000066,2016-02-11,2016-02-11T21:40:10.000Z,matched
TER,0000097210,0000950170-25-023784,2025-02-20,2025-02-20T14:55:54.000Z,matched
TER,0000097210,0000950170-24-018701,2024-02-22,2024-02-22T20:34:26.000Z,matched
TER,0000097210,0001193125-23-044711,2023-02-22,2023-02-22T20:12:27.000Z,matched
TER,0000097210,0001193125-22-049828,2022-02-23,2022-02-23T20:19:17.000Z,matched
TER,0000097210,0001193125-21-050735,2021-02-22,2021-02-22T21:04:39.000Z,matched
TER,0000097210,0001193125-20-058676,2020-03-02,2020-03-02T19:20:16.000Z,matched
TER,0000097210,0001193125-19-059974,2019-03-01,2019-03-01T17:03:21.000Z,matched
TER,0000097210,0001193125-18-066579,2018-03-01,2018-03-01T19:14:00.000Z,matched
TER,0000097210,0001193125-17-064638,2017-03-01,2017-03-01T17:10:57.000Z,matched
TER,0000097210,0001193125-16-484381,2016-02-29,2016-02-29T17:10:57.000Z,matched
WST,0000105770,0000105770-25-000013,2025-02-18,2025-02-18T21:44:56.000Z,matched
WST,0000105770,0000105770-24-000015,2024-02-20,2024-02-20T21:44:29.000Z,matched
WST,0000105770,0000105770-23-000012,2023-02-21,2023-02-21T21:18:23.000Z,matched
WST,0000105770,0001628280-22-003342,2022-02-22,2022-02-22T21:22:31.000Z,matched
WST,0000105770,0000105770-21-000008,2021-02-23,2021-02-23T21:49:23.000Z,matched
WST,0000105770,0000105770-20-000015,2020-02-24,2020-02-21T23:56:52.000Z,matched
WST,0000105770,0000105770-19-000012,2019-02-28,2019-02-27T22:33:18.000Z,matched
WST,0000105770,0000105770-18-000006,2018-02-26,2018-02-26T22:13:48.000Z,matched
WST,0000105770,0000105770-17-000011,2017-02-28,2017-02-28T17:15:34.000Z,matched
WST,0000105770,0000105770-16-000060,2016-02-26,2016-02-26T22:40:44.000Z,matched
TJX,0000109198,0000109198-25-000010,2025-04-02,2025-04-02T15:43:31.000Z,matched
TJX,0000109198,0000109198-24-000014,2024-04-03,2024-04-03T15:58:03.000Z,matched
TJX,0000109198,0000109198-23-000004,2023-03-29,2023-03-29T15:38:54.000Z,matched
TJX,0000109198,0000109198-22-000008,2022-03-30,2022-03-30T15:55:23.000Z,matched
TJX,0000109198,0000109198-21-000006,2021-03-31,2021-03-31T15:20:19.000Z,matched
TJX,0000109198,0000109198-20-000004,2020-03-27,2020-03-27T16:02:19.000Z,matched
TJX,0000109198,0001628280-19-003834,2019-04-03,2019-04-03T16:16:07.000Z,matched
TJX,0000109198,0001193125-18-107423,2018-04-04,2018-04-04T19:19:20.000Z,matched
TJX,0000109198,0001193125-17-099642,2017-03-28,2017-03-28T19:26:41.000Z,matched
TJX,0000109198,0001193125-16-521424,2016-03-29,2016-03-29T20:10:58.000Z,matched
CSX,0000277948,0000277948-25-000008,2025-02-27,2025-02-27T19:08:11.000Z,matched
CSX,0000277948,0000277948-24-000010,2024-02-14,2024-02-14T20:34:39.000Z,matched
CSX,0000277948,0000277948-23-000006,2023-02-15,2023-02-15T16:55:01.000Z,matched
CSX,0000277948,0000277948-22-000009,2022-02-16,2022-02-16T19:53:10.000Z,matched
CSX,0000277948,0000277948-21-000014,2021-02-10,2021-02-10T19:43:02.000Z,matched
CSX,0000277948,0000277948-20-000008,2020-02-12,2020-02-12T21:22:04.000Z,matched
CSX,0000277948,0000277948-19-000011,2019-02-06,2019-02-06T19:15:56.000Z,matched
CSX,0000277948,0000277948-18-000009,2018-02-07,2018-02-07T19:01:18.000Z,matched
CSX,0000277948,0000277948-17-000009,2017-02-14,2017-02-14T14:41:29.000Z,matched
CSX,0000277948,0000277948-16-000046,2016-02-10,2016-02-10T16:48:55.000Z,matched
DE,0000315189,0001104659-25-122321,2025-12-18,2025-12-18T13:15:12.000Z,matched
DE,0000315189,0001558370-24-016169,2024-12-12,2024-12-12T16:37:47.000Z,matched
DE,0000315189,0001558370-23-019812,2023-12-15,2023-12-15T15:27:39.000Z,matched
DE,0000315189,0001558370-22-018703,2022-12-15,2022-12-15T16:32:02.000Z,matched
DE,0000315189,0001558370-21-016864,2021-12-16,2021-12-16T16:39:34.000Z,matched
DE,0000315189,0001558370-20-014436,2020-12-17,2020-12-17T16:19:00.000Z,matched
DE,0000315189,0001558370-19-011614,2019-12-19,2019-12-19T20:37:52.000Z,matched
DE,0000315189,0001047469-18-007694,2018-12-17,2018-12-17T17:00:46.000Z,matched
DE,0000315189,0001047469-17-007719,2017-12-18,2017-12-18T16:40:12.000Z,matched
DE,0000315189,0001047469-16-017244,2016-12-19,2016-12-19T15:46:49.000Z,matched
AON,0000315293,0001628280-25-006093,2025-02-18,2025-02-18T21:47:00.000Z,matched
AON,0000315293,0001628280-24-005392,2024-02-16,2024-02-16T22:18:42.000Z,matched
AON,0000315293,0001628280-23-004087,2023-02-17,2023-02-17T22:07:28.000Z,matched
AON,0000315293,0001628280-22-003180,2022-02-18,2022-02-18T21:07:56.000Z,matched
AON,0000315293,0001628280-21-002574,2021-02-19,2021-02-19T21:59:44.000Z,matched
AON,0000315293,0001628280-20-001607,2020-02-14,2020-02-14T21:40:54.000Z,matched
AON,0000315293,0001628280-19-001558,2019-02-19,2019-02-19T22:09:03.000Z,matched
AON,0000315293,0001628280-18-001923,2018-02-20,2018-02-20T22:30:16.000Z,matched
AON,0000315293,0001628280-17-001652,2017-02-23,2017-02-23T21:32:21.000Z,matched
AON,0000315293,0001628280-16-011485,2016-02-22,2016-02-22T21:42:34.000Z,matched
NKE,0000320187,0000320187-25-000047,2025-07-17,2025-07-17T20:25:25.000Z,matched
NKE,0000320187,0000320187-24-000044,2024-07-25,2024-07-25T20:16:58.000Z,matched
NKE,0000320187,0000320187-23-000039,2023-07-20,2023-07-20T20:20:36.000Z,matched
NKE,0000320187,0000320187-22-000038,2022-07-21,2022-07-21T20:05:53.000Z,matched
NKE,0000320187,0000320187-21-000028,2021-07-20,2021-07-20T20:11:03.000Z,matched
NKE,0000320187,0000320187-20-000047,2020-07-24,2020-07-24T20:07:45.000Z,matched
NKE,0000320187,0000320187-19-000051,2019-07-23,2019-07-23T20:13:55.000Z,matched
NKE,0000320187,0000320187-18-000142,2018-07-25,2018-07-24T22:22:39.000Z,matched
NKE,0000320187,0000320187-17-000090,2017-07-20,2017-07-20T20:18:16.000Z,matched
NKE,0000320187,0000320187-16-000336,2016-07-21,2016-07-21T20:11:03.000Z,matched
AAPL,0000320193,0000320193-25-000079,2025-10-31,2025-10-31T10:01:26.000Z,matched
AAPL,0000320193,0000320193-24-000123,2024-11-01,2024-11-01T10:01:36.000Z,matched
AAPL,0000320193,0000320193-23-000106,2023-11-03,2023-11-02T22:08:27.000Z,matched
AAPL,0000320193,0000320193-22-000108,2022-10-28,2022-10-27T22:01:14.000Z,matched
AAPL,0000320193,0000320193-21-000105,2021-10-29,2021-10-28T22:04:28.000Z,matched
AAPL,0000320193,0000320193-20-000096,2020-10-30,2020-10-29T22:06:25.000Z,matched
AAPL,0000320193,0000320193-19-000119,2019-10-31,2019-10-30T22:12:36.000Z,matched
AAPL,0000320193,0000320193-18-000145,2018-11-05,2018-11-05T13:01:40.000Z,matched
AAPL,0000320193,0000320193-17-000070,2017-11-03,2017-11-03T12:01:37.000Z,matched
AAPL,0000320193,0001628280-16-020309,2016-10-26,2016-10-26T20:42:16.000Z,matched
LRCX,0000707549,0000707549-25-000075,2025-08-11,2025-08-11T20:35:11.000Z,matched
LRCX,0000707549,0000707549-24-000106,2024-08-29,2024-08-29T18:10:55.000Z,matched
LRCX,0000707549,0000707549-23-000102,2023-08-15,2023-08-15T20:04:08.000Z,matched
LRCX,0000707549,0000707549-22-000107,2022-08-24,2022-08-24T20:09:20.000Z,matched
LRCX,0000707549,0000707549-21-000136,2021-08-17,2021-08-17T20:06:57.000Z,matched
LRCX,0000707549,0000707549-20-000138,2020-08-18,2020-08-18T20:30:43.000Z,matched
LRCX,0000707549,0000707549-19-000124,2019-08-20,2019-08-20T20:15:59.000Z,matched
LRCX,0000707549,0000707549-18-000115,2018-08-14,2018-08-14T20:18:51.000Z,matched
LRCX,0000707549,0000707549-17-000100,2017-08-15,2017-08-15T20:08:17.000Z,matched
LRCX,0000707549,0000707549-16-000050,2016-08-17,2016-08-16T23:26:13.000Z,matched
WSM,0000719955,0001628280-25-015037,2025-03-27,2025-03-27T00:27:10.000Z,matched
WSM,0000719955,0001628280-24-012221,2024-03-20,2024-03-20T20:17:51.000Z,matched
WSM,0000719955,0001628280-23-009175,2023-03-24,2023-03-24T21:18:59.000Z,matched
WSM,0000719955,0001628280-22-007494,2022-03-28,2022-03-28T21:26:27.000Z,matched
WSM,0000719955,0001193125-21-100319,2021-03-30,2021-03-30T20:54:04.000Z,matched
WSM,0000719955,0001193125-20-088937,2020-03-27,2020-03-27T21:10:26.000Z,matched
WSM,0000719955,0001193125-19-097973,2019-04-04,2019-04-04T21:00:21.000Z,matched
WSM,0000719955,0001193125-18-102232,2018-03-29,2018-03-29T21:22:02.000Z,matched
WSM,0000719955,0001193125-17-104341,2017-03-30,2017-03-30T21:22:12.000Z,matched
WSM,0000719955,0001193125-16-525847,2016-03-31,2016-03-31T20:19:48.000Z,matched
CAH,0000721371,0000721371-25-000079,2025-08-12,2025-08-12T12:58:00.000Z,matched
CAH,0000721371,0000721371-24-000056,2024-08-14,2024-08-14T12:47:07.000Z,matched
CAH,0000721371,0000721371-23-000060,2023-08-15,2023-08-15T12:50:31.000Z,matched
CAH,0000721371,0000721371-22-000058,2022-08-11,2022-08-11T20:17:06.000Z,matched
CAH,0000721371,0000721371-21-000080,2021-08-16,2021-08-16T12:50:00.000Z,matched
CAH,0000721371,0000721371-20-000089,2020-08-13,2020-08-13T14:04:19.000Z,matched
CAH,0000721371,0000721371-19-000090,2019-08-20,2019-08-20T20:30:26.000Z,matched
CAH,0000721371,0000721371-18-000077,2018-08-22,2018-08-22T20:23:32.000Z,matched
CAH,0000721371,0000721371-17-000083,2017-08-10,2017-08-10T21:26:53.000Z,matched
CAH,0000721371,0000721371-16-000277,2016-08-12,2016-08-12T10:51:59.000Z,matched
CTAS,0000723254,0000723254-25-000017,2025-07-28,2025-07-28T20:17:28.000Z,matched
CTAS,0000723254,0000723254-24-000036,2024-07-25,2024-07-25T18:01:02.000Z,matched
CTAS,0000723254,0000723254-23-000025,2023-07-27,2023-07-27T17:14:03.000Z,matched
CTAS,0000723254,0000723254-22-000019,2022-07-27,2022-07-27T18:21:24.000Z,matched
CTAS,0000723254,0000723254-21-000021,2021-07-28,2021-07-28T17:24:07.000Z,matched
CTAS,0000723254,0000723254-20-000025,2020-07-29,2020-07-29T18:20:47.000Z,matched
CTAS,0000723254,0000723254-19-000021,2019-07-26,2019-07-26T16:05:44.000Z,matched
CTAS,0000723254,0000723254-18-000015,2018-07-27,2018-07-27T16:27:03.000Z,matched
CTAS,0000723254,0000723254-17-000020,2017-07-31,2017-07-31T20:54:23.000Z,matched
CTAS,0000723254,0000723254-16-000050,2016-07-29,2016-07-29T17:32:52.000Z,matched
PAYX,0000723531,0000950170-25-095300,2025-07-11,2025-07-11T20:19:29.000Z,matched
PAYX,0000723531,0000950170-24-082958,2024-07-11,2024-07-11T20:03:59.000Z,matched
PAYX,0000723531,0000950170-23-032988,2023-07-14,2023-07-14T20:02:30.000Z,matched
PAYX,0000723531,0000950170-22-012734,2022-07-15,2022-07-15T20:24:49.000Z,matched
PAYX,0000723531,0000723531-21-000035,2021-07-16,2021-07-16T20:25:18.000Z,matched
PAYX,0000723531,0000723531-20-000048,2020-07-17,2020-07-17T20:53:00.000Z,matched
PAYX,0000723531,0000723531-19-000032,2019-07-24,2019-07-24T21:25:48.000Z,matched
PAYX,0000723531,0000723531-18-000026,2018-07-20,2018-07-20T21:11:56.000Z,matched
PAYX,0000723531,0000723531-17-000023,2017-07-21,2017-07-21T21:29:04.000Z,matched
PAYX,0000723531,0000723531-16-000046,2016-07-22,2016-07-22T21:28:47.000Z,matched
O,0000726728,0000726728-25-000055,2025-02-25,2025-02-25T21:09:40.000Z,matched
O,0000726728,0000726728-24-000047,2024-02-21,2024-02-21T21:16:06.000Z,matched
O,0000726728,0000726728-23-000044,2023-02-22,2023-02-22T21:07:07.000Z,matched
O,0000726728,0000726728-22-000046,2022-02-23,2022-02-23T21:07:21.000Z,matched
O,0000726728,0000726728-21-000043,2021-02-23,2021-02-23T21:24:32.000Z,matched
O,0000726728,0000726728-20-000033,2020-02-24,2020-02-24T11:05:54.000Z,matched
O,0000726728,0000726728-19-000038,2019-02-22,2019-02-22T01:17:58.000Z,matched
O,0000726728,0001104659-18-011376,2018-02-22,2018-02-22T21:47:24.000Z,matched
O,0000726728,0001104659-17-011170,2017-02-23,2017-02-23T21:13:19.000Z,matched
O,0000726728,0001104659-16-095923,2016-02-11,2016-02-11T21:55:53.000Z,matched
ATO,0000731802,0000731802-25-000056,2025-11-14,2025-11-14T22:06:37.000Z,matched
ATO,0000731802,0000731802-24-000030,2024-11-18,2024-11-18T21:20:38.000Z,matched
ATO,0000731802,0000731802-23-000028,2023-11-14,2023-11-14T20:29:24.000Z,matched
ATO,0000731802,0000731802-22-000037,2022-11-14,2022-11-14T21:37:34.000Z,matched
ATO,0000731802,0000731802-21-000040,2021-11-12,2021-11-12T20:01:25.000Z,matched
ATO,0000731802,0000731802-20-000040,2020-11-13,2020-11-13T18:00:52.000Z,matched
ATO,0000731802,0000731802-19-000037,2019-11-12,2019-11-12T17:40:29.000Z,matched
ATO,0000731802,0000731802-18-000039,2018-11-13,2018-11-13T12:30:41.000Z,matched
ATO,0000731802,0000731802-17-000041,2017-11-13,2017-11-13T17:51:18.000Z,matched
ATO,0000731802,0000731802-16-000066,2016-11-14,2016-11-14T20:32:24.000Z,matched
ROST,0000745732,0000745732-25-000010,2025-04-01,2025-03-31T21:41:13.000Z,matched
ROST,0000745732,0000745732-24-000009,2024-04-02,2024-04-01T21:40:06.000Z,matched
ROST,0000745732,0000745732-23-000013,2023-03-28,2023-03-27T21:46:00.000Z,matched
ROST,0000745732,0000745732-22-000014,2022-03-29,2022-03-28T21:52:31.000Z,matched
ROST,0000745732,0000745732-21-000017,2021-03-30,2021-03-29T22:05:12.000Z,matched
ROST,0000745732,0000745732-20-000016,2020-03-31,2020-03-30T21:56:18.000Z,matched
ROST,0000745732,0000745732-19-000009,2019-04-02,2019-04-01T22:02:54.000Z,matched
ROST,0000745732,0000745732-18-000004,2018-04-03,2018-04-03T00:28:09.000Z,matched
ROST,0000745732,0000745732-17-000009,2017-03-28,2017-03-27T22:50:48.000Z,matched
ROST,0000745732,0000745732-16-000037,2016-03-29,2016-03-28T23:29:45.000Z,matched
EXPD,0000746515,0000950170-25-024750,2025-02-21,2025-02-21T19:40:47.000Z,matched
EXPD,0000746515,0000950170-24-019394,2024-02-23,2024-02-23T21:18:45.000Z,matched
EXPD,0000746515,0000950170-23-005412,2023-03-01,2023-03-01T17:48:18.000Z,matched
EXPD,0000746515,0001564590-22-010381,2022-03-15,2022-03-15T20:10:21.000Z,matched
EXPD,0000746515,0001564590-21-006925,2021-02-19,2021-02-19T20:37:34.000Z,matched
EXPD,0000746515,0001564590-20-005719,2020-02-21,2020-02-21T20:01:31.000Z,matched
EXPD,0000746515,0000746515-19-000004,2019-02-22,2019-02-22T16:48:37.000Z,matched
EXPD,0000746515,0000746515-18-000004,2018-02-23,2018-02-23T15:05:38.000Z,matched
EXPD,0000746515,0000746515-17-000007,2017-02-23,2017-02-23T21:12:35.000Z,matched
EXPD,0000746515,0000746515-16-000053,2016-02-25,2016-02-25T17:27:46.000Z,matched
MO,0000764180,0000764180-25-000019,2025-02-26,2025-02-26T19:13:50.000Z,matched
MO,0000764180,0000764180-24-000018,2024-02-27,2024-02-27T19:18:36.000Z,matched
MO,0000764180,0000764180-23-000020,2023-02-27,2023-02-27T19:16:53.000Z,matched
MO,0000764180,0000764180-22-000019,2022-02-25,2022-02-25T17:52:58.000Z,matched
MO,0000764180,0000764180-21-000037,2021-02-26,2021-02-26T19:45:40.000Z,matched
MO,0000764180,0000764180-20-000018,2020-02-25,2020-02-25T21:31:52.000Z,matched
MO,0000764180,0000764180-19-000023,2019-02-26,2019-02-26T18:49:51.000Z,matched
MO,0000764180,0000764180-18-000028,2018-02-27,2018-02-27T22:31:37.000Z,matched
MO,0000764180,0000764180-17-000028,2017-02-27,2017-02-27T18:56:20.000Z,matched
MO,0000764180,0000764180-16-000128,2016-02-25,2016-02-25T14:47:25.000Z,matched
WELL,0000766704,0000766704-25-000009,2025-02-12,2025-02-12T12:48:13.000Z,matched
WELL,0000766704,0000766704-24-000008,2024-02-15,2024-02-15T12:25:22.000Z,matched
WELL,0000766704,0000766704-23-000010,2023-02-21,2023-02-21T21:09:46.000Z,matched
WELL,0000766704,0000766704-22-000013,2022-02-16,2022-02-16T13:17:37.000Z,matched
WELL,0000766704,0000766704-21-000018,2021-02-10,2021-02-10T21:31:46.000Z,matched
WELL,0000766704,0000766704-20-000015,2020-02-14,2020-02-14T12:36:55.000Z,matched
WELL,0000766704,0000766704-19-000014,2019-02-25,2019-02-25T13:41:38.000Z,matched
WELL,0000766704,0000766704-18-000012,2018-02-28,2018-02-28T22:14:51.000Z,matched
WELL,0000766704,0000766704-17-000012,2017-02-22,2017-02-22T21:34:03.000Z,matched
WELL,0000766704,0000766704-16-000055,2016-02-18,2016-02-18T22:23:14.000Z,matched
ADSK,0000769397,0000769397-25-000019,2025-03-06,2025-03-06T21:24:13.000Z,matched
ADSK,0000769397,0000769397-24-000090,2024-06-10,2024-06-10T20:16:30.000Z,matched
ADSK,0000769397,0000769397-23-000036,2023-03-14,2023-03-14T20:23:47.000Z,matched
ADSK,0000769397,0000769397-22-000019,2022-03-14,2022-03-14T20:03:37.000Z,matched
ADSK,0000769397,0000769397-21-000014,2021-03-19,2021-03-19T20:02:20.000Z,matched
ADSK,0000769397,0000769397-20-000013,2020-03-19,2020-03-19T20:08:49.000Z,matched
ADSK,0000769397,0000769397-19-000016,2019-03-25,2019-03-25T20:05:52.000Z,matched
ADSK,0000769397,0000769397-18-000011,2018-03-22,2018-03-22T21:04:04.000Z,matched
ADSK,0000769397,0000769397-17-000014,2017-03-21,2017-03-21T20:03:19.000Z,matched
ADSK,0000769397,0000769397-16-000067,2016-03-23,2016-03-23T20:02:56.000Z,matched
PEG,0000788784,0000950170-25-026874,2025-02-25,2025-02-25T22:24:49.000Z,matched
PEG,0000788784,0001628280-24-006885,2024-02-26,2024-02-26T21:26:07.000Z,matched
PEG,0000788784,0001628280-23-004411,2023-02-22,2023-02-22T00:56:44.000Z,matched
PEG,0000788784,0001628280-22-003860,2022-02-24,2022-02-24T22:12:39.000Z,matched
PEG,0000788784,0000788784-21-000007,2021-03-01,2021-02-26T23:54:08.000Z,matched
PEG,0000788784,0000788784-20-000004,2020-02-26,2020-02-26T22:15:29.000Z,matched
PEG,0000788784,0000788784-19-000005,2019-02-28,2019-02-28T00:35:09.000Z,matched
PEG,0000788784,0000788784-18-000004,2018-02-26,2018-02-26T14:22:03.000Z,matched
PEG,0000788784,0000788784-17-000003,2017-02-27,2017-02-27T22:28:47.000Z,matched
PEG,0000788784,0000788784-16-000014,2016-02-26,2016-02-26T02:14:33.000Z,matched
CCL,0000815097,0000815097-25-000007,2025-01-27,2025-01-27T11:11:17.000Z,matched
CCL,0000815097,0000815097-24-000011,2024-01-26,2024-01-26T15:09:35.000Z,matched
CCL,0000815097,0000815097-23-000012,2023-01-27,2023-01-27T16:36:20.000Z,matched
CCL,0000815097,0000815097-22-000009,2022-01-27,2022-01-27T17:40:15.000Z,matched
CCL,0000815097,0000815097-21-000027,2021-01-26,2021-01-26T15:40:20.000Z,matched
CCL,0000815097,0000815097-20-000003,2020-01-28,2020-01-28T16:19:47.000Z,matched
CCL,0000815097,0000815097-19-000004,2019-01-28,2019-01-28T15:54:24.000Z,matched
CCL,0000815097,0000815097-18-000005,2018-01-29,2018-01-29T14:27:30.000Z,matched
CCL,0000815097,0000815097-17-000001,2017-01-30,2017-01-30T14:27:06.000Z,matched
CCL,0000815097,0000815097-16-000030,2016-01-29,2016-01-29T14:13:08.000Z,matched
FAST,0000815556,0000815556-25-000065,2025-02-06,2025-02-06T17:30:33.000Z,matched
FAST,0000815556,0000815556-24-000009,2024-02-06,2024-02-06T17:35:41.000Z,matched
FAST,0000815556,0000815556-23-000009,2023-02-07,2023-02-07T17:15:41.000Z,matched
FAST,0000815556,0000815556-22-000009,2022-02-07,2022-02-07T18:45:51.000Z,matched
FAST,0000815556,0000815556-21-000008,2021-02-08,2021-02-08T18:18:39.000Z,matched
FAST,0000815556,0000815556-20-000011,2020-02-06,2020-02-06T17:52:03.000Z,matched
FAST,0000815556,0000815556-19-000015,2019-02-06,2019-02-06T18:03:30.000Z,matched
FAST,0000815556,0000815556-18-000010,2018-02-05,2018-02-05T16:48:27.000Z,matched
FAST,0000815556,0000815556-17-000009,2017-02-06,2017-02-06T16:14:53.000Z,matched
FAST,0000815556,0000815556-16-000087,2016-02-05,2016-02-05T14:58:57.000Z,matched
APH,0000820313,0001558370-25-000714,2025-02-07,2025-02-07T21:43:42.000Z,matched
APH,0000820313,0001558370-24-000866,2024-02-07,2024-02-07T21:41:10.000Z,matched
APH,0000820313,0001558370-23-001036,2023-02-08,2023-02-08T21:37:48.000Z,matched
APH,0000820313,0001558370-22-000961,2022-02-09,2022-02-09T21:39:10.000Z,matched
APH,0000820313,0001558370-21-000881,2021-02-10,2021-02-10T22:11:44.000Z,matched
APH,0000820313,0001558370-20-000728,2020-02-12,2020-02-12T21:51:12.000Z,matched
APH,0000820313,0001558370-19-000636,2019-02-13,2019-02-13T21:59:26.000Z,matched
APH,0000820313,0001558370-18-000871,2018-02-21,2018-02-21T22:28:05.000Z,matched
APH,0000820313,0001558370-17-000659,2017-02-17,2017-02-17T19:28:24.000Z,matched
APH,0000820313,0001104659-16-098503,2016-02-19,2016-02-19T21:13:34.000Z,matched
SBUX,0000829224,0000829224-25-000114,2025-11-14,2025-11-14T21:08:41.000Z,matched
SBUX,0000829224,0000829224-24-000057,2024-11-20,2024-11-20T21:08:06.000Z,matched
SBUX,0000829224,0000829224-23-000058,2023-11-17,2023-11-17T22:31:27.000Z,matched
SBUX,0000829224,0000829224-22-000058,2022-11-18,2022-11-18T21:35:30.000Z,matched
SBUX,0000829224,0000829224-21-000086,2021-11-19,2021-11-19T21:46:02.000Z,matched
SBUX,0000829224,0000829224-20-000078,2020-11-12,2020-11-12T21:59:07.000Z,matched
SBUX,0000829224,0000829224-19-000051,2019-11-15,2019-11-15T21:16:58.000Z,matched
SBUX,0000829224,0000829224-18-000052,2018-11-16,2018-11-16T21:44:31.000Z,matched
SBUX,0000829224,0000829224-17-000049,2017-11-17,2017-11-17T21:10:18.000Z,matched
SBUX,0000829224,0000829224-16-000083,2016-11-18,2016-11-18T21:06:40.000Z,matched
FCX,0000831259,0000831259-25-000006,2025-02-14,2025-02-14T22:00:48.000Z,matched
FCX,0000831259,0000831259-24-000011,2024-02-16,2024-02-15T23:00:31.000Z,matched
FCX,0000831259,0000831259-23-000013,2023-02-15,2023-02-15T22:00:47.000Z,matched
FCX,0000831259,0000831259-22-000009,2022-02-15,2022-02-15T20:08:57.000Z,matched
FCX,0000831259,0000831259-21-000009,2021-02-16,2021-02-16T20:38:33.000Z,matched
FCX,0000831259,0000831259-20-000004,2020-02-14,2020-02-14T20:59:58.000Z,matched
FCX,0000831259,0000831259-19-000009,2019-02-15,2019-02-15T19:25:42.000Z,matched
FCX,0000831259,0000831259-18-000008,2018-02-20,2018-02-20T22:05:25.000Z,matched
FCX,0000831259,0000831259-17-000012,2017-02-24,2017-02-24T18:07:11.000Z,matched
FCX,0000831259,0000831259-16-000062,2016-02-26,2016-02-26T22:35:06.000Z,matched
MNST,0000865752,0001410578-25-000248,2025-02-28,2025-02-28T22:19:05.000Z,matched
MNST,0000865752,0001104659-24-029425,2024-02-29,2024-02-29T21:55:57.000Z,matched
MNST,0000865752,0001104659-23-027245,2023-03-01,2023-03-01T18:56:13.000Z,matched
MNST,0000865752,0001104659-22-028182,2022-02-28,2022-02-28T22:24:06.000Z,matched
MNST,0000865752,0001104659-21-029943,2021-03-01,2021-03-01T20:46:40.000Z,matched
MNST,0000865752,0001104659-20-027209,2020-02-28,2020-02-28T22:05:10.000Z,matched
MNST,0000865752,0001104659-19-011581,2019-02-28,2019-02-28T21:47:15.000Z,matched
MNST,0000865752,0001104659-18-014057,2018-03-01,2018-03-01T20:20:56.000Z,matched
MNST,0000865752,0001104659-17-013048,2017-03-01,2017-03-01T21:19:57.000Z,matched
MNST,0000865752,0001104659-16-100960,2016-02-29,2016-02-29T20:09:11.000Z,matched
IDXX,0000874716,0000874716-25-000037,2025-02-21,2025-02-21T13:28:50.000Z,matched
IDXX,0000874716,0000874716-24-000057,2024-02-22,2024-02-22T21:17:19.000Z,matched
IDXX,0000874716,0000874716-23-000006,2023-02-16,2023-02-16T22:08:02.000Z,matched
IDXX,0000874716,0000874716-22-000007,2022-02-16,2022-02-16T19:57:07.000Z,matched
IDXX,0000874716,0000874716-21-000008,2021-02-12,2021-02-12T20:22:33.000Z,matched
IDXX,0000874716,0000874716-20-000006,2020-02-14,2020-02-14T22:08:09.000Z,matched
IDXX,0000874716,0000874716-19-000004,2019-02-15,2019-02-15T20:13:08.000Z,matched
IDXX,0000874716,0000874716-18-000005,2018-02-16,2018-02-16T19:51:54.000Z,matched
IDXX,0000874716,0000874716-17-000004,2017-02-17,2017-02-17T21:43:46.000Z,matched
IDXX,0000874716,0000874716-16-000020,2016-02-17,2016-02-16T23:24:34.000Z,matched
BIIB,0000875045,0000875045-25-000009,2025-02-12,2025-02-12T22:28:51.000Z,matched
BIIB,0000875045,0000875045-24-000009,2024-02-14,2024-02-13T22:40:44.000Z,matched
BIIB,0000875045,0000875045-23-000009,2023-02-15,2023-02-15T21:24:20.000Z,matched
BIIB,0000875045,0000875045-22-000007,2022-02-03,2022-02-03T22:24:29.000Z,matched
BIIB,0000875045,0000875045-21-000010,2021-02-03,2021-02-03T21:30:07.000Z,matched
BIIB,0000875045,0000875045-20-000005,2020-02-06,2020-02-06T21:32:39.000Z,matched
BIIB,0000875045,0000875045-19-000006,2019-02-06,2019-02-06T22:21:15.000Z,matched
BIIB,0000875045,0000875045-18-000005,2018-02-01,2018-02-01T21:35:03.000Z,matched
BIIB,0000875045,0000875045-17-000009,2017-02-02,2017-02-02T21:24:00.000Z,matched
BIIB,0000875045,0000875045-16-000042,2016-02-03,2016-02-03T21:25:52.000Z,matched
ODFL,0000878927,0000950170-25-026661,2025-02-25,2025-02-25T21:11:23.000Z,matched
ODFL,0000878927,0000950170-24-020176,2024-02-26,2024-02-26T21:20:23.000Z,matched
ODFL,0000878927,0000950170-23-003783,2023-02-22,2023-02-22T21:29:11.000Z,matched
ODFL,0000878927,0001564590-22-006303,2022-02-23,2022-02-23T21:44:18.000Z,matched
ODFL,0000878927,0001564590-21-008056,2021-02-24,2021-02-24T20:53:17.000Z,matched
ODFL,0000878927,0001564590-20-006626,2020-02-26,2020-02-26T16:13:04.000Z,matched
ODFL,0000878927,0001564590-19-004755,2019-02-27,2019-02-27T16:40:36.000Z,matched
ODFL,0000878927,0000878927-18-000005,2018-02-27,2018-02-27T17:54:04.000Z,matched
ODFL,0000878927,0000878927-17-000005,2017-02-27,2017-02-27T21:50:23.000Z,matched
ODFL,0000878927,0000878927-16-000055,2016-02-29,2016-02-29T17:08:12.000Z,matched
ROP,0000882835,0000882835-25-000008,2025-02-24,2025-02-24T22:06:17.000Z,matched
ROP,0000882835,0000882835-24-000008,2024-02-22,2024-02-22T22:05:32.000Z,matched
ROP,0000882835,0000882835-23-000016,2023-02-27,2023-02-27T21:48:06.000Z,matched
ROP,0000882835,0000882835-22-000012,2022-02-22,2022-02-22T22:02:07.000Z,matched
ROP,0000882835,0000882835-21-000011,2021-02-22,2021-02-22T13:59:47.000Z,matched
ROP,0000882835,0000882835-20-000006,2020-02-28,2020-02-28T19:02:08.000Z,matched
ROP,0000882835,0000882835-19-000010,2019-02-25,2019-02-25T16:44:47.000Z,matched
ROP,0000882835,0000882835-18-000011,2018-02-23,2018-02-23T21:10:12.000Z,matched
ROP,0000882835,0000882835-17-000006,2017-02-27,2017-02-27T18:56:23.000Z,matched
ROP,0000882835,0000882835-16-000035,2016-02-26,2016-02-26T19:09:27.000Z,matched
SNPS,0000883241,0000883241-25-000028,2025-12-22,2025-12-20T02:37:00.000Z,matched
SNPS,0000883241,0000883241-24-000024,2024-12-19,2024-12-19T02:23:35.000Z,matched
SNPS,0000883241,0000883241-23-000019,2023-12-12,2023-12-12T22:22:32.000Z,matched
SNPS,0000883241,0000883241-22-000017,2022-12-12,2022-12-12T22:28:23.000Z,matched
SNPS,0000883241,0000883241-21-000022,2021-12-13,2021-12-13T22:22:49.000Z,matched
SNPS,0000883241,0000883241-20-000015,2020-12-15,2020-12-15T01:00:04.000Z,matched
SNPS,0000883241,0000883241-19-000019,2019-12-20,2019-12-20T22:04:07.000Z,matched
SNPS,0000883241,0000883241-18-000012,2018-12-17,2018-12-15T01:07:29.000Z,matched
SNPS,0000883241,0000883241-17-000014,2017-12-14,2017-12-13T23:49:27.000Z,matched
SNPS,0000883241,0000883241-16-000027,2016-12-12,2016-12-10T00:54:04.000Z,matched
CPRT,0000900075,0001628280-25-042946,2025-09-26,2025-09-26T20:33:59.000Z,matched
CPRT,0000900075,0000900075-24-000024,2024-09-30,2024-09-27T23:06:12.000Z,matched
CPRT,0000900075,0000900075-23-000034,2023-09-28,2023-09-28T20:38:17.000Z,matched
CPRT,0000900075,0000900075-22-000050,2022-09-27,2022-09-27T20:27:24.000Z,matched
CPRT,0000900075,0000900075-21-000022,2021-09-27,2021-09-27T20:53:05.000Z,matched
CPRT,0000900075,0000900075-20-000021,2020-09-28,2020-09-28T20:48:27.000Z,matched
CPRT,0000900075,0000900075-19-000022,2019-09-30,2019-09-30T20:54:57.000Z,matched
CPRT,0000900075,0000900075-18-000048,2018-10-01,2018-10-01T20:48:26.000Z,matched
CPRT,0000900075,0000900075-17-000044,2017-09-28,2017-09-28T00:34:54.000Z,matched
CPRT,0000900075,0000900075-16-000081,2016-09-28,2016-09-28T21:29:23.000Z,matched
VMRK,0000906107,0000950170-25-019894,2025-02-13,2025-02-13T21:13:57.000Z,matched
VMRK,0000906107,0000950170-24-015907,2024-02-15,2024-02-15T21:20:41.000Z,matched
VMRK,0000906107,0000950170-23-003060,2023-02-16,2023-02-16T21:24:34.000Z,matched
VMRK,0000906107,0001564590-22-005566,2022-02-17,2022-02-17T21:15:55.000Z,matched
VMRK,0000906107,0001564590-21-006679,2021-02-18,2021-02-18T21:27:25.000Z,matched
VMRK,0000906107,0001564590-20-005562,2020-02-20,2020-02-20T21:16:57.000Z,matched
VMRK,0000906107,0001564590-19-003683,2019-02-21,2019-02-21T21:17:35.000Z,matched
VMRK,0000906107,0001564590-18-002873,2018-02-22,2018-02-22T21:15:12.000Z,matched
VMRK,0000906107,0000906107-17-000007,2017-02-23,2017-02-23T21:17:29.000Z,matched
VMRK,0000906107,0000906107-16-000029,2016-02-25,2016-02-25T21:11:10.000Z,matched
COST,0000909832,0000909832-25-000101,2025-10-08,2025-10-08T01:16:06.000Z,matched
COST,0000909832,0000909832-24-000049,2024-10-09,2024-10-08T22:40:07.000Z,matched
COST,0000909832,0000909832-23-000042,2023-10-11,2023-10-10T23:13:15.000Z,matched
COST,0000909832,0000909832-22-000021,2022-10-05,2022-10-05T01:59:05.000Z,matched
COST,0000909832,0000909832-21-000014,2021-10-06,2021-10-06T00:49:17.000Z,matched
COST,0000909832,0000909832-20-000017,2020-10-07,2020-10-06T23:07:39.000Z,matched
COST,0000909832,0000909832-19-000019,2019-10-11,2019-10-10T22:06:12.000Z,matched
COST,0000909832,0000909832-18-000013,2018-10-26,2018-10-26T13:21:46.000Z,matched
COST,0000909832,0000909832-17-000014,2017-10-18,2017-10-18T01:17:47.000Z,matched
COST,0000909832,0000909832-16-000032,2016-10-12,2016-10-11T23:26:22.000Z,matched
MLM,0000916076,0000950170-25-024770,2025-02-21,2025-02-21T19:57:38.000Z,matched
MLM,0000916076,0000950170-24-019275,2024-02-23,2024-02-23T19:36:46.000Z,matched
MLM,0000916076,0000950170-23-004361,2023-02-24,2023-02-24T20:29:47.000Z,matched
MLM,0000916076,0001564590-22-005965,2022-02-22,2022-02-22T22:25:16.000Z,matched
MLM,0000916076,0001564590-21-006959,2021-02-19,2021-02-19T21:36:13.000Z,matched
MLM,0000916076,0001564590-20-005784,2020-02-21,2020-02-21T21:57:43.000Z,matched
MLM,0000916076,0001193125-19-049961,2019-02-25,2019-02-25T21:38:50.000Z,matched
MLM,0000916076,0001193125-18-055887,2018-02-23,2018-02-23T20:41:37.000Z,matched
MLM,0000916076,0001193125-17-056282,2017-02-24,2017-02-24T21:02:10.000Z,matched
MLM,0000916076,0001193125-16-473754,2016-02-23,2016-02-23T22:09:11.000Z,matched
TTWO,0000946581,0001628280-25-026694,2025-05-20,2025-05-20T10:32:02.000Z,matched
TTWO,0000946581,0001628280-24-024623,2024-05-22,2024-05-22T01:04:08.000Z,matched
TTWO,0000946581,0001628280-23-019851,2023-05-26,2023-05-26T00:05:25.000Z,matched
TTWO,0000946581,0001628280-22-014580,2022-05-17,2022-05-17T00:16:44.000Z,matched
TTWO,0000946581,0001628280-21-010627,2021-05-19,2021-05-18T23:20:44.000Z,matched
TTWO,0000946581,0001628280-20-008291,2020-05-22,2020-05-22T20:30:38.000Z,matched
TTWO,0000946581,0001628280-19-006691,2019-05-14,2019-05-13T23:04:16.000Z,matched
TTWO,0000946581,0001628280-18-006877,2018-05-17,2018-05-16T22:45:03.000Z,matched
TTWO,0000946581,0001628280-17-005833,2017-05-24,2017-05-24T00:18:26.000Z,matched
TTWO,0000946581,0001047469-16-013278,2016-05-19,2016-05-18T22:19:21.000Z,matched
ACGL,0000947484,0000947484-25-000017,2025-02-27,2025-02-27T21:14:56.000Z,matched
ACGL,0000947484,0000947484-24-000020,2024-02-23,2024-02-23T20:13:41.000Z,matched
ACGL,0000947484,0000947484-23-000015,2023-02-24,2023-02-24T18:13:42.000Z,matched
ACGL,0000947484,0000947484-22-000015,2022-02-25,2022-02-25T15:08:14.000Z,matched
ACGL,0000947484,0000947484-21-000028,2021-02-26,2021-02-26T19:22:35.000Z,matched
ACGL,0000947484,0000947484-20-000012,2020-02-28,2020-02-28T22:07:41.000Z,matched
ACGL,0000947484,0000947484-19-000008,2019-02-28,2019-02-28T21:14:41.000Z,matched
ACGL,0000947484,0000947484-18-000012,2018-02-28,2018-02-28T21:56:31.000Z,matched
ACGL,0000947484,0000947484-17-000015,2017-03-01,2017-03-01T20:50:14.000Z,matched
ACGL,0000947484,0000947484-16-000043,2016-02-26,2016-02-26T22:38:12.000Z,matched
WAT,0001000697,0001193125-25-034579,2025-02-25,2025-02-25T15:55:15.000Z,matched
WAT,0001000697,0001193125-24-047491,2024-02-27,2024-02-27T16:52:37.000Z,matched
WAT,0001000697,0001193125-23-050827,2023-02-27,2023-02-27T21:32:19.000Z,matched
WAT,0001000697,0001193125-22-051509,2022-02-24,2022-02-24T18:04:47.000Z,matched
WAT,0001000697,0001193125-21-054385,2021-02-24,2021-02-24T19:57:56.000Z,matched
WAT,0001000697,0001193125-20-048303,2020-02-25,2020-02-25T21:02:20.000Z,matched
WAT,0001000697,0001193125-19-051872,2019-02-26,2019-02-26T20:49:47.000Z,matched
WAT,0001000697,0001193125-18-060830,2018-02-27,2018-02-27T21:08:12.000Z,matched
WAT,0001000697,0001193125-17-056239,2017-02-24,2017-02-24T20:49:17.000Z,matched
WAT,0001000697,0001193125-16-480594,2016-02-26,2016-02-26T16:41:30.000Z,matched
SCCO,0001001838,0001558370-25-002017,2025-03-03,2025-03-03T16:18:47.000Z,matched
SCCO,0001001838,0001558370-24-002119,2024-02-29,2024-02-29T15:15:22.000Z,matched
SCCO,0001001838,0001558370-23-002328,2023-02-28,2023-02-28T20:39:20.000Z,matched
SCCO,0001001838,0001558370-22-002968,2022-03-07,2022-03-07T22:15:56.000Z,matched
SCCO,0001001838,0001558370-21-001894,2021-02-26,2021-02-26T01:39:44.000Z,matched
SCCO,0001001838,0001558370-20-001781,2020-02-28,2020-02-28T21:24:56.000Z,matched
SCCO,0001001838,0001047469-19-000845,2019-03-01,2019-03-01T21:48:11.000Z,matched
SCCO,0001001838,0001047469-18-001211,2018-03-01,2018-03-01T21:36:47.000Z,matched
SCCO,0001001838,0001047469-17-001143,2017-03-01,2017-03-01T22:22:54.000Z,matched
SCCO,0001001838,0001104659-16-100568,2016-02-26,2016-02-26T22:03:11.000Z,matched
NTAP,0001002047,0000950170-25-083705,2025-06-09,2025-06-09T20:05:47.000Z,matched
NTAP,0001002047,0000950170-24-071327,2024-06-10,2024-06-10T20:27:03.000Z,matched
NTAP,0001002047,0000950170-23-027948,2023-06-14,2023-06-14T20:11:35.000Z,matched
NTAP,0001002047,0000950170-22-011708,2022-06-16,2022-06-16T01:05:56.000Z,matched
NTAP,0001002047,0001564590-21-033645,2021-06-21,2021-06-21T20:40:13.000Z,matched
NTAP,0001002047,0001564590-20-029349,2020-06-15,2020-06-15T20:08:13.000Z,matched
NTAP,0001002047,0001564590-19-022779,2019-06-18,2019-06-18T20:43:53.000Z,matched
NTAP,0001002047,0001564590-18-015820,2018-06-19,2018-06-19T20:30:25.000Z,matched
NTAP,0001002047,0001564590-17-012758,2017-06-20,2017-06-20T20:07:09.000Z,matched
NTAP,0001002047,0001564590-16-020754,2016-06-22,2016-06-22T20:07:00.000Z,matched
AEE,0001002910,0001002910-25-000055,2025-02-18,2025-02-18T21:09:43.000Z,matched
AEE,0001002910,0001002910-24-000056,2024-02-29,2024-02-29T19:48:22.000Z,matched
AEE,0001002910,0001002910-23-000053,2023-02-22,2023-02-22T01:28:07.000Z,matched
AEE,0001002910,0001002910-22-000038,2022-02-23,2022-02-22T23:43:23.000Z,matched
AEE,0001002910,0001002910-21-000065,2021-02-22,2021-02-22T22:22:26.000Z,matched
AEE,0001002910,0001002910-20-000077,2020-02-28,2020-02-28T22:34:34.000Z,matched
AEE,0001002910,0001002910-19-000094,2019-02-26,2019-02-26T22:21:39.000Z,matched
AEE,0001002910,0001002910-18-000069,2018-02-28,2018-02-28T21:42:56.000Z,matched
AEE,0001002910,0001002910-17-000054,2017-02-28,2017-02-28T16:06:25.000Z,matched
AEE,0001002910,0001002910-16-000205,2016-02-26,2016-02-26T22:49:07.000Z,matched
ATI,0001018963,0001628280-25-007092,2025-02-21,2025-02-21T20:40:28.000Z,matched
ATI,0001018963,0001628280-24-006606,2024-02-23,2024-02-23T18:54:13.000Z,matched
ATI,0001018963,0001628280-23-005017,2023-02-24,2023-02-24T19:28:42.000Z,matched
ATI,0001018963,0001628280-22-003961,2022-02-25,2022-02-25T18:25:12.000Z,matched
ATI,0001018963,0001628280-21-003434,2021-02-26,2021-02-26T18:52:31.000Z,matched
ATI,0001018963,0001018963-20-000004,2020-02-25,2020-02-25T17:44:37.000Z,matched
ATI,0001018963,0001018963-19-000007,2019-02-28,2019-02-28T17:20:24.000Z,matched
ATI,0001018963,0001018963-18-000004,2018-02-20,2018-02-20T19:30:21.000Z,matched
ATI,0001018963,0001018963-17-000007,2017-02-24,2017-02-24T19:11:15.000Z,matched
ATI,0001018963,0001018963-16-000049,2016-02-26,2016-02-26T21:03:59.000Z,matched
VLO,0001035002,0001035002-25-000005,2025-02-26,2025-02-26T19:47:52.000Z,matched
VLO,0001035002,0001035002-24-000007,2024-02-22,2024-02-22T19:17:34.000Z,matched
VLO,0001035002,0001035002-23-000027,2023-02-23,2023-02-23T19:28:38.000Z,matched
VLO,0001035002,0001035002-22-000007,2022-02-22,2022-02-22T19:55:26.000Z,matched
VLO,0001035002,0001035002-21-000051,2021-02-23,2021-02-23T20:43:21.000Z,matched
VLO,0001035002,0001035002-20-000007,2020-02-26,2020-02-26T19:08:29.000Z,matched
VLO,0001035002,0001035002-19-000008,2019-02-28,2019-02-28T21:06:55.000Z,matched
VLO,0001035002,0001035002-18-000010,2018-02-28,2018-02-28T19:24:13.000Z,matched
VLO,0001035002,0001035002-17-000009,2017-02-23,2017-02-23T20:34:55.000Z,matched
VLO,0001035002,0001035002-16-000069,2016-02-25,2016-02-25T19:49:47.000Z,matched
FIX,0001035983,0001558370-25-001222,2025-02-20,2025-02-20T21:13:24.000Z,matched
FIX,0001035983,0001558370-24-001529,2024-02-22,2024-02-22T21:08:04.000Z,matched
FIX,0001035983,0001558370-23-001757,2023-02-22,2023-02-22T21:18:13.000Z,matched
FIX,0001035983,0001558370-22-001753,2022-02-23,2022-02-23T21:36:56.000Z,matched
FIX,0001035983,0001558370-21-001828,2021-02-25,2021-02-25T21:18:11.000Z,matched
FIX,0001035983,0001558370-20-001491,2020-02-26,2020-02-26T22:03:00.000Z,matched
FIX,0001035983,0001558370-19-000857,2019-02-21,2019-02-21T21:35:34.000Z,matched
FIX,0001035983,0001558370-18-000936,2018-02-22,2018-02-22T21:31:21.000Z,matched
FIX,0001035983,0001558370-17-000882,2017-02-23,2017-02-23T21:12:26.000Z,matched
FIX,0001035983,0001047469-16-010332,2016-02-23,2016-02-23T21:43:21.000Z,matched
MTD,0001037646,0001037646-25-000012,2025-02-07,2025-02-07T16:47:43.000Z,matched
MTD,0001037646,0001037646-24-000007,2024-02-09,2024-02-09T18:06:36.000Z,matched
MTD,0001037646,0001037646-23-000005,2023-02-10,2023-02-10T17:35:21.000Z,matched
MTD,0001037646,0001037646-22-000008,2022-02-11,2022-02-11T18:06:41.000Z,matched
MTD,0001037646,0001037646-21-000008,2021-02-08,2021-02-08T21:31:20.000Z,matched
MTD,0001037646,0001037646-20-000005,2020-02-07,2020-02-07T20:44:24.000Z,matched
MTD,0001037646,0001037646-19-000010,2019-02-08,2019-02-08T18:56:30.000Z,matched
MTD,0001037646,0001037646-18-000006,2018-02-09,2018-02-08T22:34:21.000Z,matched
MTD,0001037646,0001037646-17-000004,2017-02-02,2017-02-02T22:24:53.000Z,matched
MTD,0001037646,0001037646-16-000043,2016-02-04,2016-02-04T22:18:58.000Z,matched
FDX,0001048911,0001048911-25-000011,2025-07-21,2025-07-21T20:13:19.000Z,matched
FDX,0001048911,0000950170-24-083577,2024-07-15,2024-07-15T20:16:29.000Z,matched
FDX,0001048911,0000950170-23-033201,2023-07-17,2023-07-17T20:16:59.000Z,matched
FDX,0001048911,0000950170-22-012762,2022-07-18,2022-07-18T20:16:49.000Z,matched
FDX,0001048911,0001564590-21-037031,2021-07-19,2021-07-19T20:18:04.000Z,matched
FDX,0001048911,0001564590-20-032775,2020-07-20,2020-07-20T20:16:44.000Z,matched
FDX,0001048911,0001564590-19-025065,2019-07-16,2019-07-16T20:18:24.000Z,matched
FDX,0001048911,0001564590-18-016877,2018-07-16,2018-07-16T20:19:05.000Z,matched
FDX,0001048911,0000950123-17-006152,2017-07-17,2017-07-17T12:46:15.000Z,matched
FDX,0001048911,0001193125-16-650267,2016-07-18,2016-07-18T20:29:51.000Z,matched
PWR,0001050915,0001050915-25-000005,2025-02-20,2025-02-20T15:10:36.000Z,matched
PWR,0001050915,0001050915-24-000009,2024-02-22,2024-02-22T14:56:10.000Z,matched
PWR,0001050915,0001050915-23-000010,2023-02-23,2023-02-23T15:03:37.000Z,matched
PWR,0001050915,0001050915-22-000008,2022-02-25,2022-02-25T22:10:27.000Z,matched
PWR,0001050915,0001050915-21-000009,2021-03-01,2021-02-26T23:54:46.000Z,matched
PWR,0001050915,0001050915-20-000020,2020-02-28,2020-02-28T22:10:05.000Z,matched
PWR,0001050915,0001050915-19-000014,2019-02-28,2019-02-28T22:12:22.000Z,matched
PWR,0001050915,0001050915-18-000003,2018-02-28,2018-02-28T21:18:55.000Z,matched
PWR,0001050915,0001193125-17-064821,2017-03-01,2017-03-01T18:07:31.000Z,matched
PWR,0001050915,0001193125-16-485494,2016-02-29,2016-02-29T21:51:57.000Z,matched
CMG,0001058090,0001058090-25-000014,2025-02-05,2025-02-05T21:24:21.000Z,matched
CMG,0001058090,0001562762-24-000023,2024-02-08,2024-02-07T23:24:05.000Z,matched
CMG,0001058090,0001058090-23-000010,2023-02-09,2023-02-09T01:00:47.000Z,matched
CMG,0001058090,0001058090-22-000011,2022-02-11,2022-02-11T20:36:45.000Z,matched
CMG,0001058090,0001058090-21-000010,2021-02-10,2021-02-10T02:59:51.000Z,matched
CMG,0001058090,0001058090-20-000010,2020-02-05,2020-02-05T02:00:06.000Z,matched
CMG,0001058090,0001058090-19-000007,2019-02-08,2019-02-08T02:44:15.000Z,matched
CMG,0001058090,0001058090-18-000018,2018-02-08,2018-02-08T22:17:44.000Z,matched
CMG,0001058090,0001058090-17-000009,2017-02-07,2017-02-07T00:05:02.000Z,matched
CMG,0001058090,0001058090-16-000058,2016-02-05,2016-02-05T01:00:11.000Z,matched
EPD,0001061219,0001061219-25-000006,2025-02-28,2025-02-28T15:44:31.000Z,matched
EPD,0001061219,0001061219-24-000006,2024-02-28,2024-02-28T15:54:40.000Z,matched
EPD,0001061219,0001061219-23-000006,2023-02-28,2023-02-28T15:29:20.000Z,matched
EPD,0001061219,0001061219-22-000008,2022-02-28,2022-02-28T17:29:19.000Z,matched
EPD,0001061219,0001061219-21-000009,2021-03-01,2021-03-01T15:51:30.000Z,matched
EPD,0001061219,0001061219-20-000014,2020-02-28,2020-02-28T02:13:30.000Z,matched
EPD,0001061219,0001061219-19-000007,2019-03-01,2019-02-28T22:54:53.000Z,matched
EPD,0001061219,0001061219-18-000008,2018-02-28,2018-02-28T15:37:17.000Z,matched
EPD,0001061219,0001061219-17-000008,2017-02-24,2017-02-24T14:53:52.000Z,matched
EPD,0001061219,0001061219-16-000058,2016-02-26,2016-02-25T23:04:39.000Z,matched
SPG,0001063761,0001558370-25-001271,2025-02-21,2025-02-21T16:03:27.000Z,matched
SPG,0001063761,0001558370-24-001532,2024-02-22,2024-02-22T21:11:39.000Z,matched
SPG,0001063761,0001558370-23-001840,2023-02-23,2023-02-23T14:45:23.000Z,matched
SPG,0001063761,0001558370-22-001845,2022-02-24,2022-02-24T12:50:39.000Z,matched
SPG,0001063761,0001558370-21-001700,2021-02-25,2021-02-25T11:28:02.000Z,matched
SPG,0001063761,0001558370-20-001135,2020-02-21,2020-02-21T15:36:58.000Z,matched
SPG,0001063761,0001558370-19-000875,2019-02-22,2019-02-22T11:47:24.000Z,matched
SPG,0001063761,0001558370-18-000981,2018-02-23,2018-02-23T11:36:17.000Z,matched
SPG,0001063761,0001558370-17-000934,2017-02-24,2017-02-24T11:21:48.000Z,matched
SPG,0001063761,0001047469-16-010465,2016-02-26,2016-02-26T11:04:06.000Z,matched
URI,0001067701,0001067701-25-000008,2025-01-29,2025-01-29T21:20:35.000Z,matched
URI,0001067701,0001067701-24-000007,2024-01-24,2024-01-24T21:27:28.000Z,matched
URI,0001067701,0001067701-23-000010,2023-01-25,2023-01-25T21:21:53.000Z,matched
URI,0001067701,0001067701-22-000008,2022-01-26,2022-01-26T21:21:38.000Z,matched
URI,0001067701,0001067701-21-000008,2021-01-27,2021-01-27T21:24:35.000Z,matched
URI,0001067701,0001067701-20-000008,2020-01-29,2020-01-29T21:35:59.000Z,matched
URI,0001067701,0001067701-19-000007,2019-01-23,2019-01-23T21:40:59.000Z,matched
URI,0001067701,0001067701-18-000006,2018-01-24,2018-01-24T21:30:00.000Z,matched
URI,0001067701,0001067701-17-000006,2017-01-25,2017-01-25T21:40:38.000Z,matched
URI,0001067701,0001067701-16-000039,2016-01-27,2016-01-27T21:36:44.000Z,matched
AXON,0001069183,0001069183-25-000019,2025-02-28,2025-02-28T21:22:06.000Z,matched
AXON,0001069183,0001069183-24-000006,2024-02-27,2024-02-27T21:31:51.000Z,matched
AXON,0001069183,0001558370-23-002413,2023-02-28,2023-02-28T22:02:00.000Z,matched
AXON,0001069183,0001558370-22-002006,2022-02-25,2022-02-25T00:31:18.000Z,matched
AXON,0001069183,0001558370-21-001873,2021-02-26,2021-02-25T23:13:11.000Z,matched
AXON,0001069183,0001069183-20-000016,2020-02-28,2020-02-27T23:32:54.000Z,matched
AXON,0001069183,0001069183-19-000023,2019-02-27,2019-02-27T22:28:57.000Z,matched
AXON,0001069183,0001069183-18-000020,2018-03-01,2018-03-01T20:49:38.000Z,matched
AXON,0001069183,0001069183-17-000042,2017-03-06,2017-03-06T22:27:32.000Z,matched
AXON,0001069183,0001069183-16-000148,2016-03-07,2016-03-05T00:16:42.000Z,matched
BKNG,0001075531,0001075531-25-000010,2025-02-20,2025-02-20T22:12:27.000Z,matched
BKNG,0001075531,0001075531-24-000014,2024-02-22,2024-02-22T22:21:32.000Z,matched
BKNG,0001075531,0001075531-23-000016,2023-02-23,2023-02-23T22:20:46.000Z,matched
BKNG,0001075531,0001075531-22-000008,2022-02-23,2022-02-23T22:19:51.000Z,matched
BKNG,0001075531,0001075531-21-000019,2021-02-24,2021-02-24T22:20:19.000Z,matched
BKNG,0001075531,0001075531-20-000011,2020-02-26,2020-02-26T22:08:40.000Z,matched
BKNG,0001075531,0001075531-19-000009,2019-02-27,2019-02-27T22:10:04.000Z,matched
BKNG,0001075531,0001075531-18-000015,2018-02-27,2018-02-27T22:17:39.000Z,matched
BKNG,0001075531,0001075531-17-000009,2017-02-27,2017-02-27T22:18:18.000Z,matched
BKNG,0001075531,0001075531-16-000084,2016-02-17,2016-02-17T13:32:42.000Z,matched
DVN,0001090012,0000950170-25-022844,2025-02-19,2025-02-19T17:01:33.000Z,matched
DVN,0001090012,0000950170-24-021781,2024-02-28,2024-02-28T17:00:49.000Z,matched
DVN,0001090012,0000950170-23-002852,2023-02-15,2023-02-15T17:01:08.000Z,matched
DVN,0001090012,0001564590-22-005321,2022-02-16,2022-02-16T17:02:22.000Z,matched
DVN,0001090012,0001564590-21-006239,2021-02-17,2021-02-17T16:02:04.000Z,matched
DVN,0001090012,0001564590-20-005182,2020-02-19,2020-02-19T17:03:54.000Z,matched
DVN,0001090012,0001564590-19-003382,2019-02-20,2019-02-20T17:18:53.000Z,matched
DVN,0001090012,0001564590-18-002582,2018-02-21,2018-02-21T17:03:34.000Z,matched
DVN,0001090012,0001564590-17-001607,2017-02-15,2017-02-15T17:02:34.000Z,matched
DVN,0001090012,0001193125-16-466687,2016-02-17,2016-02-17T18:00:59.000Z,matched
A,0001090872,0001090872-25-000087,2025-12-22,2025-12-19T23:00:46.000Z,matched
A,0001090872,0001090872-24-000049,2024-12-20,2024-12-19T23:51:56.000Z,matched
A,0001090872,0001090872-23-000020,2023-12-20,2023-12-19T23:52:16.000Z,matched
A,0001090872,0001090872-22-000026,2022-12-21,2022-12-20T23:42:30.000Z,matched
A,0001090872,0001090872-21-000027,2021-12-17,2021-12-17T22:01:49.000Z,matched
A,0001090872,0001090872-20-000020,2020-12-18,2020-12-18T00:56:21.000Z,matched
A,0001090872,0001090872-19-000022,2019-12-19,2019-12-19T22:11:01.000Z,matched
A,0001090872,0001090872-18-000019,2018-12-20,2018-12-20T21:27:07.000Z,matched
A,0001090872,0001090872-17-000018,2017-12-21,2017-12-21T21:27:19.000Z,matched
A,0001090872,0001090872-16-000082,2016-12-20,2016-12-20T21:22:19.000Z,matched
TDY,0001094285,0001094285-25-000053,2025-02-21,2025-02-21T00:10:07.000Z,matched
TDY,0001094285,0001094285-24-000044,2024-02-23,2024-02-23T21:38:34.000Z,matched
TDY,0001094285,0001094285-23-000053,2023-02-24,2023-02-24T22:26:54.000Z,matched
TDY,0001094285,0001094285-22-000049,2022-02-25,2022-02-25T22:20:39.000Z,matched
TDY,0001094285,0001094285-21-000066,2021-02-26,2021-02-26T01:33:11.000Z,matched
TDY,0001094285,0001094285-20-000045,2020-02-24,2020-02-22T01:25:22.000Z,matched
TDY,0001094285,0001094285-19-000064,2019-02-25,2019-02-23T01:43:01.000Z,matched
TDY,0001094285,0001094285-18-000053,2018-02-27,2018-02-27T22:03:17.000Z,matched
TDY,0001094285,0001094285-17-000031,2017-03-02,2017-03-02T20:44:39.000Z,matched
TDY,0001094285,0001094285-16-000177,2016-03-01,2016-03-01T02:31:51.000Z,matched
MELI,0001099590,0001099590-25-000007,2025-02-21,2025-02-21T21:07:16.000Z,matched
MELI,0001099590,0001099590-24-000008,2024-02-23,2024-02-23T21:01:42.000Z,matched
MELI,0001099590,0001099590-23-000007,2023-02-24,2023-02-24T21:02:21.000Z,matched
MELI,0001099590,0001562762-22-000049,2022-02-23,2022-02-23T21:02:19.000Z,matched
MELI,0001099590,0001562762-21-000079,2021-03-01,2021-03-01T21:26:47.000Z,matched
MELI,0001099590,0001562762-20-000055,2020-02-14,2020-02-14T22:14:03.000Z,matched
MELI,0001099590,0001562762-19-000047,2019-02-28,2019-02-28T14:18:56.000Z,matched
MELI,0001099590,0001562762-18-000040,2018-02-23,2018-02-23T21:15:54.000Z,matched
MELI,0001099590,0001562762-17-000024,2017-02-24,2017-02-24T21:31:03.000Z,matched
MELI,0001099590,0001562762-16-000352,2016-02-26,2016-02-26T22:44:12.000Z,matched
MDLZ,0001103982,0001103982-25-000030,2025-02-05,2025-02-05T19:52:14.000Z,matched
MDLZ,0001103982,0001103982-24-000019,2024-02-02,2024-02-02T20:50:24.000Z,matched
MDLZ,0001103982,0001103982-23-000006,2023-02-03,2023-02-03T17:06:38.000Z,matched
MDLZ,0001103982,0001103982-22-000003,2022-02-04,2022-02-04T18:40:11.000Z,matched
MDLZ,0001103982,0001103982-21-000004,2021-02-05,2021-02-05T15:23:42.000Z,matched
MDLZ,0001103982,0001103982-20-000003,2020-02-07,2020-02-07T16:22:43.000Z,matched
MDLZ,0001103982,0001103982-19-000005,2019-02-08,2019-02-08T15:34:04.000Z,matched
MDLZ,0001103982,0001193125-18-037332,2018-02-09,2018-02-09T15:33:19.000Z,matched
MDLZ,0001103982,0001193125-17-055858,2017-02-24,2017-02-24T18:04:38.000Z,matched
MDLZ,0001103982,0001193125-16-469394,2016-02-19,2016-02-19T16:41:16.000Z,matched
CNP,0001130310,0001130310-25-000040,2025-02-20,2025-02-20T11:05:52.000Z,matched
CNP,0001130310,0001130310-24-000010,2024-02-20,2024-02-20T11:34:49.000Z,matched
CNP,0001130310,0001130310-23-000013,2023-02-17,2023-02-17T11:17:48.000Z,matched
CNP,0001130310,0001130310-22-000023,2022-02-22,2022-02-22T11:21:12.000Z,matched
CNP,0001130310,0001130310-21-000009,2021-02-25,2021-02-25T11:17:51.000Z,matched
CNP,0001130310,0001130310-20-000016,2020-02-27,2020-02-27T11:29:09.000Z,matched
CNP,0001130310,0001130310-19-000016,2019-02-28,2019-02-28T11:29:10.000Z,matched
CNP,0001130310,0001130310-18-000003,2018-02-22,2018-02-22T11:24:04.000Z,matched
CNP,0001130310,0001130310-17-000006,2017-02-28,2017-02-28T11:22:13.000Z,matched
CNP,0001130310,0001130310-16-000031,2016-02-26,2016-02-26T11:32:43.000Z,matched
ELV,0001156039,0001156039-25-000010,2025-02-20,2025-02-20T20:58:57.000Z,matched
ELV,0001156039,0001156039-24-000015,2024-02-21,2024-02-21T21:30:31.000Z,matched
ELV,0001156039,0001156039-23-000007,2023-02-15,2023-02-15T21:44:30.000Z,matched
ELV,0001156039,0001156039-22-000009,2022-02-16,2022-02-16T21:01:21.000Z,matched
ELV,0001156039,0001156039-21-000012,2021-02-18,2021-02-18T21:03:06.000Z,matched
ELV,0001156039,0001156039-20-000003,2020-02-19,2020-02-19T20:14:06.000Z,matched
ELV,0001156039,0001156039-19-000004,2019-02-20,2019-02-20T19:53:10.000Z,matched
ELV,0001156039,0001156039-18-000003,2018-02-21,2018-02-21T19:02:53.000Z,matched
ELV,0001156039,0001156039-17-000002,2017-02-22,2017-02-22T18:09:22.000Z,matched
ELV,0001156039,0001156039-16-000018,2016-02-19,2016-02-19T15:48:08.000Z,matched
CPAY,0001175454,0001628280-25-008746,2025-02-27,2025-02-27T22:13:10.000Z,matched
CPAY,0001175454,0001628280-24-008060,2024-02-29,2024-02-29T22:15:41.000Z,matched
CPAY,0001175454,0001628280-23-005444,2023-02-28,2023-02-28T18:35:41.000Z,matched
CPAY,0001175454,0001628280-22-004531,2022-03-01,2022-03-01T21:28:55.000Z,matched
CPAY,0001175454,0001175454-21-000022,2021-02-26,2021-02-26T22:18:37.000Z,matched
CPAY,0001175454,0001175454-20-000008,2020-03-02,2020-03-02T21:06:12.000Z,matched
CPAY,0001175454,0001175454-19-000004,2019-03-01,2019-03-01T21:44:55.000Z,matched
CPAY,0001175454,0001175454-18-000007,2018-03-01,2018-03-01T21:46:14.000Z,matched
CPAY,0001175454,0001175454-17-000005,2017-03-01,2017-03-01T21:29:55.000Z,matched
CPAY,0001175454,0001193125-16-485752,2016-02-29,2016-02-29T22:35:54.000Z,matched
ALNY,0001178670,0001178670-25-000026,2025-02-13,2025-02-13T13:31:57.000Z,matched
ALNY,0001178670,0001178670-24-000008,2024-02-15,2024-02-15T21:23:12.000Z,matched
ALNY,0001178670,0001178670-23-000005,2023-02-23,2023-02-23T13:19:23.000Z,matched
ALNY,0001178670,0001178670-22-000013,2022-02-10,2022-02-10T13:22:31.000Z,matched
ALNY,0001178670,0001178670-21-000010,2021-02-11,2021-02-11T21:13:06.000Z,matched
ALNY,0001178670,0001178670-20-000004,2020-02-13,2020-02-13T13:29:30.000Z,matched
ALNY,0001178670,0001564590-19-003022,2019-02-14,2019-02-14T22:25:58.000Z,matched
ALNY,0001178670,0001564590-18-002152,2018-02-15,2018-02-15T12:36:48.000Z,matched
ALNY,0001178670,0001564590-17-001649,2017-02-15,2017-02-15T22:06:26.000Z,matched
ALNY,0001178670,0001193125-16-462538,2016-02-12,2016-02-12T21:37:29.000Z,matched
ET,0001276187,0001276187-25-000018,2025-02-14,2025-02-14T19:07:03.000Z,matched
ET,0001276187,0001276187-24-000024,2024-02-16,2024-02-16T17:27:42.000Z,matched
ET,0001276187,0001276187-23-000014,2023-02-17,2023-02-17T17:22:40.000Z,matched
ET,0001276187,0001276187-22-000020,2022-02-18,2022-02-18T17:25:56.000Z,matched
ET,0001276187,0001276187-21-000034,2021-02-19,2021-02-19T21:10:55.000Z,matched
ET,0001276187,0001276187-20-000011,2020-02-21,2020-02-21T18:47:11.000Z,matched
ET,0001276187,0001276187-19-000011,2019-02-22,2019-02-22T18:53:57.000Z,matched
ET,0001276187,0001276187-18-000011,2018-02-23,2018-02-23T21:58:06.000Z,matched
ET,0001276187,0001276187-17-000023,2017-02-24,2017-02-24T21:44:46.000Z,matched
ET,0001276187,0001276187-16-000132,2016-02-29,2016-02-29T21:32:57.000Z,matched
EXR,0001289490,0001628280-25-009060,2025-02-28,2025-02-28T21:26:11.000Z,matched
EXR,0001289490,0001628280-24-008044,2024-02-29,2024-02-29T22:03:20.000Z,matched
EXR,0001289490,0001628280-23-005628,2023-02-28,2023-02-28T21:59:50.000Z,matched
EXR,0001289490,0001628280-22-004274,2022-02-28,2022-02-28T21:57:00.000Z,matched
EXR,0001289490,0001628280-21-003458,2021-02-26,2021-02-26T21:05:52.000Z,matched
EXR,0001289490,0001628280-20-002202,2020-02-25,2020-02-25T21:20:41.000Z,matched
EXR,0001289490,0001628280-19-001968,2019-02-26,2019-02-26T21:22:26.000Z,matched
EXR,0001289490,0001628280-18-002649,2018-03-01,2018-03-01T21:42:49.000Z,matched
EXR,0001289490,0001628280-17-001815,2017-02-27,2017-02-27T22:35:12.000Z,matched
EXR,0001289490,0001193125-16-485633,2016-02-29,2016-02-29T22:35:04.000Z,matched
LVS,0001300514,0001300514-25-000040,2025-02-07,2025-02-07T22:11:18.000Z,matched
LVS,0001300514,0001300514-24-000048,2024-02-07,2024-02-07T21:47:16.000Z,matched
LVS,0001300514,0001300514-23-000021,2023-02-03,2023-02-03T21:02:55.000Z,matched
LVS,0001300514,0001300514-22-000007,2022-02-04,2022-02-04T21:29:50.000Z,matched
LVS,0001300514,0001300514-21-000033,2021-02-05,2021-02-05T21:49:15.000Z,matched
LVS,0001300514,0001300514-20-000011,2020-02-07,2020-02-07T22:14:01.000Z,matched
LVS,0001300514,0001300514-19-000021,2019-02-22,2019-02-22T21:04:56.000Z,matched
LVS,0001300514,0001300514-18-000022,2018-02-23,2018-02-23T21:14:21.000Z,matched
LVS,0001300514,0001300514-17-000005,2017-02-24,2017-02-24T21:24:52.000Z,matched
LVS,0001300514,0001300514-16-000023,2016-02-26,2016-02-26T22:23:25.000Z,matched
LYV,0001335258,0001335258-25-000028,2025-02-21,2025-02-20T22:39:17.000Z,matched
LYV,0001335258,0001335258-24-000017,2024-02-22,2024-02-22T21:34:57.000Z,matched
LYV,0001335258,0001335258-23-000014,2023-02-23,2023-02-23T21:46:35.000Z,matched
LYV,0001335258,0001335258-22-000019,2022-02-23,2022-02-23T21:33:45.000Z,matched
LYV,0001335258,0001335258-21-000009,2021-03-01,2021-03-01T21:51:51.000Z,matched
LYV,0001335258,0001335258-20-000028,2020-02-27,2020-02-27T21:32:47.000Z,matched
LYV,0001335258,0001335258-19-000024,2019-02-28,2019-02-28T21:48:26.000Z,matched
LYV,0001335258,0001335258-18-000023,2018-02-27,2018-02-27T21:35:53.000Z,matched
LYV,0001335258,0001335258-17-000031,2017-02-23,2017-02-23T21:34:33.000Z,matched
LYV,0001335258,0001335258-16-000167,2016-02-25,2016-02-25T21:37:03.000Z,matched
ORCL,0001341439,0000950170-25-087926,2025-06-18,2025-06-18T20:31:22.000Z,matched
ORCL,0001341439,0000950170-24-075605,2024-06-20,2024-06-20T20:21:35.000Z,matched
ORCL,0001341439,0000950170-23-028914,2023-06-20,2023-06-20T20:06:29.000Z,matched
ORCL,0001341439,0001564590-22-023675,2022-06-21,2022-06-21T12:04:37.000Z,matched
ORCL,0001341439,0001564590-21-033616,2021-06-21,2021-06-21T20:10:31.000Z,matched
ORCL,0001341439,0001564590-20-030125,2020-06-22,2020-06-22T20:25:49.000Z,matched
ORCL,0001341439,0001564590-19-023119,2019-06-21,2019-06-21T20:29:05.000Z,matched
ORCL,0001341439,0001193125-18-201034,2018-06-22,2018-06-22T20:09:07.000Z,matched
ORCL,0001341439,0001193125-17-214833,2017-06-27,2017-06-27T20:05:35.000Z,matched
ORCL,0001341439,0001193125-16-628942,2016-06-22,2016-06-22T20:24:36.000Z,matched
CQP,0001383650,0001383650-25-000007,2025-02-20,2025-02-19T22:41:19.000Z,matched
CQP,0001383650,0001383650-24-000013,2024-02-22,2024-02-21T22:39:40.000Z,matched
CQP,0001383650,0001383650-23-000008,2023-02-23,2023-02-23T00:28:52.000Z,matched
CQP,0001383650,0001383650-22-000005,2022-02-24,2022-02-24T02:37:13.000Z,matched
CQP,0001383650,0001383650-21-000005,2021-02-24,2021-02-24T00:35:47.000Z,matched
CQP,0001383650,0001383650-20-000006,2020-02-25,2020-02-24T23:59:27.000Z,matched
CQP,0001383650,0001383650-19-000005,2019-02-26,2019-02-25T22:35:50.000Z,matched
CQP,0001383650,0001383650-18-000005,2018-02-21,2018-02-20T23:13:33.000Z,matched
CQP,0001383650,0001383650-17-000011,2017-02-24,2017-02-24T21:03:46.000Z,matched
CQP,0001383650,0001383650-16-000087,2016-02-19,2016-02-18T23:12:10.000Z,matched
VMC,0001396009,0001396009-25-000005,2025-02-20,2025-02-20T17:35:11.000Z,matched
VMC,0001396009,0001396009-24-000006,2024-02-22,2024-02-22T19:36:22.000Z,matched
VMC,0001396009,0001396009-23-000007,2023-02-24,2023-02-24T16:43:25.000Z,matched
VMC,0001396009,0001396009-22-000010,2022-02-25,2022-02-25T14:37:54.000Z,matched
VMC,0001396009,0001396009-21-000009,2021-02-25,2021-02-25T15:20:58.000Z,matched
VMC,0001396009,0001396009-20-000006,2020-02-26,2020-02-26T15:00:36.000Z,matched
VMC,0001396009,0001396009-19-000021,2019-02-26,2019-02-26T15:27:58.000Z,matched
VMC,0001396009,0001396009-18-000011,2018-02-27,2018-02-27T15:53:25.000Z,matched
VMC,0001396009,0001396009-17-000005,2017-02-24,2017-02-24T16:20:42.000Z,matched
VMC,0001396009,0001396009-16-000044,2016-02-25,2016-02-25T15:19:57.000Z,matched
V,0001403161,0001403161-25-000089,2025-11-06,2025-11-06T21:09:41.000Z,matched
V,0001403161,0001403161-24-000058,2024-11-13,2024-11-13T22:14:01.000Z,matched
V,0001403161,0001403161-23-000099,2023-11-15,2023-11-15T21:07:14.000Z,matched
V,0001403161,0001403161-22-000081,2022-11-16,2022-11-16T21:06:43.000Z,matched
V,0001403161,0001403161-21-000060,2021-11-18,2021-11-18T21:06:50.000Z,matched
V,0001403161,0001403161-20-000070,2020-11-19,2020-11-19T21:03:34.000Z,matched
V,0001403161,0001403161-19-000050,2019-11-14,2019-11-14T20:35:00.000Z,matched
V,0001403161,0001403161-18-000055,2018-11-16,2018-11-16T21:10:27.000Z,matched
V,0001403161,0001403161-17-000044,2017-11-17,2017-11-17T01:07:25.000Z,matched
V,0001403161,0001403161-16-000058,2016-11-15,2016-11-15T21:44:02.000Z,matched
ULTA,0001403568,0001558370-25-003810,2025-03-27,2025-03-27T20:05:28.000Z,matched
ULTA,0001403568,0001558370-24-003941,2024-03-26,2024-03-26T20:02:48.000Z,matched
ULTA,0001403568,0001558370-23-004581,2023-03-24,2023-03-24T20:46:46.000Z,matched
ULTA,0001403568,0001558370-22-004330,2022-03-25,2022-03-25T13:38:09.000Z,matched
ULTA,0001403568,0001558370-21-003523,2021-03-26,2021-03-26T17:07:31.000Z,matched
ULTA,0001403568,0001558370-20-003272,2020-03-27,2020-03-27T20:43:34.000Z,matched
ULTA,0001403568,0001558370-19-002739,2019-04-02,2019-04-02T17:31:13.000Z,matched
ULTA,0001403568,0001558370-18-002733,2018-04-03,2018-04-03T18:32:45.000Z,matched
ULTA,0001403568,0001193125-17-099261,2017-03-28,2017-03-28T16:35:05.000Z,matched
ULTA,0001403568,0001193125-16-523101,2016-03-30,2016-03-30T16:19:07.000Z,matched
KKR,0001404912,0001404912-25-000015,2025-02-28,2025-02-28T21:28:06.000Z,matched
KKR,0001404912,0001404912-24-000005,2024-02-29,2024-02-29T21:21:46.000Z,matched
KKR,0001404912,0001404912-23-000005,2023-02-27,2023-02-27T22:10:42.000Z,matched
KKR,0001404912,0001404912-22-000004,2022-02-28,2022-02-28T11:16:51.000Z,matched
KKR,0001404912,0001404912-21-000008,2021-02-19,2021-02-19T21:43:12.000Z,matched
KKR,0001404912,0001404912-20-000006,2020-02-18,2020-02-14T23:25:15.000Z,matched
KKR,0001404912,0001404912-19-000006,2019-02-15,2019-02-15T21:57:52.000Z,matched
KKR,0001404912,0001404912-18-000005,2018-02-23,2018-02-23T21:40:17.000Z,matched
KKR,0001404912,0001404912-17-000005,2017-02-24,2017-02-24T21:33:50.000Z,matched
KKR,0001404912,0001404912-16-000009,2016-02-26,2016-02-26T22:20:31.000Z,matched
MSCI,0001408198,0001408198-25-000053,2025-02-07,2025-02-07T21:02:25.000Z,matched
MSCI,0001408198,0001408198-24-000030,2024-02-09,2024-02-09T21:39:39.000Z,matched
MSCI,0001408198,0001408198-23-000011,2023-02-10,2023-02-10T21:28:55.000Z,matched
MSCI,0001408198,0001564590-22-004803,2022-02-11,2022-02-11T21:30:54.000Z,matched
MSCI,0001408198,0001564590-21-005811,2021-02-12,2021-02-12T21:54:12.000Z,matched
MSCI,0001408198,0001564590-20-004992,2020-02-18,2020-02-18T18:24:25.000Z,matched
MSCI,0001408198,0001564590-19-003885,2019-02-22,2019-02-22T20:26:15.000Z,matched
MSCI,0001408198,0001564590-18-003147,2018-02-26,2018-02-26T15:45:53.000Z,matched
MSCI,0001408198,0001564590-17-002336,2017-02-24,2017-02-24T17:14:24.000Z,matched
MSCI,0001408198,0001193125-16-482334,2016-02-26,2016-02-26T22:06:29.000Z,matched
AWK,0001410636,0001410636-25-000022,2025-02-19,2025-02-19T21:27:57.000Z,matched
AWK,0001410636,0001410636-24-000050,2024-02-14,2024-02-14T21:28:14.000Z,matched
AWK,0001410636,0001410636-23-000020,2023-02-15,2023-02-15T21:31:32.000Z,matched
AWK,0001410636,0001410636-22-000048,2022-02-16,2022-02-16T21:32:28.000Z,matched
AWK,0001410636,0001410636-21-000101,2021-02-24,2021-02-24T21:32:18.000Z,matched
AWK,0001410636,0001410636-20-000040,2020-02-18,2020-02-18T21:34:02.000Z,matched
AWK,0001410636,0001410636-19-000041,2019-02-19,2019-02-19T21:32:26.000Z,matched
AWK,0001410636,0001410636-18-000076,2018-02-20,2018-02-20T21:33:54.000Z,matched
AWK,0001410636,0001564590-17-001899,2017-02-21,2017-02-21T21:32:56.000Z,matched
AWK,0001410636,0001564590-16-013247,2016-02-25,2016-02-25T01:10:46.000Z,matched
ECHO,0001415404,0001558370-25-001663,2025-02-27,2025-02-27T11:02:08.000Z,matched
ECHO,0001415404,0001558370-24-002209,2024-02-29,2024-02-29T22:01:16.000Z,matched
ECHO,0001415404,0001415404-23-000005,2023-02-23,2023-02-22T22:59:27.000Z,matched
ECHO,0001415404,0001415404-22-000005,2022-02-24,2022-02-23T23:57:38.000Z,matched
ECHO,0001415404,0001415404-21-000005,2021-02-23,2021-02-23T01:08:08.000Z,matched
ECHO,0001415404,0001415404-20-000005,2020-02-20,2020-02-20T12:57:39.000Z,matched
ECHO,0001415404,0001415404-19-000003,2019-02-21,2019-02-21T01:04:45.000Z,matched
ECHO,0001415404,0001415404-18-000005,2018-02-22,2018-02-22T00:48:40.000Z,matched
ECHO,0001415404,0001415404-17-000010,2017-02-24,2017-02-24T01:43:53.000Z,matched
ECHO,0001415404,0001104659-16-099355,2016-02-24,2016-02-24T11:03:32.000Z,matched
P,0001474432,0001628280-25-015044,2025-03-27,2025-03-27T01:25:43.000Z,matched
P,0001474432,0001628280-24-013860,2024-04-01,2024-03-30T01:12:45.000Z,matched
P,0001474432,0001628280-23-010275,2023-04-03,2023-04-01T00:36:51.000Z,matched
P,0001474432,0001628280-22-008643,2022-04-07,2022-04-07T01:00:34.000Z,matched
P,0001474432,0001628280-21-005538,2021-03-25,2021-03-25T01:57:00.000Z,matched
P,0001474432,0001628280-20-004133,2020-03-27,2020-03-26T23:46:12.000Z,matched
P,0001474432,0001628280-19-003437,2019-03-26,2019-03-26T20:57:46.000Z,matched
P,0001474432,0001628280-18-003579,2018-03-26,2018-03-26T21:24:53.000Z,matched
P,0001474432,0001628280-17-003034,2017-03-29,2017-03-29T01:45:29.000Z,matched
P,0001474432,0001564590-16-015322,2016-03-25,2016-03-25T21:22:42.000Z,matched
IQV,0001478242,0001478242-25-000045,2025-02-13,2025-02-13T12:39:45.000Z,matched
IQV,0001478242,0001478242-24-000038,2024-02-15,2024-02-15T12:33:24.000Z,matched
IQV,0001478242,0001478242-23-000044,2023-02-15,2023-02-15T21:24:16.000Z,matched
IQV,0001478242,0001478242-22-000041,2022-02-16,2022-02-16T21:22:34.000Z,matched
IQV,0001478242,0001478242-21-000020,2021-02-12,2021-02-12T21:16:25.000Z,matched
IQV,0001478242,0001564590-20-004901,2020-02-18,2020-02-18T12:33:23.000Z,matched
IQV,0001478242,0001564590-19-003180,2019-02-19,2019-02-19T12:08:47.000Z,matched
IQV,0001478242,0001564590-18-002340,2018-02-16,2018-02-16T21:41:29.000Z,matched
IQV,0001478242,0001193125-17-046709,2017-02-16,2017-02-16T21:17:46.000Z,matched
IQV,0001478242,0001564590-16-012629,2016-02-11,2016-02-11T14:44:13.000Z,matched
KMI,0001506307,0001506307-25-000008,2025-02-13,2025-02-13T22:22:04.000Z,matched
KMI,0001506307,0001506307-24-000011,2024-02-20,2024-02-20T13:56:07.000Z,matched
KMI,0001506307,0001506307-23-000023,2023-02-08,2023-02-08T21:33:03.000Z,matched
KMI,0001506307,0001506307-22-000018,2022-02-07,2022-02-07T22:03:15.000Z,matched
KMI,0001506307,0001506307-21-000022,2021-02-05,2021-02-05T22:06:31.000Z,matched
KMI,0001506307,0001506307-20-000022,2020-02-12,2020-02-12T00:42:37.000Z,matched
KMI,0001506307,0001506307-19-000033,2019-02-08,2019-02-08T22:34:43.000Z,matched
KMI,0001506307,0001506307-18-000010,2018-02-09,2018-02-09T22:10:00.000Z,matched
KMI,0001506307,0001506307-17-000008,2017-02-10,2017-02-10T21:47:08.000Z,matched
KMI,0001506307,0001506307-16-000072,2016-02-16,2016-02-16T12:26:20.000Z,matched
UI,0001511737,0001511737-25-000053,2025-08-22,2025-08-22T10:59:16.000Z,matched
UI,0001511737,0001511737-24-000053,2024-08-23,2024-08-23T11:01:19.000Z,matched
UI,0001511737,0001511737-23-000061,2023-08-25,2023-08-25T10:59:41.000Z,matched
UI,0001511737,0001511737-22-000049,2022-08-26,2022-08-26T11:00:34.000Z,matched
UI,0001511737,0001511737-21-000036,2021-08-27,2021-08-27T11:01:08.000Z,matched
UI,0001511737,0001511737-20-000022,2020-08-21,2020-08-21T11:15:30.000Z,matched
UI,0001511737,0001511737-19-000026,2019-08-21,2019-08-21T17:21:57.000Z,matched
UI,0001511737,0001511737-18-000012,2018-08-24,2018-08-24T11:24:05.000Z,matched
UI,0001511737,0001628280-17-008894,2017-08-25,2017-08-25T17:29:02.000Z,matched
UI,0001511737,0001511737-16-000040,2016-08-22,2016-08-22T18:37:18.000Z,matched
XYL,0001524472,0001524472-25-000013,2025-03-03,2025-03-03T17:01:51.000Z,matched
XYL,0001524472,0001524472-24-000006,2024-02-28,2024-02-28T19:28:06.000Z,matched
XYL,0001524472,0001524472-23-000009,2023-02-24,2023-02-24T18:13:40.000Z,matched
XYL,0001524472,0001524472-22-000009,2022-02-25,2022-02-25T18:43:00.000Z,matched
XYL,0001524472,0001524472-21-000008,2021-02-26,2021-02-26T19:41:14.000Z,matched
XYL,0001524472,0001524472-20-000006,2020-02-28,2020-02-28T17:33:04.000Z,matched
XYL,0001524472,0001524472-19-000009,2019-02-22,2019-02-22T15:34:01.000Z,matched
XYL,0001524472,0001524472-18-000006,2018-02-23,2018-02-23T17:53:26.000Z,matched
XYL,0001524472,0001524472-17-000008,2017-02-23,2017-02-23T16:50:48.000Z,matched
XYL,0001524472,0001524472-16-000027,2016-02-26,2016-02-26T16:19:24.000Z,matched
PSX,0001534701,0001534701-25-000074,2025-02-21,2025-02-21T19:39:10.000Z,matched
PSX,0001534701,0001534701-24-000078,2024-02-21,2024-02-21T22:09:50.000Z,matched
PSX,0001534701,0001534701-23-000053,2023-02-22,2023-02-22T22:00:31.000Z,matched
PSX,0001534701,0001534701-22-000078,2022-02-18,2022-02-18T21:16:05.000Z,matched
PSX,0001534701,0001534701-21-000074,2021-02-24,2021-02-24T19:54:14.000Z,matched
PSX,0001534701,0001534701-20-000070,2020-02-21,2020-02-21T20:05:37.000Z,matched
PSX,0001534701,0001534701-19-000063,2019-02-22,2019-02-22T18:29:34.000Z,matched
PSX,0001534701,0001534701-18-000065,2018-02-23,2018-02-23T17:22:21.000Z,matched
PSX,0001534701,0001534701-17-000051,2017-02-17,2017-02-17T17:47:19.000Z,matched
PSX,0001534701,0001534701-16-000119,2016-02-19,2016-02-19T20:39:55.000Z,matched
HLT,0001585689,0001585689-25-000008,2025-02-06,2025-02-06T15:05:57.000Z,matched
HLT,0001585689,0001585689-24-000027,2024-02-07,2024-02-07T15:10:16.000Z,matched
HLT,0001585689,0001585689-23-000036,2023-02-09,2023-02-09T16:08:28.000Z,matched
HLT,0001585689,0001585689-22-000013,2022-02-16,2022-02-16T16:22:28.000Z,matched
HLT,0001585689,0001585689-21-000016,2021-02-17,2021-02-17T17:18:54.000Z,matched
HLT,0001585689,0001585689-20-000013,2020-02-11,2020-02-11T16:17:12.000Z,matched
HLT,0001585689,0001585689-19-000034,2019-02-13,2019-02-13T16:23:06.000Z,matched
HLT,0001585689,0001585689-18-000033,2018-02-14,2018-02-14T16:30:05.000Z,matched
HLT,0001585689,0001585689-17-000038,2017-02-15,2017-02-15T18:19:35.000Z,matched
HLT,0001585689,0001585689-16-000161,2016-02-26,2016-02-26T17:19:38.000Z,matched
KEYS,0001601046,0001601046-25-000127,2025-12-17,2025-12-17T21:08:40.000Z,matched
KEYS,0001601046,0001601046-24-000159,2024-12-17,2024-12-17T21:05:47.000Z,matched
KEYS,0001601046,0001601046-23-000134,2023-12-15,2023-12-15T21:06:39.000Z,matched
KEYS,0001601046,0001601046-22-000161,2022-12-15,2022-12-15T21:06:50.000Z,matched
KEYS,0001601046,0001601046-21-000197,2021-12-17,2021-12-17T21:50:12.000Z,matched
KEYS,0001601046,0001601046-20-000154,2020-12-17,2020-12-17T21:10:05.000Z,matched
KEYS,0001601046,0001601046-19-000110,2019-12-18,2019-12-18T21:10:53.000Z,matched
KEYS,0001601046,0001601046-18-000030,2018-12-18,2018-12-18T21:22:23.000Z,matched
KEYS,0001601046,0001601046-17-000033,2017-12-20,2017-12-20T14:08:51.000Z,matched
KEYS,0001601046,0001601046-16-000077,2016-12-19,2016-12-19T21:22:26.000Z,matched
KHC,0001637459,0001637459-25-000011,2025-02-13,2025-02-13T12:42:01.000Z,matched
KHC,0001637459,0001637459-24-000018,2024-02-15,2024-02-15T12:40:33.000Z,matched
KHC,0001637459,0001637459-23-000009,2023-02-16,2023-02-16T12:50:46.000Z,matched
KHC,0001637459,0001637459-22-000018,2022-02-17,2022-02-17T21:22:45.000Z,matched
KHC,0001637459,0001637459-21-000009,2021-02-17,2021-02-17T12:32:36.000Z,matched
KHC,0001637459,0001637459-20-000027,2020-02-14,2020-02-14T22:13:43.000Z,matched
KHC,0001637459,0001637459-19-000049,2019-06-07,2019-06-07T21:07:36.000Z,matched
KHC,0001637459,0001637459-18-000015,2018-02-16,2018-02-16T17:39:26.000Z,matched
KHC,0001637459,0001637459-17-000007,2017-02-23,2017-02-23T18:32:18.000Z,matched
KHC,0001637459,0001637459-16-000100,2016-03-03,2016-03-03T17:53:54.000Z,matched
