section,model,score_definition,dependent_variable,term,n,n_firms,coefficient,se_hc3,t_hc3,p_hc3_two_sided,p_hc3_one_sided_positive,se_cluster,t_cluster,p_cluster_two_sided,p_cluster_one_sided_positive,r_squared,adj_r_squared,error
C1,C1_CAR_m1_p1_LM_NetProp,LM_NetProp,car_m1_p1,const,969,100,0.0020186596999242383,0.0015773891139759756,1.2797474523175791,0.20094091409639028,0.10047045704819514,0.0019729604859924704,1.0231627618780108,0.3087245655023861,0.15436228275119304,0.0027956703258160687,0.0017644352382523154,
C1,C1_CAR_m1_p1_LM_NetProp,LM_NetProp,car_m1_p1,lm_net_prop,969,100,-0.3534541181057353,0.20390771102596678,-1.7334024119407845,0.083342928503516,0.958328535748242,0.2598272390419124,-1.3603428162846316,0.17681085769274774,0.9115945711536262,0.0027956703258160687,0.0017644352382523154,
C1,C1_CAR_m1_p1_LM_NetRatio,LM_NetRatio,car_m1_p1,const,969,100,0.0005108265108383453,0.0018789984533341669,0.2718610597746449,0.7857868845920951,0.39289344229604756,0.002410770280616089,0.2118934827368952,0.8326257609295251,0.41631288046476256,0.004861524437684728,0.003832425703907738,
C1,C1_CAR_m1_p1_LM_NetRatio,LM_NetRatio,car_m1_p1,lm_net_ratio,969,100,-0.011849740999345321,0.0059604443323745355,-1.9880633621528336,0.04708629218334589,0.976456853908327,0.007698950400827705,-1.5391372047378522,0.12696103999115968,0.9365194800044202,0.004861524437684728,0.003832425703907738,
C1,C1_CAR_m1_p1_LM_NetTFIDF,LM_NetTFIDF,car_m1_p1,const,969,100,0.002631309023038129,0.0015456139243115873,1.7024361528122929,0.08899502383309477,0.04449751191654738,0.0017648440345862362,1.4909583914904037,0.13915188617238228,0.06957594308619114,0.001487086301009355,0.0004544979724685483,
C1,C1_CAR_m1_p1_LM_NetTFIDF,LM_NetTFIDF,car_m1_p1,lm_net_tfidf,969,100,-0.00023063738897661362,0.00016536370261323208,-1.3947280166799947,0.1634181675450007,0.9182909162274997,0.00017361121112082463,-1.3284705952319038,0.1870769114299041,0.906461544285048,0.001487086301009355,0.0004544979724685483,
C1,C1_CAR_m1_p1_Harvard_NetProp,Harvard_NetProp,car_m1_p1,const,969,100,0.014754969581366795,0.004012090416713065,3.6776263864598824,0.00024838694859503744,0.00012419347429751872,0.004380158560091416,3.368592570096104,0.0010776023765457189,0.0005388011882728594,0.00865163391656798,0.007626454634165225,
C1,C1_CAR_m1_p1_Harvard_NetProp,Harvard_NetProp,car_m1_p1,harvard_net_prop,969,100,-0.6679750584473864,0.2192082258687679,-3.047217118792244,0.0023724309534604486,0.9988137845232697,0.2373515477756263,-2.814285664902586,0.00589803358843916,0.9970509832057805,0.00865163391656798,0.007626454634165225,
C1,C1_CAR_m1_p1_Harvard_NetTFIDF,Harvard_NetTFIDF,car_m1_p1,const,969,100,0.00509499106025878,0.002318511628473751,2.197526636350214,0.02821935672226958,0.01410967836113479,0.002475516479315928,2.0581527543160223,0.04220284282989244,0.02110142141494622,0.00035921079664258393,-0.0006745438974664619,
C1,C1_CAR_m1_p1_Harvard_NetTFIDF,Harvard_NetTFIDF,car_m1_p1,harvard_net_tfidf,969,100,-0.00023154607803316913,0.0003957276366749069,-0.5851147521025576,0.5586070642420168,0.7206964678789916,0.0003936210470001642,-0.5882461819504091,0.5577066618614718,0.7211466690692641,0.00035921079664258393,-0.0006745438974664619,
C1,C1_CAR_0_p3_LM_NetProp,LM_NetProp,car_0_p3,const,969,100,0.0025805688518469984,0.0016105147859245973,1.6023254641313291,0.10941023704526415,0.054705118522632074,0.0015779455753344356,1.6353978820214146,0.10514134162450837,0.05257067081225419,0.0005838623718951164,-0.00044966000414214946,
C1,C1_CAR_0_p3_LM_NetProp,LM_NetProp,car_0_p3,lm_net_prop,969,100,-0.15217032443261927,0.19019388975777157,-0.8000799848324328,0.42386095933088686,0.7880695203345566,0.15550823054006782,-0.9785355019740353,0.33019472065329253,0.8349026396733538,0.0005838623718951164,-0.00044966000414214946,
C1,C1_CAR_0_p3_LM_NetRatio,LM_NetRatio,car_0_p3,const,969,100,0.002749324405840329,0.0018775597949488435,1.4643072424307197,0.14343502562112043,0.07171751281056021,0.001777421463680334,1.5468049992755064,0.12510110421913176,0.06255055210956588,0.00021486404736137388,-0.0008190399194976106,
C1,C1_CAR_0_p3_LM_NetRatio,LM_NetRatio,car_0_p3,lm_net_ratio,969,100,-0.0023468706453697833,0.005195190898568916,-0.451739058523578,0.6515582775438303,0.6742208612280849,0.004351972800106986,-0.53926592677971,0.5909141171076723,0.7045429414461639,0.00021486404736137388,-0.0008190399194976106,
C1,C1_CAR_0_p3_LM_NetTFIDF,LM_NetTFIDF,car_0_p3,const,969,100,0.0025994438989208695,0.0014900815239586784,1.744497772185621,0.08139003558863382,0.04069501779431691,0.001333871652741794,1.9487961181105184,0.05415039555793336,0.02707519777896668,0.0006147447184051691,-0.00041874572138955735,
C1,C1_CAR_0_p3_LM_NetTFIDF,LM_NetTFIDF,car_0_p3,lm_net_tfidf,969,100,-0.000139699124606806,0.00014866023259649998,-0.9397208800687363,0.3475954207583636,0.8262022896208182,0.0001261643702934682,-1.107278737109811,0.2708565570672394,0.8645717214663803,0.0006147447184051691,-0.00041874572138955735,
C1,C1_CAR_0_p3_Harvard_NetProp,Harvard_NetProp,car_0_p3,const,969,100,0.00978046047021888,0.0032301267094387537,3.027887556744878,0.002528021404174011,0.0012640107020870056,0.0029204580890674963,3.348947381519105,0.0011485304498574684,0.0005742652249287342,0.0033999256928716193,0.002369315481592249,
C1,C1_CAR_0_p3_Harvard_NetProp,Harvard_NetProp,car_0_p3,harvard_net_prop,969,100,-0.39448504836700965,0.18345229024259513,-2.1503413658414803,0.03177557866250747,0.9841122106687462,0.16135425360205607,-2.4448382336416006,0.016258977877294193,0.9918705110613529,0.0033999256928716193,0.002369315481592249,
C1,C1_CAR_0_p3_Harvard_NetTFIDF,Harvard_NetTFIDF,car_0_p3,const,969,100,0.0048483322248057585,0.0019654445713926474,2.466786545585661,0.013805579902324654,0.006902789951162327,0.0020810801203668488,2.3297191575455076,0.021851974327929864,0.010925987163964932,0.0007005295236607312,-0.0003328722038224985,
C1,C1_CAR_0_p3_Harvard_NetTFIDF,Harvard_NetTFIDF,car_0_p3,harvard_net_tfidf,969,100,-0.00030462154421657386,0.0003592402954837087,-0.8479603987810109,0.3966698608225508,0.8016650695887246,0.0003695684937675218,-0.824262753329284,0.4117717376217254,0.7941141311891373,0.0007005295236607312,-0.0003328722038224985,
C1,C1_CAR_m3_p3_LM_NetProp,LM_NetProp,car_m3_p3,const,969,100,0.0027550767793638304,0.002148039592640866,1.282600557644589,0.19993941029743356,0.09996970514871678,0.0025523587582402967,1.0794237959178183,0.28302165304344135,0.14151082652172067,0.0035618501595171548,0.0025314073985652774,
C1,C1_CAR_m3_p3_LM_NetProp,LM_NetProp,car_m3_p3,lm_net_prop,969,100,-0.5589467870779893,0.2651764682182555,-2.107829517579757,0.03530259558370552,0.9823487022081472,0.29223832241620673,-1.9126402809072232,0.05868428836750624,0.9706578558162469,0.0035618501595171548,0.0025314073985652774,
C1,C1_CAR_m3_p3_LM_NetRatio,LM_NetRatio,car_m3_p3,const,969,100,0.0002363086568119981,0.0023795919062107127,0.0993063794658381,0.9209155957101538,0.4604577978550769,0.0030065862828389956,0.07859699825040828,0.9375118201104087,0.46875591005520434,0.006496504573022199,0.0054690966149798514,
C1,C1_CAR_m3_p3_LM_NetRatio,LM_NetRatio,car_m3_p3,lm_net_ratio,969,100,-0.019191329826473515,0.0074115857430884875,-2.589368927475469,0.009759683873496829,0.9951201580632516,0.009061642547719065,-2.1178643634871945,0.036691096666272134,0.9816544516668639,0.006496504573022199,0.0054690966149798514,
C1,C1_CAR_m3_p3_LM_NetTFIDF,LM_NetTFIDF,car_m3_p3,const,969,100,0.0026715432160368227,0.0022517575555923482,1.1864257807870642,0.235745603223505,0.1178728016117525,0.0022874068934678857,1.1679352823784477,0.2456379139472649,0.12281895697363245,0.004127970160367478,0.0030981128389200308,
C1,C1_CAR_m3_p3_LM_NetTFIDF,LM_NetTFIDF,car_m3_p3,lm_net_tfidf,969,100,-0.0005383596159655886,0.00024415602562965306,-2.2049818945783337,0.027690126069339793,0.9861549369653301,0.00024588465131421066,-2.189480364423522,0.03091123709233559,0.9845443814538322,0.004127970160367478,0.0030981128389200308,
C1,C1_CAR_m3_p3_Harvard_NetProp,Harvard_NetProp,car_m3_p3,const,969,100,0.023598768736674127,0.005488560334249833,4.299628190185427,1.8842414381023574e-05,9.421207190511787e-06,0.005600273112343933,4.213860335607297,5.547857344612745e-05,2.7739286723063725e-05,0.011954918628982125,0.01093315535972561,
C1,C1_CAR_m3_p3_Harvard_NetProp,Harvard_NetProp,car_m3_p3,harvard_net_prop,969,100,-1.1000870829344007,0.3054363794626035,-3.6016897688151497,0.0003322407502500132,0.999833879624875,0.31266551492990774,-3.5184151446347207,0.0006573546121481286,0.9996713226939259,0.011954918628982125,0.01093315535972561,
C1,C1_CAR_m3_p3_Harvard_NetTFIDF,Harvard_NetTFIDF,car_m3_p3,const,969,100,0.008360828879633818,0.0031442336817636357,2.6590990765495954,0.007964486511828935,0.0039822432559144675,0.003062627371779413,2.7299530320517262,0.007498578865721278,0.003749289432860639,0.0009484343477788038,-8.471101483986665e-05,
C1,C1_CAR_m3_p3_Harvard_NetTFIDF,Harvard_NetTFIDF,car_m3_p3,harvard_net_tfidf,969,100,-0.0005271193378126582,0.0005235578177955755,-1.0068025343066758,0.31428153570248424,0.8428592321487579,0.0004930892267968514,-1.069014103668152,0.2876629357161631,0.8561685321419185,0.0009484343477788038,-8.471101483986665e-05,
C1,C1_CAR_m5_p5_LM_NetProp,LM_NetProp,car_m5_p5,const,969,100,0.004299658990602598,0.002753388605772896,1.5615881396428066,0.11871223359488264,0.05935611679744132,0.002876529537127503,1.494738341847944,0.1381634951354803,0.06908174756774015,0.0023044947523400694,0.0012727517272649314,
C1,C1_CAR_m5_p5_LM_NetProp,LM_NetProp,car_m5_p5,lm_net_prop,969,100,-0.5561621285765769,0.35475155336160835,-1.5677510734101423,0.11726639064514637,0.9413668046774268,0.36119727645969585,-1.5397738710209687,0.12680578017710886,0.9365971099114456,0.0023044947523400694,0.0012727517272649314,
C1,C1_CAR_m5_p5_LM_NetRatio,LM_NetRatio,car_m5_p5,const,969,100,0.0015954102869409248,0.0031152159116435555,0.5121347387119639,0.6086736553748465,0.30433682768742326,0.003260339040271834,0.48933876729823345,0.625684333749503,0.3128421668747515,0.0045019368660866865,0.003472466273393926,
C1,C1_CAR_m5_p5_LM_NetRatio,LM_NetRatio,car_m5_p5,lm_net_ratio,969,100,-0.019762678463867516,0.009484062318589531,-2.083777794788533,0.0374424727173115,0.9812787636413443,0.009711091304475613,-2.0350625737355967,0.04451742800409726,0.9777412859979514,0.0045019368660866865,0.003472466273393926,
C1,C1_CAR_m5_p5_LM_NetTFIDF,LM_NetTFIDF,car_m5_p5,const,969,100,0.0020298388277726646,0.002861771811312062,0.7092944377148037,0.47831275542891627,0.23915637771445813,0.00259232827171004,0.7830176640528914,0.4354858450618496,0.2177429225309248,0.007479964070586709,0.006453573133741397,
C1,C1_CAR_m5_p5_LM_NetTFIDF,LM_NetTFIDF,car_m5_p5,lm_net_tfidf,969,100,-0.0008964681520497799,0.0003350068692053396,-2.6759694634807545,0.007577330346846894,0.9962113348265765,0.00029890181106192586,-2.9992061569143567,0.003423666770424827,0.9982881666147876,0.007479964070586709,0.006453573133741397,
C1,C1_CAR_m5_p5_Harvard_NetProp,Harvard_NetProp,car_m5_p5,const,969,100,0.02146922766916319,0.006946291270611716,3.0907468219760577,0.0020536774868919194,0.0010268387434459597,0.0059707292768073255,3.595746293934003,0.0005065221671553963,0.00025326108357769816,0.00491157995206748,0.0038825329820075805,
C1,C1_CAR_m5_p5_Harvard_NetProp,Harvard_NetProp,car_m5_p5,harvard_net_prop,969,100,-0.8722586231566894,0.3900784820272446,-2.2361105863198256,0.02557196930439617,0.987214015347802,0.33613333646682503,-2.594978029627174,0.010896392499304259,0.9945518037503479,0.00491157995206748,0.0038825329820075805,
C1,C1_CAR_m5_p5_Harvard_NetTFIDF,Harvard_NetTFIDF,car_m5_p5,const,969,100,0.012917294681687397,0.004006683342262669,3.2239370018177413,0.0013067484339724404,0.0006533742169862202,0.0037630604639955667,3.4326566913495693,0.0008738365576037237,0.00043691827880186187,0.0031316859274919118,0.0021007983224531346,
C1,C1_CAR_m5_p5_Harvard_NetTFIDF,Harvard_NetTFIDF,car_m5_p5,harvard_net_tfidf,969,100,-0.0011848826003117274,0.0006915690599917141,-1.7133250587091384,0.08697327032698554,0.9565133648365072,0.0006043301633244855,-1.960654410816697,0.052729535227004916,0.9736352323864975,0.0031316859274919118,0.0021007983224531346,
C3,C3_CAR_m1_p1_LM_PosNeg,LM_PosProp_And_NegProp,car_m1_p1,const,969,100,0.010870471051322238,0.00392697405168746,2.768154540428167,0.005745304105215214,0.002872652052607607,0.00458480631603147,2.3709771584705743,0.01967721476879541,0.009838607384397706,0.008565496514778781,0.006512837087273127,
C3,C3_CAR_m1_p1_LM_PosNeg,LM_PosProp_And_NegProp,car_m1_p1,lm_positive_prop,969,100,-1.435693523397011,0.5129206010990721,-2.7990560728515224,0.005227287376627818,0.997386356311686,0.6283696999709599,-2.284791140412024,0.02445918090809914,0.9877704095459504,0.008565496514778781,0.006512837087273127,
C3,C3_CAR_m1_p1_LM_PosNeg,LM_PosProp_And_NegProp,car_m1_p1,lm_negative_prop,969,100,0.15877586319312478,0.19838327759912086,0.8003490269677267,0.4237053864115509,0.21185269320577546,0.21027358348160988,0.755091821636316,0.45198653388870796,0.22599326694435398,0.008565496514778781,0.006512837087273127,
C3,C3_CAR_0_p3_LM_PosNeg,LM_PosProp_And_NegProp,car_0_p3,const,969,100,0.005474117467512906,0.003787556300437167,1.4452900586272666,0.14870074237502276,0.07435037118751138,0.0035893214552736347,1.525112068040053,0.13041950310980865,0.06520975155490433,0.0012785517965362425,-0.0007891944730362699,
C3,C3_CAR_0_p3_LM_PosNeg,LM_PosProp_And_NegProp,car_0_p3,lm_positive_prop,969,100,-0.5059411187576821,0.4848093363789503,-1.0435878205988471,0.29693721462343803,0.851531392688281,0.3705970427428633,-1.3652054938515161,0.17528278634857722,0.9123586068257113,0.0012785517965362425,-0.0007891944730362699,
C3,C3_CAR_0_p3_LM_PosNeg,LM_PosProp_And_NegProp,car_0_p3,lm_negative_prop,969,100,0.08853238947892554,0.1957999017344207,0.4521574765599689,0.6512570519967499,0.32562852599837494,0.16840907304898287,0.5256984548164773,0.6002732921368581,0.30013664606842905,0.0012785517965362425,-0.0007891944730362699,
C3,C3_CAR_m3_p3_LM_PosNeg,LM_PosProp_And_NegProp,car_m3_p3,const,969,100,0.016941776737712633,0.005839246068877194,2.901363727076208,0.0037997583040475895,0.0018998791520237947,0.0059452224757264764,2.849645544280903,0.0053252361470223376,0.0026626180735111688,0.011112356058790684,0.009064969632411324,
C3,C3_CAR_m3_p3_LM_PosNeg,LM_PosProp_And_NegProp,car_m3_p3,lm_positive_prop,969,100,-2.2934398887124314,0.6647055485175422,-3.4503095300277993,0.0005841678863057639,0.9997079160568472,0.7835961084530803,-2.9268137806860444,0.004248079973679805,0.9978759600131601,0.011112356058790684,0.009064969632411324,
C3,C3_CAR_m3_p3_LM_PosNeg,LM_PosProp_And_NegProp,car_m3_p3,lm_negative_prop,969,100,0.24693810532677624,0.27826395616312777,0.8874239723020855,0.37507157095929067,0.18753578547964533,0.21855874200546804,1.1298477611140267,0.2612704356229963,0.13063521781149814,0.011112356058790684,0.009064969632411324,
C3,C3_CAR_m5_p5_LM_PosNeg,LM_PosProp_And_NegProp,car_m5_p5,const,969,100,0.016895525259058873,0.007422904476269322,2.2761340002519335,0.023056141195720747,0.011528070597860374,0.006814816192916693,2.47923418339882,0.014856148623007872,0.007428074311503936,0.0061941180861960765,0.004136548972502818,
C3,C3_CAR_m5_p5_LM_PosNeg,LM_PosProp_And_NegProp,car_m5_p5,lm_positive_prop,969,100,-2.096156857152635,0.8414761277326006,-2.491047325134266,0.01290364797808282,0.9935481760109586,0.8471360278512639,-2.474404095962577,0.015046374645029217,0.9924768126774854,0.0061941180861960765,0.004136548972502818,
C3,C3_CAR_m5_p5_LM_PosNeg,LM_PosProp_And_NegProp,car_m5_p5,lm_negative_prop,969,100,0.27914071827863,0.3786697582277274,0.7371613713888348,0.4612032233562069,0.23060161167810345,0.31008232531607643,0.9002148638884635,0.3701905098078733,0.18509525490393666,0.0061941180861960765,0.004136548972502818,
C4,C4_CAR_m1_p1_LM_vs_Harvard_Prop,LM_NetProp_And_Harvard_NetProp,car_m1_p1,const,969,100,0.013587422684065877,0.005413952701928343,2.509704726313236,0.012245828976308864,0.006122914488154432,0.005392129498327289,2.5198620857086014,0.013339336413822933,0.006669668206911466,0.008781360308274033,0.006729147803736235,
C4,C4_CAR_m1_p1_LM_vs_Harvard_Prop,LM_NetProp_And_Harvard_NetProp,car_m1_p1,lm_net_prop,969,100,-0.08573468097346529,0.25020830494297225,-0.3426532184573411,0.7319339046712195,0.6340330476643903,0.30148931518275845,-0.28437054534252454,0.7767203813505865,0.6116398093247067,0.008781360308274033,0.006729147803736235,
C4,C4_CAR_m1_p1_LM_vs_Harvard_Prop,LM_NetProp_And_Harvard_NetProp,car_m1_p1,harvard_net_prop,969,100,-0.6256343544803623,0.25972464398090034,-2.4088370856574177,0.01618975864843308,0.9919051206757835,0.248972535508571,-2.5128649358950055,0.013590232844867687,0.9932048835775662,0.008781360308274033,0.006729147803736235,
C4,C4_CAR_0_p3_LM_vs_Harvard_Prop,LM_NetProp_And_Harvard_NetProp,car_0_p3,const,969,100,0.010067725633185634,0.004909084860623085,2.050835526177437,0.040552303949692614,0.020276151974846307,0.004619573739317317,2.1793624696363105,0.031676400026003464,0.015838200013001732,0.00340877432791431,0.0013454384569575595,
C4,C4_CAR_0_p3_LM_vs_Harvard_Prop,LM_NetProp_And_Harvard_NetProp,car_0_p3,lm_net_prop,969,100,0.021094302214908243,0.24184578471185003,0.0872221206585895,0.9305130330420095,0.46525651652100475,0.20878177204660847,0.10103517183578242,0.9197268794028634,0.4598634397014317,0.00340877432791431,0.0013454384569575595,
C4,C4_CAR_0_p3_LM_vs_Harvard_Prop,LM_NetProp_And_Harvard_NetProp,car_0_p3,harvard_net_prop,969,100,-0.4049026249571508,0.23171525874932195,-1.7474145947168256,0.0808831957720062,0.9595584021139969,0.21054461971079788,-1.9231202654967923,0.05733829517783928,0.9713308524110804,0.00340877432791431,0.0013454384569575595,
C4,C4_CAR_m3_p3_LM_vs_Harvard_Prop,LM_NetProp_And_Harvard_NetProp,car_m3_p3,const,969,100,0.022075781597683454,0.0073958053155356,2.984905720991756,0.002908114196819698,0.001454057098409849,0.007613161855541726,2.89968636114234,0.004601504462478468,0.002300752231239234,0.012067375758744503,0.010021966598824705,
C4,C4_CAR_m3_p3_LM_vs_Harvard_Prop,LM_NetProp_And_Harvard_NetProp,car_m3_p3,lm_net_prop,969,100,-0.1118351792034288,0.3295449218766881,-0.3393624716367993,0.7344104488784317,0.6327947755607841,0.3669239799057558,-0.3047911429287167,0.7611650484096153,0.6194174757951924,0.012067375758744503,0.010021966598824705,
C4,C4_CAR_m3_p3_LM_vs_Harvard_Prop,LM_NetProp_And_Harvard_NetProp,car_m3_p3,harvard_net_prop,969,100,-1.0448564555851607,0.3626088747516236,-2.881497195293018,0.004045517583627345,0.9979772412081863,0.35903107852690463,-2.91021172838903,0.004461284335008509,0.9977693578324958,0.012067375758744503,0.010021966598824705,
C4,C4_CAR_m5_p5_LM_vs_Harvard_Prop,LM_NetProp_And_Harvard_NetProp,car_m5_p5,const,969,100,0.01831091468069055,0.008938832371863575,2.0484682919356585,0.040783965224109174,0.020391982612054587,0.007854422512089076,2.3312872018926205,0.0217655892283843,0.01088279461419215,0.005227620667807575,0.003168050524262611,
C4,C4_CAR_m5_p5_LM_vs_Harvard_Prop,LM_NetProp_And_Harvard_NetProp,car_m5_p5,lm_net_prop,969,100,-0.23191955467229525,0.40743695435211774,-0.5692158067524338,0.5693420188932098,0.715328990553395,0.42095669848148226,-0.5509344678654574,0.5829197845840298,0.7085401077079851,0.005227620667807575,0.003168050524262611,
C4,C4_CAR_m5_p5_LM_vs_Harvard_Prop,LM_NetProp_And_Harvard_NetProp,car_m5_p5,harvard_net_prop,969,100,-0.7577234420952131,0.44476944572195204,-1.7036319589473432,0.08877149290974252,0.9556142535451287,0.37518209945862746,-2.01961512339895,0.046125893539110334,0.9769370532304449,0.005227620667807575,0.003168050524262611,
C4,C4_CAR_m1_p1_LM_vs_Harvard_TFIDF,LM_NetTFIDF_And_Harvard_NetTFIDF,car_m1_p1,const,969,100,0.003213492181091385,0.002573129421499977,1.2488653521431177,0.2120168811348716,0.1060084405674358,0.0030526150701382106,1.052701407565904,0.29504048624634466,0.14752024312317233,0.001557665005158082,-0.0005095033902764445,
C4,C4_CAR_m1_p1_LM_vs_Harvard_TFIDF,LM_NetTFIDF_And_Harvard_NetTFIDF,car_m1_p1,lm_net_tfidf,969,100,-0.00021584032155971507,0.00016220451777742127,-1.3306677552341262,0.18361236840495462,0.9081938157975227,0.00018063839191434435,-1.1948751274428022,0.23499050066410707,0.8825047496679465,0.001557665005158082,-0.0005095033902764445,
C4,C4_CAR_m1_p1_LM_vs_Harvard_TFIDF,LM_NetTFIDF_And_Harvard_NetTFIDF,car_m1_p1,harvard_net_tfidf,969,100,-0.00010699409488515786,0.0003942622960998697,-0.27137795306212953,0.7861583381212072,0.6069208309393964,0.00041108727498136946,-0.26027099693126443,0.7951953017948388,0.6024023491025806,0.001557665005158082,-0.0005095033902764445,
C4,C4_CAR_0_p3_LM_vs_Harvard_TFIDF,LM_NetTFIDF_And_Harvard_NetTFIDF,car_0_p3,const,969,100,0.003924036953313466,0.0024289042568120837,1.6155585146298568,0.10651632831801823,0.053258164159009115,0.002551985366866,1.537640851809598,0.12732653754042791,0.06366326877021396,0.0010264154975881956,-0.001041852793307152,
C4,C4_CAR_0_p3_LM_vs_Harvard_TFIDF,LM_NetTFIDF_And_Harvard_NetTFIDF,car_0_p3,lm_net_tfidf,969,100,-0.00010603258435280282,0.00015469340472202552,-0.685437007113114,0.49323264706334785,0.753383676468326,0.00013651861037801093,-0.7766895960866116,0.43919372389920713,0.7804031380503964,0.0010264154975881956,-0.001041852793307152,
C4,C4_CAR_0_p3_LM_vs_Harvard_TFIDF,LM_NetTFIDF_And_Harvard_NetTFIDF,car_0_p3,harvard_net_tfidf,969,100,-0.00024343479021242685,0.0003744466705128363,-0.6501187201879038,0.5157701117045611,0.7421149441477195,0.00039522484196606486,-0.6159400026613936,0.539347696722782,0.730326151638609,0.0010264154975881956,-0.001041852793307152,
C4,C4_CAR_m3_p3_LM_vs_Harvard_TFIDF,LM_NetTFIDF_And_Harvard_NetTFIDF,car_m3_p3,const,969,100,0.003951481843535411,0.003836258480690578,1.030035349136352,0.30325123727042197,0.15162561863521098,0.00394220667067715,1.0023527870639688,0.31861692208612474,0.15930846104306237,0.0043017692709228506,0.002240282250779768,
C4,C4_CAR_m3_p3_LM_vs_Harvard_TFIDF,LM_NetTFIDF_And_Harvard_NetTFIDF,car_m3_p3,lm_net_tfidf,969,100,-0.0005058280356568765,0.00025296848457375884,-1.9995693792022167,0.045826460394230356,0.9770867698028848,0.0002633292061957761,-1.9208960637689805,0.05762176028182771,0.9711891198590862,0.0043017692709228506,0.002240282250779768,
C4,C4_CAR_m3_p3_LM_vs_Harvard_TFIDF,LM_NetTFIDF_And_Harvard_NetTFIDF,car_m3_p3,harvard_net_tfidf,969,100,-0.00023522816327372216,0.0005399303766748515,-0.43566388081805896,0.6631779456719736,0.6684110271640131,0.000526926090210087,-0.44641585915765913,0.6562718211582101,0.6718640894208949,0.0043017692709228506,0.002240282250779768,
C4,C4_CAR_m5_p5_LM_vs_Harvard_TFIDF,LM_NetTFIDF_And_Harvard_NetTFIDF,car_m5_p5,const,969,100,0.005977293912607912,0.0045034933384241315,1.327257189792912,0.18473721948164973,0.09236860974082486,0.004586947925237878,1.3031091719442032,0.19556017262370154,0.09778008631185077,0.008560257744910316,0.006507587471090259,
C4,C4_CAR_m5_p5_LM_vs_Harvard_TFIDF,LM_NetTFIDF_And_Harvard_NetTFIDF,car_m5_p5,lm_net_tfidf,969,100,-0.0007961375976400572,0.00032909381310466327,-2.419181297057255,0.015739339073510435,0.9921303304632448,0.00030824865780563966,-2.5827771751144057,0.011263495592475617,0.9943682522037622,0.008560257744910316,0.006507587471090259,
C4,C4_CAR_m5_p5_LM_vs_Harvard_TFIDF,LM_NetTFIDF_And_Harvard_NetTFIDF,car_m5_p5,harvard_net_tfidf,969,100,-0.0007254665100825976,0.0006781267970306737,-1.069809530104416,0.2849722868453483,0.8575138565773258,0.0006393201161314321,-1.1347468846631057,0.25922139185448695,0.8703893040727565,0.008560257744910316,0.006507587471090259,
