accessionNumber,filingDate,reportDate,acceptanceDateTime,act,form,fileNumber,filmNumber,items,core_type,size,isXBRL,isInlineXBRL,isXBRLNumeric,primaryDocument,primaryDocDescription
0001193125-11-167571,2011-06-17,,2011-06-17T17:32:35.000Z,33,S-1,333-174974,11917938,,S-1,5125556,0,0,,ds1.htm,REGISTRATION STATEMENT ON FORM S-1
0000000000-11-042727,2011-07-14,,2011-07-14T18:20:29.000Z,,UPLOAD,,,,LETTER,76375,0,0,,filename1.pdf,
0001193125-11-200322,2011-07-28,,2011-07-28T16:32:08.000Z,33,S-1/A,333-174974,11992611,,S-1/A,2920211,0,0,,ds1a.htm,AMENDMENT NO. 1 TO REGISTRATION STATEMENT ON FORM S-1
0000000000-11-047143,2011-08-03,,2011-08-03T20:28:04.000Z,,UPLOAD,,,,LETTER,40531,0,0,,filename1.pdf,
0001193125-11-221521,2011-08-12,,2011-08-12T20:51:11.000Z,33,S-1/A,333-174974,111031988,,S-1/A,2827571,0,0,,ds1a.htm,AMENDMENT  NO. 2 TO REGISTRATION STATEMENT ON FORM S-1
0001193125-11-250446,2011-09-16,,2011-09-16T20:48:07.000Z,33,S-1/A,333-174974,111095710,,S-1/A,2892518,0,0,,d76417ds1a.htm,AMENDMENT NO. 3 TO REGISTRATION STATEMENT ON FORM S-1
0001193125-11-250490,2011-09-16,,2011-09-16T21:02:56.000Z,34,8-A12B,001-35300,111095820,,8-A12B,13092,0,0,,d232632d8a12b.htm,FORM 8-A12B
0001193125-11-255539,2011-09-23,,2011-09-24T00:44:53.000Z,,CORRESP,,,,CORRESP,15013,0,0,,filename1.htm,
0000000000-11-057997,2011-09-29,,2011-09-29T21:18:42.000Z,,UPLOAD,,,,LETTER,38737,0,0,,filename1.pdf,
0001193125-11-263071,2011-10-04,,2011-10-04T01:34:12.000Z,33,S-1/A,333-174974,111121576,,S-1/A,3817477,0,0,,d76417ds1a.htm,AMENDMENT NO. 4 TO REGISTRATION STATEMENT ON FORM S-1
0001193125-11-268571,2011-10-11,,2011-10-11T22:10:56.000Z,,CORRESP,,,,CORRESP,19766,0,0,,filename1.htm,
0001193125-11-269469,2011-10-12,,2011-10-12T20:50:54.000Z,,CORRESP,,,,CORRESP,10889,0,0,,filename1.htm,
0001209191-11-051625,2011-10-12,2011-10-13,2011-10-13T01:03:49.000Z,,3,,,,3,4186,0,0,,xslF345X02/c23288_3x0.xml,MAIN DOCUMENT DESCRIPTION
0001209191-11-051626,2011-10-12,2011-10-13,2011-10-13T01:05:38.000Z,,3,,,,3,3651,0,0,,xslF345X02/c23289_3x0.xml,MAIN DOCUMENT DESCRIPTION
0001209191-11-051627,2011-10-12,2011-10-13,2011-10-13T01:05:45.000Z,,3,,,,3,5100,0,0,,xslF345X02/c23292_3x0.xml,MAIN DOCUMENT DESCRIPTION
0001209191-11-051628,2011-10-12,2011-10-13,2011-10-13T01:08:22.000Z,,3,,,,3,4339,0,0,,xslF345X02/c23290_3x0.xml,MAIN DOCUMENT DESCRIPTION
0001209191-11-051629,2011-10-12,2011-10-13,2011-10-13T01:08:44.000Z,,3,,,,3,5879,0,0,,xslF345X02/c23293_3x0.xml,MAIN DOCUMENT DESCRIPTION
0001209191-11-051630,2011-10-12,2011-10-13,2011-10-13T01:10:16.000Z,,3,,,,3,3654,0,0,,xslF345X02/c23291_3x0.xml,MAIN DOCUMENT DESCRIPTION
0001209191-11-051631,2011-10-12,2011-10-13,2011-10-13T01:10:45.000Z,,3,,,,3,4327,0,0,,xslF345X02/c23294_3x0.xml,MAIN DOCUMENT DESCRIPTION
0001209191-11-051632,2011-10-12,2011-10-13,2011-10-13T01:13:21.000Z,,3,,,,3,4144,0,0,,xslF345X02/c23295_3x0.xml,MAIN DOCUMENT DESCRIPTION
0001193125-11-269845,2011-10-13,,2011-10-13T10:07:33.000Z,33,S-1/A,333-174974,111138558,,S-1/A,2613569,0,0,,d76417ds1a.htm,AMENDMENT NO. 5 TO REGISTRATION STATEMENT ON FORM S-1
0001193125-11-269890,2011-10-13,,2011-10-13T10:42:06.000Z,34,FWP,333-174974,111138570,,FWP,114550,0,0,,d76417dfwp.htm,FREE WRITING PROSPECTUS
0001140361-11-049402,2011-10-13,2011-10-13,2011-10-13T21:10:02.000Z,,3,,,,3,188565,0,0,,xslF345X02/doc1.xml,FORM 3
0001140361-11-049404,2011-10-13,2011-10-13,2011-10-13T21:10:55.000Z,,3,,,,3,188592,0,0,,xslF345X02/doc1.xml,FORM 3
0001140361-11-049449,2011-10-13,2011-10-13,2011-10-13T22:55:53.000Z,,3,,,,3,197233,0,0,,xslF345X02/doc1.xml,FORM 3
0001140361-11-049451,2011-10-13,2011-10-13,2011-10-13T23:06:54.000Z,,3,,,,3,194135,0,0,,xslF345X02/doc1.xml,FORM 3
9999999995-11-002943,2011-10-13,,2011-10-14T04:15:20.000Z,33,EFFECT,333-174974,111140594,"S-1,,2011-10-13 16:30:00",EFFECT,1687,0,0,,xslEFFECTX01/primary_doc.xml,
9999999997-11-016101,2011-10-13,,2011-10-14T17:19:44.000Z,34,CERTNAS,001-35300,11008245,,CERTNAS,1294,0,0,,9999999997-11-016101.paper,AUTO-GENERATED PAPER DOCUMENT
9999999997-11-016095,2011-10-14,,2011-10-13T20:53:17.000Z,33,CT ORDER,333-174974,111140027,"20111013,20111014",CT ORDER,14504,0,0,,filename1.pdf,
0001193125-11-271025,2011-10-14,,2011-10-14T10:24:39.000Z,33,S-8,333-177310,111140853,,S-8,71347,0,0,,d243279ds8.htm,FORM S-8
0001193125-11-271871,2011-10-14,,2011-10-14T21:20:18.000Z,33,424B4,333-174974,111142460,,424B4,2503004,0,0,,d76417d424b4.htm,FILED PURSUANT TO RULE 424(B)(4)
0001209191-11-052314,2011-10-20,2011-10-19,2011-10-20T22:54:05.000Z,,4,,,,4,4280,0,0,,xslF345X03/c23448_4x0.xml,MAIN DOCUMENT DESCRIPTION
0001209191-11-052316,2011-10-20,2011-10-19,2011-10-20T22:56:14.000Z,,4,,,,4,7884,0,0,,xslF345X03/c23449_4x0.xml,MAIN DOCUMENT DESCRIPTION
0001209191-11-052317,2011-10-20,2011-10-19,2011-10-20T22:59:46.000Z,,4,,,,4,7888,0,0,,xslF345X03/c23450_4x0.xml,MAIN DOCUMENT DESCRIPTION
0001209191-11-052318,2011-10-20,2011-10-19,2011-10-20T23:02:28.000Z,,4,,,,4,4430,0,0,,xslF345X03/c23451_4x0.xml,MAIN DOCUMENT DESCRIPTION
0001179110-11-014386,2011-10-21,2011-10-19,2011-10-21T14:10:51.000Z,,4,,,,4,198876,0,0,,xslF345X03/edgar.xml,FORM 4 -
0001179110-11-014388,2011-10-21,2011-07-21,2011-10-21T14:11:40.000Z,,4,,,,4,197378,0,0,,xslF345X03/edgar.xml,FORM 4 -
0001179110-11-014389,2011-10-21,2011-07-21,2011-10-21T14:12:09.000Z,,4,,,,4,197424,0,0,,xslF345X03/edgar.xml,FORM 4 -
0001179110-11-014400,2011-10-21,2011-10-19,2011-10-21T15:43:51.000Z,,4,,,,4,202634,0,0,,xslF345X03/edgar.xml,FORM 4 -
0001193125-11-306969,2011-11-10,2011-11-10,2011-11-10T21:20:56.000Z,34,8-K,001-35300,111195658,"2.02,9.01",8-K,157012,0,0,,d252773d8k.htm,FORM 8-K
0001179110-11-015049,2011-11-10,2011-11-09,2011-11-10T22:33:21.000Z,,4,,,,4,194168,0,0,,xslF345X03/edgar.xml,FORM 4 -
0001179110-11-015050,2011-11-10,2011-11-09,2011-11-10T22:33:47.000Z,,4,,,,4,194734,0,0,,xslF345X03/edgar.xml,FORM 4 -
0001179110-11-015051,2011-11-10,2011-11-09,2011-11-10T22:34:15.000Z,,4,,,,4,188824,0,0,,xslF345X03/edgar.xml,FORM 4 -
0001179110-11-015054,2011-11-10,2011-11-09,2011-11-10T22:34:53.000Z,,4,,,,4,188876,0,0,,xslF345X03/edgar.xml,FORM 4 -
0001193125-11-310527,2011-11-14,2011-09-30,2011-11-14T19:55:08.000Z,34,10-Q,001-35300,111201364,,10-Q,2671022,1,0,,d240346d10q.htm,FORM 10-Q
0001193125-11-332192,2011-12-06,2011-12-01,2011-12-06T21:58:04.000Z,34,8-K,001-35300,111246286,5.02,8-K,13728,0,0,,d266009d8k.htm,FORM 8-K
0001193125-11-353002,2011-12-27,2011-12-27,2011-12-27T22:02:55.000Z,34,8-K,001-35300,111282588,"1.01,9.01",8-K,19207,0,0,,d273984d8k.htm,FORM 8-K
0001193125-12-032079,2012-01-31,2012-01-31,2012-01-31T21:14:57.000Z,34,8-K,001-35300,12559428,"2.02,9.01",8-K,206906,0,0,,d292528d8k.htm,FORM 8-K
0001193125-12-032724,2012-02-01,2011-12-31,2012-02-01T01:45:11.000Z,34,10-Q,001-35300,12560761,,10-Q,3745701,1,0,,d275655d10q.htm,FORM 10-Q
0000909518-12-000042,2012-02-13,,2012-02-10T22:38:27.000Z,34,SC 13G,005-86648,12594391,,SC 13G,457615,0,0,,mm02-1012ubi_sc13g.htm,
0001193125-12-053376,2012-02-13,,2012-02-11T01:08:59.000Z,34,SC 13G,005-86648,12594916,,SC 13G,34368,0,0,,d299683dsc13g.htm,SCHEDULE 13G
0001193125-12-053387,2012-02-13,,2012-02-11T01:11:59.000Z,34,SC 13G,005-86648,12594919,,SC 13G,33661,0,0,,d299245dsc13g.htm,SCHEDULE 13G
0001193125-12-123509,2012-03-20,2011-12-31,2012-03-20T20:04:29.000Z,34,10-Q/A,001-35300,12703520,,10-Q/A,566289,0,0,,d318332d10qa.htm,AMENDMENT NO. 1 TO FORM 10-Q
0001193125-12-127536,2012-03-22,2012-03-16,2012-03-22T20:42:59.000Z,34,8-K,001-35300,12709651,5.02,8-K,14844,0,0,,d321047d8k.htm,FORM 8-K
0001193125-12-134395,2012-03-27,2012-03-21,2012-03-27T20:25:26.000Z,34,8-K,001-35300,12717435,"5.02,9.01",8-K,22877,0,0,,d326268d8k.htm,FORM 8-K
0001193125-12-144074,2012-03-30,2012-03-28,2012-03-30T21:29:00.000Z,34,8-K,001-35300,12730541,5.02,8-K,14108,0,0,,d328527d8k.htm,FORM 8-K
0001193125-12-201012,2012-05-01,2012-05-01,2012-05-01T20:41:09.000Z,34,8-K,001-35300,12801256,"2.02,9.01",8-K,208999,0,0,,d342581d8k.htm,FORM 8-K
0001193125-12-201585,2012-05-02,2012-03-31,2012-05-01T22:32:00.000Z,34,10-Q,001-35300,12802182,,10-Q,3230842,1,0,,d307868d10q.htm,FORM 10-Q
0001209191-12-027419,2012-05-10,2012-05-08,2012-05-10T21:19:36.000Z,,4,,,,4,6424,0,0,,xslF345X03/c28699_4x0.xml,MAIN DOCUMENT DESCRIPTION
0001209191-12-027756,2012-05-11,2012-05-10,2012-05-11T23:28:59.000Z,,4,,,,4,5938,0,0,,xslF345X03/c28726_4x0.xml,MAIN DOCUMENT DESCRIPTION
0001209191-12-027762,2012-05-11,2012-05-08,2012-05-12T01:11:22.000Z,,3,,,,3,2944,0,0,,xslF345X02/c28728_3x0.xml,MAIN DOCUMENT DESCRIPTION
0001209191-12-027763,2012-05-11,2012-05-08,2012-05-12T01:13:46.000Z,,4,,,,4,5304,0,0,,xslF345X03/c28727_4x0.xml,MAIN DOCUMENT DESCRIPTION
0001179110-12-008383,2012-05-14,2012-05-10,2012-05-14T21:33:18.000Z,,4,,,,4,207388,0,0,,xslF345X03/edgar.xml,FORM 4 -
0001179110-12-008386,2012-05-14,2012-05-10,2012-05-14T21:33:56.000Z,,4,,,,4,193213,0,0,,xslF345X03/edgar.xml,FORM 4 -
0001179110-12-008388,2012-05-14,2012-05-10,2012-05-14T21:34:57.000Z,,4,,,,4,193241,0,0,,xslF345X03/edgar.xml,FORM 4 -
0001179110-12-008389,2012-05-14,2012-05-10,2012-05-14T21:35:34.000Z,,4,,,,4,193702,0,0,,xslF345X03/edgar.xml,FORM 4 -
0001209191-12-028437,2012-05-15,2012-03-21,2012-05-15T22:58:57.000Z,,3,,,,3,7224,0,0,,xslF345X02/c28749_3x1.xml,MAIN DOCUMENT DESCRIPTION
0001209191-12-030358,2012-05-24,2012-03-16,2012-05-24T21:52:01.000Z,,4,,,,4,5248,0,0,,xslF345X03/c28863_4x0.xml,MAIN DOCUMENT DESCRIPTION
0001193125-12-347732,2012-08-09,2012-08-09,2012-08-09T20:40:01.000Z,34,8-K,001-35300,121020901,"2.02,9.01",8-K,216420,0,0,,d394690d8k.htm,FORM 8-K
0001193125-12-347776,2012-08-09,2012-08-09,2012-08-09T20:47:30.000Z,34,8-K,001-35300,121020991,"1.01,9.01",8-K,24864,0,0,,d394702d8k.htm,FORM 8-K
0001209191-12-041175,2012-08-09,2012-08-07,2012-08-10T00:34:30.000Z,,4,,,,4,5305,0,0,,xslF345X03/c29646_4x0.xml,MAIN DOCUMENT DESCRIPTION
0001209191-12-041217,2012-08-10,2012-08-07,2012-08-10T17:01:50.000Z,,4,,,,4,4233,0,0,,xslF345X03/c29644_4x0.xml,MAIN DOCUMENT DESCRIPTION
0001193125-12-352624,2012-08-13,2012-08-07,2012-08-13T20:56:00.000Z,34,8-K,001-35300,121028249,"1.01,2.03,9.01",8-K,352815,0,0,,d397379d8k.htm,FORM 8-K
0001193125-12-408603,2012-09-28,2012-06-30,2012-09-28T18:13:44.000Z,34,10-K,001-35300,121116021,,10-K,9173641,1,0,,d400092d10k.htm,FORM 10-K
0001193125-12-420015,2012-10-10,2012-10-04,2012-10-10T21:13:29.000Z,34,8-K,001-35300,121138275,"5.02,9.01",8-K,25303,0,0,,d423663d8k.htm,FORM 8-K
0001209191-12-049241,2012-10-12,2012-10-04,2012-10-12T18:37:37.000Z,,3,,,,3,2822,0,0,,xslF345X02/c30151_3x0.xml,MAIN DOCUMENT DESCRIPTION
0001193125-12-436445,2012-10-26,2012-12-14,2012-10-26T10:11:14.000Z,34,DEF 14A,001-35300,121162735,,DEF 14A,862221,0,0,,d429907ddef14a.htm,DEFINITIVE PROXY STATEMENT
0001209191-12-050703,2012-10-26,2012-10-24,2012-10-26T21:09:11.000Z,,4,,,,4,5034,0,0,,xslF345X03/c30305_4x0.xml,MAIN DOCUMENT DESCRIPTION
0001193125-12-460665,2012-11-08,2012-11-08,2012-11-08T21:53:59.000Z,34,8-K,001-35300,121190668,"2.02,9.01",8-K,162914,0,0,,d436192d8k.htm,FORM 8-K
0001193125-12-463263,2012-11-09,2012-09-30,2012-11-09T21:03:22.000Z,34,10-Q,001-35300,121193674,,10-Q,5684465,1,0,,d404710d10q.htm,FORM 10-Q
0001209191-12-052719,2012-11-13,2012-11-12,2012-11-13T19:12:27.000Z,,4,,,,4,5075,0,0,,xslF345X03/c30424_4x0.xml,MAIN DOCUMENT DESCRIPTION
0001193125-12-467376,2012-11-13,2012-11-06,2012-11-13T21:07:02.000Z,34,8-K,001-35300,121198786,5.02,8-K,12943,0,0,,d438037d8k.htm,FORM 8-K
0001209191-12-053098,2012-11-14,2012-11-12,2012-11-15T00:27:41.000Z,,4,,,,4,5194,0,0,,xslF345X03/c30439_4x0.xml,MAIN DOCUMENT DESCRIPTION
0001193125-12-474083,2012-11-16,2012-11-12,2012-11-16T21:10:54.000Z,34,8-K,001-35300,121211782,5.02,8-K,14388,0,0,,d440750d8k.htm,FORM 8-K
0001209191-12-054487,2012-11-26,2012-11-21,2012-11-26T20:31:59.000Z,,4,,,,4,5034,0,0,,xslF345X03/c30498_4x0.xml,MAIN DOCUMENT DESCRIPTION
0001209191-12-055129,2012-11-30,2012-11-28,2012-11-30T21:28:33.000Z,,4,,,,4,6105,0,0,,xslF345X03/c30580_4x0.xml,MAIN DOCUMENT DESCRIPTION
0001179110-12-016764,2012-12-03,2012-11-29,2012-12-03T22:23:51.000Z,,4,,,,4,198043,0,0,,xslF345X03/edgar.xml,FORM 4 -
0001179110-12-016765,2012-12-03,2012-11-29,2012-12-03T22:25:24.000Z,,4,,,,4,189091,0,0,,xslF345X03/edgar.xml,FORM 4 -
0001179110-12-016766,2012-12-03,2012-11-29,2012-12-03T22:25:48.000Z,,4,,,,4,194162,0,0,,xslF345X03/edgar.xml,FORM 4 -
0001179110-12-016768,2012-12-03,2012-11-29,2012-12-03T22:26:24.000Z,,4,,,,4,189144,0,0,,xslF345X03/edgar.xml,FORM 4 -
0001193125-12-501894,2012-12-13,2012-12-09,2012-12-13T22:02:04.000Z,34,8-K,001-35300,121262713,5.02,8-K,13834,0,0,,d453116d8k.htm,FORM 8-K
0001193125-12-503742,2012-12-17,2012-12-14,2012-12-15T02:06:28.000Z,34,8-K,001-35300,121267161,"7.01,9.01",8-K,18859,0,0,,d456402d8k.htm,FORM 8-K
0001209191-12-058928,2012-12-21,2012-12-20,2012-12-21T11:01:21.000Z,,4,,,,4,5073,0,0,,xslF345X03/c30811_4x0.xml,MAIN DOCUMENT DESCRIPTION
0001193125-12-518487,2012-12-28,2012-12-21,2012-12-28T22:18:55.000Z,34,8-K,001-35300,121291763,1.01,8-K,14428,0,0,,d459818d8k.htm,FORM 8-K
0001193125-13-009380,2013-01-10,,2013-01-10T21:19:47.000Z,33,S-8,333-185958,13523105,,S-8,50053,0,0,,d465402ds8.htm,REGISTRATION STATEMENT -2010 EQUITY INCENTIVE PLAN
0001140361-13-002362,2013-01-17,2013-01-16,2013-01-17T22:10:23.000Z,,4,,,,4,5180,0,0,,xslF345X03/doc1.xml,FORM 4
0001193125-13-043701,2013-02-07,2013-02-07,2013-02-07T21:55:25.000Z,34,8-K,001-35300,13583082,"2.02,9.01",8-K,235846,0,0,,d484652d8k.htm,FORM 8-K
0001140361-13-005377,2013-02-08,2013-02-06,2013-02-08T19:25:06.000Z,,4,,,,4,8044,0,0,,xslF345X03/doc1.xml,FORM 4
0001445305-13-000191,2013-02-08,2012-12-31,2013-02-08T21:12:46.000Z,34,10-Q,001-35300,13586919,,10-Q,8040711,1,0,,ubnt-12312012x10q.htm,10-Q
0001193125-13-050735,2013-02-12,,2013-02-12T16:50:37.000Z,34,SC 13G/A,005-86648,13595517,,SC 13G/A,216376,0,0,,d475682dsc13ga.htm,AMENDMENT NO. 1 TO SCHEDULE 13G
0001140361-13-006926,2013-02-14,2013-02-13,2013-02-14T18:10:44.000Z,,4,,,,4,5179,0,0,,xslF345X03/doc1.xml,FORM 4
0000000000-13-011445,2013-03-01,,2013-03-01T20:14:25.000Z,,UPLOAD,,,,LETTER,160687,0,0,,filename1.pdf,
0001179110-13-004398,2013-03-06,2013-03-04,2013-03-06T21:41:51.000Z,,4,,,,4,198035,0,0,,xslF345X03/edgar.xml,FORM 4 -
0001179110-13-004399,2013-03-06,2013-03-04,2013-03-06T21:42:12.000Z,,4,,,,4,189088,0,0,,xslF345X03/edgar.xml,FORM 4 -
0001179110-13-004400,2013-03-06,2013-03-04,2013-03-06T21:42:46.000Z,,4,,,,4,189141,0,0,,xslF345X03/edgar.xml,FORM 4 -
0001179110-13-004401,2013-03-06,2013-03-04,2013-03-06T21:43:10.000Z,,4,,,,4,194157,0,0,,xslF345X03/edgar.xml,FORM 4 -
0001193125-13-098334,2013-03-08,2013-03-04,2013-03-08T20:12:00.000Z,34,8-K,001-35300,13677053,"5.02,9.01",8-K,67027,0,0,,d499314d8k.htm,FORM 8-K
0001193125-13-105197,2013-03-13,,2013-03-13T20:09:36.000Z,,CORRESP,,,,CORRESP,25752,0,0,,filename1.htm,
0000000000-13-013769,2013-03-14,,2013-03-14T20:10:00.000Z,,UPLOAD,,,,LETTER,36419,0,0,,filename1.pdf,
0001140361-13-012979,2013-03-18,2013-03-04,2013-03-18T20:51:54.000Z,,3,,,,3,3003,0,0,,xslF345X02/doc1.xml,FORM 3
0001140361-13-012980,2013-03-18,2013-03-04,2013-03-18T20:52:54.000Z,,4,,,,4,7806,0,0,,xslF345X03/doc1.xml,FORM 4
0001140361-13-013395,2013-03-20,2013-03-19,2013-03-20T20:28:26.000Z,,4,,,,4,5180,0,0,,xslF345X03/doc1.xml,FORM 4
0001193125-13-124353,2013-03-25,2013-03-22,2013-03-25T20:45:07.000Z,34,8-K,001-35300,13714497,5.07,8-K,14277,0,0,,d508787d8k.htm,FORM 8-K
0001140361-13-016690,2013-04-17,2013-04-16,2013-04-17T18:33:56.000Z,,4,,,,4,5179,0,0,,xslF345X03/doc1.xml,FORM 4
0001511737-13-000004,2013-05-09,2013-05-09,2013-05-09T20:10:43.000Z,34,8-K,001-35300,13828770,2.02,8-K,331472,0,0,,form8-k.htm,8-K
0001511737-13-000006,2013-05-10,2013-03-31,2013-05-10T01:23:45.000Z,34,10-Q,001-35300,13830856,,10-Q,7963181,1,0,,ubnt-03312013x10q.htm,10-Q
0001193125-13-226305,2013-05-17,,2013-05-17T21:28:27.000Z,33,S-1,333-188692,13856095,,S-1,1450184,0,0,,d539523ds1.htm,S-1
0001140361-13-022249,2013-05-22,2013-05-21,2013-05-22T18:30:59.000Z,,4,,,,4,5183,0,0,,xslF345X03/doc1.xml,FORM 4
0001193125-13-235909,2013-05-24,,2013-05-24T21:11:57.000Z,,CORRESP,,,,CORRESP,22656,0,0,,filename1.htm,
0001193125-13-236356,2013-05-28,,2013-05-28T10:08:54.000Z,33,S-1/A,333-188692,13873313,,S-1/A,13512591,1,0,,d539523ds1a.htm,S-1/A
0001193125-13-243201,2013-05-31,,2013-05-31T19:42:04.000Z,,CORRESP,,,,CORRESP,30919,0,0,,filename1.htm,
0001193125-13-244060,2013-06-03,,2013-06-03T10:05:20.000Z,33,S-1/A,333-188692,13886706,,S-1/A,2880747,0,0,,d539523ds1a.htm,S-1/A
9999999995-13-001700,2013-06-04,,2013-06-05T04:15:10.000Z,33,EFFECT,333-188692,13893067,"S-1,,2013-06-04 16:00:00",EFFECT,1690,0,0,,xslEFFECTX01/primary_doc.xml,
0001193125-13-247765,2013-06-05,,2013-06-05T11:32:07.000Z,33,424B4,333-188692,13893115,,424B4,2591052,0,0,,d539523d424b4.htm,FILED PURSUANT TO RULE 424(B)(4)
0001179110-13-009840,2013-06-06,2013-06-04,2013-06-06T20:04:20.000Z,,4,,,,4,189147,0,0,,xslF345X03/edgar.xml,FORM 4 -
0001179110-13-009841,2013-06-06,2013-06-04,2013-06-06T20:04:47.000Z,,4,,,,4,189094,0,0,,xslF345X03/edgar.xml,FORM 4 -
0001179110-13-009842,2013-06-06,2013-06-04,2013-06-06T20:05:08.000Z,,4,,,,4,194163,0,0,,xslF345X03/edgar.xml,FORM 4 -
0001179110-13-009843,2013-06-06,2013-06-04,2013-06-06T20:09:55.000Z,,4,,,,4,198041,0,0,,xslF345X03/edgar.xml,FORM 4 -
0001140361-13-024773,2013-06-10,2013-06-10,2013-06-10T22:51:04.000Z,,4,,,,4,4585,0,0,,xslF345X03/doc1.xml,FORM 4
0001179110-13-010440,2013-06-17,2013-06-13,2013-06-17T17:00:38.000Z,,4,,,,4,194155,0,0,,xslF345X03/edgar.xml,FORM 4 -
0001179110-13-010441,2013-06-17,2013-06-13,2013-06-17T17:01:51.000Z,,4,,,,4,189086,0,0,,xslF345X03/edgar.xml,FORM 4 -
0001179110-13-010442,2013-06-17,2013-06-13,2013-06-17T17:02:42.000Z,,4,,,,4,189139,0,0,,xslF345X03/edgar.xml,FORM 4 -
0001179110-13-010443,2013-06-17,2013-06-13,2013-06-17T17:03:51.000Z,,4,,,,4,198007,0,0,,xslF345X03/edgar.xml,FORM 4 -
0001140361-13-025857,2013-06-20,2013-06-18,2013-06-20T19:51:59.000Z,,4,,,,4,5181,0,0,,xslF345X03/doc1.xml,FORM 4
0001140361-13-028921,2013-07-25,2013-07-23,2013-07-25T17:32:27.000Z,,4,,,,4,5181,0,0,,xslF345X03/doc1.xml,FORM 4
0001511737-13-000009,2013-08-08,2013-08-08,2013-08-08T20:08:31.000Z,34,8-K,001-35300,131022241,"2.02,9.01",8-K,314519,0,0,,form8-k.htm,8-K
0001140361-13-033760,2013-08-21,2013-08-20,2013-08-21T18:56:24.000Z,,4,,,,4,5182,0,0,,xslF345X03/doc1.xml,FORM 4
0001140361-13-034969,2013-09-04,2013-09-03,2013-09-04T20:41:39.000Z,,4,,,,4,4478,0,0,,xslF345X03/doc1.xml,FORM 4
0001209191-13-043315,2013-09-05,2013-09-03,2013-09-06T01:07:42.000Z,,4,,,,4,5115,0,0,,xslF345X03/c594669_4x0.xml,MAIN DOCUMENT DESCRIPTION
0001179110-13-013960,2013-09-06,2013-09-04,2013-09-06T20:25:03.000Z,,4,,,,4,194162,0,0,,xslF345X03/edgar.xml,FORM 4 -
0001179110-13-013961,2013-09-06,2013-09-04,2013-09-06T20:25:35.000Z,,4,,,,4,189100,0,0,,xslF345X03/edgar.xml,FORM 4 -
0001179110-13-013962,2013-09-06,2013-09-04,2013-09-06T20:26:11.000Z,,4,,,,4,189153,0,0,,xslF345X03/edgar.xml,FORM 4 -
0001179110-13-013963,2013-09-06,2013-09-04,2013-09-06T20:26:42.000Z,,4,,,,4,198052,0,0,,xslF345X03/edgar.xml,FORM 4 -
0001511737-13-000013,2013-09-13,2013-06-30,2013-09-13T20:08:01.000Z,34,10-K,001-35300,131096469,,10-K,18280622,1,0,,ubnt-06302013x10k.htm,10-K
0001179110-13-014185,2013-09-13,2013-09-11,2013-09-13T20:59:05.000Z,,4,,,,4,198047,0,0,,xslF345X03/edgar.xml,FORM 4 -
0001179110-13-014186,2013-09-13,2013-09-11,2013-09-13T21:00:04.000Z,,4,,,,4,189148,0,0,,xslF345X03/edgar.xml,FORM 4 -
0001179110-13-014187,2013-09-13,2013-09-11,2013-09-13T21:01:20.000Z,,4,,,,4,189097,0,0,,xslF345X03/edgar.xml,FORM 4 -
0001179110-13-014188,2013-09-13,2013-09-11,2013-09-13T21:01:56.000Z,,4,,,,4,194157,0,0,,xslF345X03/edgar.xml,FORM 4 -
0001179110-13-014204,2013-09-16,2013-09-11,2013-09-16T10:01:33.000Z,,4/A,,,,4/A,189440,0,0,,xslF345X03/edgar.xml,FORM 4/A -
0001140361-13-038899,2013-10-17,2013-10-15,2013-10-17T17:09:54.000Z,,4,,,,4,5182,0,0,,xslF345X03/doc1.xml,FORM 4
0001193125-13-404111,2013-10-18,2013-10-11,2013-10-18T21:28:06.000Z,34,8-K,001-35300,131160165,"5.02,9.01",8-K,40376,0,0,,d614744d8k.htm,FORM 8-K
0001140361-13-039512,2013-10-24,2012-12-31,2013-10-24T22:58:27.000Z,,4,,,,4,8706,0,0,,xslF345X03/doc1.xml,FORM 4
0001193125-13-413414,2013-10-28,2013-10-22,2013-10-28T20:01:59.000Z,34,8-K,001-35300,131173151,"5.02,9.01",8-K,29920,0,0,,d618074d8k.htm,FORM 8-K
0001193125-13-413421,2013-10-28,2013-12-13,2013-10-28T20:04:10.000Z,34,DEF 14A,001-35300,131173172,,DEF 14A,810597,0,0,,d616955ddef14a.htm,DEFINITIVE PROXY STATEMENT
0001140361-13-040267,2013-11-01,2013-10-25,2013-11-01T19:18:12.000Z,,3,,,,3,13084,0,0,,xslF345X02/doc1.xml,FORM 3
0001140361-13-040269,2013-11-01,2013-10-25,2013-11-01T19:19:38.000Z,,3,,,,3,13826,0,0,,xslF345X02/doc1.xml,FORM 3
0001511737-13-000018,2013-11-07,2013-11-07,2013-11-07T21:07:08.000Z,34,8-K,001-35300,131200665,"2.02,9.01",8-K,361504,0,0,,form8-k.htm,8-K
0001511737-13-000021,2013-11-08,2013-09-30,2013-11-08T20:56:30.000Z,34,10-Q,001-35300,131204615,,10-Q,6697472,1,0,,ubnt-09302013x10q.htm,10-Q
0001140361-13-042099,2013-11-13,2013-11-12,2013-11-13T19:51:18.000Z,,4,,,,4,5180,0,0,,xslF345X03/doc1.xml,FORM 4
0001140361-13-042101,2013-11-13,2013-11-11,2013-11-13T19:54:18.000Z,,4,,,,4,4951,0,0,,xslF345X03/doc1.xml,FORM 4
0001193125-13-451511,2013-11-22,2013-11-22,2013-11-22T22:24:53.000Z,34,8-K,001-35300,131239070,5.02,8-K,13080,0,0,,d633854d8k.htm,8-K
0001193125-13-462253,2013-12-04,,2013-12-04T22:18:54.000Z,34,DEFA14A,001-35300,131258059,,DEFA14A,19676,0,0,,d639330ddefa14a.htm,DEFA14A
0001140361-13-045358,2013-12-09,2013-12-06,2013-12-09T23:56:01.000Z,,4,,,,4,4945,0,0,,xslF345X03/doc1.xml,FORM 4
0001193125-13-474388,2013-12-16,2013-12-13,2013-12-16T18:32:54.000Z,34,8-K,001-35300,131278511,5.07,8-K,17235,0,0,,d643188d8k.htm,FORM 8-K
0001140361-13-046729,2013-12-18,2013-12-16,2013-12-18T21:35:21.000Z,,4,,,,4,16818,0,0,,xslF345X03/doc1.xml,FORM 4
0001140361-13-046914,2013-12-19,2013-12-17,2013-12-19T18:25:45.000Z,,4,,,,4,5183,0,0,,xslF345X03/doc1.xml,FORM 4
0001140361-13-047510,2013-12-26,2013-12-23,2013-12-26T19:04:36.000Z,,4,,,,4,8942,0,0,,xslF345X03/doc1.xml,FORM 4
0001140361-14-000805,2014-01-06,2014-01-02,2014-01-06T20:38:10.000Z,,4,,,,4,8948,0,0,,xslF345X03/doc1.xml,FORM 4
0001140361-14-002338,2014-01-16,2014-01-14,2014-01-16T19:18:15.000Z,,4,,,,4,5180,0,0,,xslF345X03/doc1.xml,FORM 4
0001140361-14-002339,2014-01-16,2013-10-25,2014-01-16T19:21:55.000Z,,3/A,,,,3/A,3826,0,0,,xslF345X02/doc1.xml,FORM 3/A
0001193125-14-014423,2014-01-17,,2014-01-17T20:11:00.000Z,34,SC 13G/A,005-86648,14534796,,SC 13G/A,216478,0,0,,d655500dsc13ga.htm,AMENDMENT NO. 2 TO SCHEDULE 13G
0001140361-14-004620,2014-02-05,2014-02-03,2014-02-05T13:45:01.000Z,,4,,,,4,8949,0,0,,xslF345X03/doc1.xml,FORM 4
0001511737-14-000005,2014-02-06,2014-02-06,2014-02-06T21:33:07.000Z,34,8-K,001-35300,14580568,"2.02,9.01",8-K,295006,0,0,,form8-kforq22014earnings.htm,FORM 8-K
0001511737-14-000006,2014-02-06,,2014-02-06T22:04:42.000Z,33,S-8,333-193793,14580912,,S-8,89972,0,0,,ubiquitiforms-82014.htm,REGISTRATION STATEMENT -2010 EQUITY INCENTIVE PLAN
0001511737-14-000009,2014-02-07,2013-12-31,2014-02-07T01:16:54.000Z,34,10-Q,001-35300,14581580,,10-Q,7299351,1,0,,ubnt-12312013x10q.htm,10-Q
0001140361-14-006084,2014-02-12,2014-02-04,2014-02-12T14:14:29.000Z,,4,,,,4,4844,0,0,,xslF345X03/doc1.xml,FORM 4
0001140361-14-006089,2014-02-12,2014-02-04,2014-02-12T14:23:06.000Z,,4,,,,4,4750,0,0,,xslF345X03/doc1.xml,FORM 4
0001193125-14-048206,2014-02-12,,2014-02-12T21:31:06.000Z,34,SC 13G/A,005-86648,14600693,,SC 13G/A,30609,0,0,,d677519dsc13ga.htm,SC 13G/A
0001193125-14-048227,2014-02-12,,2014-02-12T21:35:53.000Z,34,SC 13G/A,005-86648,14600773,,SC 13G/A,30172,0,0,,d677694dsc13ga.htm,SC 13G/A
0001140361-14-008270,2014-02-18,2014-02-11,2014-02-18T20:10:04.000Z,,4,,,,4,12911,0,0,,xslF345X03/doc1.xml,FORM 4
0001140361-14-010786,2014-03-04,2014-03-03,2014-03-04T18:31:33.000Z,,4,,,,4,17869,0,0,,xslF345X03/doc1.xml,FORM 4
0001140361-14-011250,2014-03-05,2014-03-04,2014-03-05T22:11:04.000Z,,4,,,,4,17506,0,0,,xslF345X03/doc1.xml,FORM 4
0001193125-14-084883,2014-03-06,2014-03-04,2014-03-05T23:35:37.000Z,34,8-K,001-35300,14670856,8.01,8-K,13415,0,0,,d688800d8k.htm,8-K
0001140361-14-012564,2014-03-13,2014-03-11,2014-03-13T17:17:31.000Z,,4,,,,4,5179,0,0,,xslF345X03/doc1.xml,FORM 4
0001140361-14-015537,2014-04-03,2014-04-01,2014-04-03T17:25:54.000Z,,4,,,,4,8949,0,0,,xslF345X03/doc1.xml,FORM 4
0001140361-14-016920,2014-04-16,2014-04-15,2014-04-16T22:48:47.000Z,,4,,,,4,5180,0,0,,xslF345X03/doc1.xml,FORM 4
0001193125-14-146710,2014-04-17,2014-04-16,2014-04-17T11:38:59.000Z,34,8-K,001-35300,14768719,7.01,8-K,13447,0,0,,d712832d8k.htm,FORM 8-K
0001511737-14-000016,2014-05-08,2014-05-08,2014-05-08T20:08:58.000Z,34,8-K,001-35300,14824978,"2.02,9.01",8-K,665627,0,0,,form8-kforq32014earnings.htm,8-K
0001511737-14-000018,2014-05-09,2014-03-31,2014-05-08T22:04:55.000Z,34,10-Q,001-35300,14826409,,10-Q,8740817,1,0,,ubnt-3312014x10q.htm,10-Q
0001140361-14-021014,2014-05-14,2014-05-13,2014-05-14T21:44:47.000Z,,4,,,,4,5179,0,0,,xslF345X03/doc1.xml,FORM 4
0001193125-14-222294,2014-06-02,,2014-06-02T20:20:11.000Z,34,SD,001-35300,14884348,,SD,42547,0,0,,d738321dsd.htm,FORM SD
0001140361-14-026118,2014-06-18,2014-06-17,2014-06-19T00:25:53.000Z,,4,,,,4,5179,0,0,,xslF345X03/doc1.xml,FORM 4
0001511737-14-000021,2014-08-07,2014-08-07,2014-08-07T20:10:44.000Z,34,8-K,001-35300,141023979,"2.02,9.01",8-K,656149,0,0,,form8-kforq42014earnings.htm,8-K
0001140361-14-033893,2014-08-22,2014-08-20,2014-08-22T18:35:00.000Z,,4,,,,4,11490,0,0,,xslF345X03/doc1.xml,FORM 4
0001511737-14-000024,2014-08-22,2014-06-30,2014-08-22T20:37:49.000Z,34,10-K,001-35300,141060597,,10-K,12200753,1,0,,ubnt-06302014x10k.htm,10-K
0001193125-14-359060,2014-09-30,2014-09-30,2014-09-30T20:47:00.000Z,34,8-K,001-35300,141130190,"7.01,9.01",8-K,26564,0,0,,d796495d8k.htm,8-K
0001193125-14-384953,2014-10-28,2014-12-16,2014-10-28T19:36:12.000Z,34,DEF 14A,001-35300,141177028,,DEF 14A,770038,0,0,,d809964ddef14a.htm,DEFINITIVE PROXY STATEMENT
0001511737-14-000029,2014-11-06,2014-11-06,2014-11-06T21:05:19.000Z,34,8-K,001-35300,141200650,"2.02,9.01",8-K,584236,0,0,,form8-kforq12015earnings.htm,8-K
0001511737-14-000030,2014-11-06,2014-09-30,2014-11-06T22:10:18.000Z,34,10-Q,001-35300,141201709,,10-Q,5806408,1,0,,ubnt-09302014x10q.htm,10-Q
0001193125-14-446627,2014-12-18,2014-12-16,2014-12-18T18:46:01.000Z,34,8-K,001-35300,141295130,5.07,8-K,19770,0,0,,d839518d8k.htm,8-K
0001511737-15-000008,2015-02-05,2015-02-05,2015-02-05T21:07:03.000Z,34,8-K,001-35300,15580320,"2.02,9.01",8-K,652566,0,0,,form8-kforq22015earnings.htm,8-K
0001511737-15-000009,2015-02-05,2014-12-31,2015-02-05T21:39:05.000Z,34,10-Q,001-35300,15580719,,10-Q,6884545,1,0,,ubnt-12312014x10q.htm,10-Q
0001140361-15-005466,2015-02-11,2015-02-09,2015-02-11T20:41:47.000Z,,4,,,,4,4903,0,0,,xslF345X03/doc1.xml,FORM 4
0001415889-15-000787,2015-03-06,2015-03-02,2015-03-06T20:58:18.000Z,34,8-K,001-35300,15681530,"1.01,1.02,2.03,9.01",8-K,1745910,0,0,,ubnt8k_mar32015.htm,FORM 8-K
0001415889-15-000822,2015-03-10,2015-03-04,2015-03-10T21:30:54.000Z,,4,,,,4,9016,0,0,,xslF345X03/form4-03102015_020345.xml,
0001415889-15-001433,2015-04-23,2015-04-21,2015-04-23T20:15:51.000Z,34,8-K,001-35300,15788620,"2.02,5.02,9.01",8-K,49201,0,0,,form8k-04232015_010443.htm,
0001511737-15-000016,2015-05-07,2015-05-07,2015-05-07T20:16:11.000Z,34,8-K,001-35300,15841956,"2.02,9.01",8-K,660016,0,0,,form8-kforq32015earnings.htm,8-K
0001511737-15-000018,2015-05-07,2015-03-31,2015-05-07T20:24:15.000Z,34,10-Q,001-35300,15842125,,10-Q,6891401,1,0,,ubnt-03312015x10q.htm,10-Q
0001571049-15-004743,2015-05-29,,2015-05-29T20:10:28.000Z,34,SD,001-35300,15899650,,SD,44213,0,0,,t1501287_sd.htm,FORM SD
0001571049-15-006288,2015-08-06,2015-08-04,2015-08-06T20:01:37.000Z,34,8-K,001-35300,151033023,"2.02,5.02,8.01,9.01",8-K,152701,0,0,,t1501817_8k.htm,FORM 8-K
0001511737-15-000022,2015-08-21,2015-06-30,2015-08-21T19:06:20.000Z,34,10-K,001-35300,151068684,,10-K,9191838,1,0,,ubnt-06302015x10k.htm,10-K
0001415889-15-003186,2015-09-28,2015-09-24,2015-09-28T18:52:34.000Z,,4,,,,4,8499,0,0,,xslF345X03/form4-09282015_110927.xml,
0001415889-15-003188,2015-09-28,,2015-09-28T19:00:38.000Z,34,SC 13G/A,005-86648,151127200,,SC 13G/A,34992,0,0,,formsc13ga-09282015_120932.htm,
0000000000-15-048762,2015-10-06,,2015-10-06T21:03:53.000Z,,UPLOAD,,,,LETTER,163387,0,0,,filename1.pdf,
0001415889-15-003430,2015-10-16,2015-08-04,2015-10-16T20:00:14.000Z,,3,,,,3,6939,0,0,,xslF345X02/form3-10162015_041006.xml,
0001415889-15-003433,2015-10-16,2015-10-14,2015-10-16T20:27:55.000Z,34,8-K,001-35300,151162295,5.02,8-K,12967,0,0,,form8k-10162015_011049.htm,
0001415889-15-003434,2015-10-16,,2015-10-16T20:29:03.000Z,,CORRESP,,,,CORRESP,74795,0,0,,filename1.htm,
0001511737-15-000025,2015-10-27,2015-12-16,2015-10-27T17:26:07.000Z,34,DEF 14A,001-35300,151176963,,DEF 14A,1047025,0,0,,ubnt-2015proxy.htm,DEFINITIVE PROXY STATEMENT
0001511737-15-000029,2015-11-05,2015-09-30,2015-11-05T21:01:42.000Z,34,10-Q,001-35300,151200479,,10-Q,4856483,1,0,,ubnt-09302015x10q.htm,10-Q
0001415889-15-003599,2015-11-05,2015-11-03,2015-11-05T21:04:57.000Z,34,8-K,001-35300,151200543,"2.02,8.01,9.01",8-K,260908,0,0,,form8k-11052015_011150.htm,
0001415889-15-003635,2015-11-09,,2015-11-09T22:21:00.000Z,,CORRESP,,,,CORRESP,98604,0,0,,filename1.htm,
0000000000-15-055342,2015-11-24,,2015-11-24T21:04:21.000Z,,UPLOAD,,,,LETTER,141048,0,0,,filename1.pdf,
0001415889-15-004120,2015-12-18,2015-12-16,2015-12-18T21:15:28.000Z,34,8-K,001-35300,151297005,"3.01,5.07",8-K,29864,0,0,,form8k-12182015_011221.htm,
0001415889-15-004145,2015-12-21,,2015-12-21T22:20:42.000Z,,CORRESP,,,,CORRESP,41373,0,0,,filename1.htm,
0000000000-15-059733,2015-12-29,,2015-12-29T20:05:12.000Z,,UPLOAD,,,,LETTER,35859,0,0,,filename1.pdf,
0001511737-16-000032,2016-02-04,2015-12-31,2016-02-04T21:03:09.000Z,34,10-Q,001-35300,161388401,,10-Q,5548927,1,0,,ubnt-12312015x10q.htm,10-Q
0001415889-16-004613,2016-02-04,2016-02-02,2016-02-04T21:05:08.000Z,34,8-K,001-35300,161388422,"2.02,9.01",8-K,302730,0,0,,form8k-02042016_040201.htm,
0001193125-16-464132,2016-02-16,,2016-02-16T14:39:05.000Z,34,SC 13G,005-86648,161423852,,SC 13G,36379,0,0,,d128586dsc13g.htm,SC 13G
0001415889-16-005749,2016-05-05,2016-05-03,2016-05-05T20:03:46.000Z,34,8-K,001-35300,161623602,"2.02,5.02,8.01,9.01",8-K,292979,1,0,,form8k-05052016_010536.htm,
0001511737-16-000037,2016-05-05,2016-03-31,2016-05-05T20:04:37.000Z,34,10-Q,001-35300,161623618,,10-Q,5655624,1,0,,ubnt-03312016x10q.htm,10-Q
0001415889-16-005879,2016-05-13,2016-05-03,2016-05-13T20:13:59.000Z,,4,,,,4,2965,0,0,,xslF345X03/form4-05132016_010548.xml,
0001415889-16-005880,2016-05-13,2016-05-03,2016-05-13T20:16:08.000Z,,3,,,,3,10382,0,0,,xslF345X02/form3-05132016_010558.xml,
0001571049-16-015670,2016-05-31,,2016-05-31T20:23:12.000Z,34,SD,001-35300,161686160,,SD,281209,0,0,,t1601437_sd.htm,FORM SD
0001415889-16-006679,2016-08-04,2016-08-03,2016-08-04T20:01:40.000Z,34,8-K,001-35300,161807289,"2.02,8.01,9.01",8-K,275993,0,0,,form8k-08042016_010830.htm,
0001415889-16-006753,2016-08-10,2016-08-04,2016-08-10T16:41:39.000Z,34,8-K,001-35300,161820731,5.02,8-K,13809,0,0,,form8k-08102016_090831.htm,
0001415889-16-006877,2016-08-17,2016-08-11,2016-08-17T20:05:09.000Z,34,8-K,001-35300,161838617,8.01,8-K,12737,0,0,,form8k-08172016_040801.htm,
0001415889-16-006908,2016-08-18,2016-08-04,2016-08-18T21:01:53.000Z,,3,,,,3,8728,0,0,,xslF345X02/form3-08182016_020844.xml,
0001511737-16-000040,2016-08-22,2016-06-30,2016-08-22T18:37:18.000Z,34,10-K,001-35300,161845010,,10-K,9308955,1,0,,ubnt-06302016x10k.htm,10-K
0001415889-16-007162,2016-09-19,2015-07-31,2016-09-20T00:26:23.000Z,,4,,,,4,24818,0,0,,xslF345X03/form4-09192016_050914.xml,
0001511737-16-000043,2016-10-27,2016-12-14,2016-10-27T17:15:39.000Z,34,DEF 14A,001-35300,161954839,,DEF 14A,1010659,0,0,,ubnt-2016proxy.htm,DEF 14A
0001415889-16-007334,2016-11-03,2016-11-03,2016-11-03T20:04:13.000Z,34,8-K,001-35300,161971536,"2.02,9.01",8-K,245814,0,0,,form8k-11032016_011103.htm,
0001511737-16-000045,2016-11-07,2016-09-30,2016-11-07T20:58:33.000Z,34,10-Q,001-35300,161978040,,10-Q,4959560,1,0,,ubnt-09302016x10q.htm,10-Q
0001415889-16-007436,2016-11-15,2016-11-11,2016-11-15T21:10:11.000Z,,4,,,,4,8266,0,0,,xslF345X03/form4-11152016_041101.xml,
0001415889-16-007559,2016-12-08,2016-12-05,2016-12-08T21:05:15.000Z,34,8-K,001-35300,162041473,"4.01,8.01,9.01",8-K,40790,0,0,,form8k-12082016_011207.htm,
0001511737-16-000048,2016-12-08,,2016-12-08T21:07:45.000Z,34,DEFA14A,001-35300,162041503,,DEFA14A,62125,0,0,,ubnt-2016additionalproxy.htm,DEFA14A
0001415889-16-007589,2016-12-16,2016-12-14,2016-12-16T21:05:10.000Z,34,8-K,001-35300,162056362,5.07,8-K,25894,0,0,,form8k-12162016_041201.htm,
0001415889-17-000235,2017-02-09,2017-02-09,2017-02-09T21:01:43.000Z,34,8-K,001-35300,17587512,"2.02,9.01",8-K,315874,0,0,,form8k-02092017_010229.htm,
0001511737-17-000003,2017-02-09,2016-12-31,2017-02-09T21:06:54.000Z,34,10-Q,001-35300,17587615,,10-Q,5496793,1,0,,ubnt-12312016x10q.htm,10-Q
0001193125-17-042655,2017-02-14,,2017-02-14T17:40:02.000Z,34,SC 13G/A,005-86648,17605936,,SC 13G/A,36481,0,0,,d293681dsc13ga.htm,SC 13G/A
0001571049-17-001493,2017-02-21,2017-02-21,2017-02-21T13:00:43.000Z,34,8-K,001-35300,17623511,"7.01,9.01",8-K,21576602,0,0,,t1700516_8k.htm,FORM 8-K
0001415889-17-000354,2017-03-03,2017-03-03,2017-03-03T21:27:09.000Z,34,8-K,001-35300,17664024,8.01,8-K,13305,0,0,,form8k-03032017_010300.htm,
0001415889-17-000662,2017-04-20,2017-04-14,2017-04-20T20:14:27.000Z,34,8-K,001-35300,17773177,"1.01,2.03,9.01",8-K,115326,0,0,,form8k-04202017_010418.htm,
0001415889-17-000692,2017-05-04,2017-05-04,2017-05-04T20:03:32.000Z,34,8-K,001-35300,17813851,"2.02,9.01",8-K,283063,0,0,,form8k-05042017_010520.htm,
0001628280-17-004928,2017-05-04,2017-03-31,2017-05-04T20:07:24.000Z,34,10-Q,001-35300,17813944,,10-Q,5691025,1,0,,ubnt-03312017x10q.htm,10-Q
0001415889-17-000858,2017-05-26,2017-05-24,2017-05-26T20:03:18.000Z,,4,,,,4,4513,0,0,,xslF345X03/form4-05262017_010507.xml,
0001571049-17-005440,2017-05-26,,2017-05-26T20:21:27.000Z,34,SD,001-35300,17874247,,SD,195658,0,0,,t1701654_sd.htm,FORM SD
0001571049-17-005441,2017-05-26,,2017-05-26T20:23:44.000Z,34,SC 13G/A,005-86648,17874271,,SC 13G/A,31874,0,0,,t1701655_sc13ga.htm,AMENDMENT NO. 3 TO SCHEDULE 13G
0001415889-17-001146,2017-07-11,2017-07-07,2017-07-11T21:08:58.000Z,,4,,,,4,14174,0,0,,xslF345X03/form4-07112017_020746.xml,
0001654954-17-006902,2017-08-03,2017-08-03,2017-08-03T12:35:37.000Z,34,8-K,001-35300,171002981,"2.02,9.01",8-K,299210,1,1,,ubnt8k.htm,FORM 8-K
0001654954-17-007226,2017-08-10,2017-08-10,2017-08-10T20:01:39.000Z,34,8-K,001-35300,171021434,"7.01,9.01",8-K,5747504,0,0,,ubnt8k080717v1.htm,8-K
0001628280-17-008894,2017-08-25,2017-06-30,2017-08-25T17:29:02.000Z,34,10-K,001-35300,171051429,,10-K,9138911,1,0,,ubnt-06302017x10k.htm,10-K
0001415889-17-001438,2017-08-30,2017-08-28,2017-08-30T20:05:28.000Z,,4,,,,4,4432,0,0,,xslF345X03/form4-08302017_010817.xml,
0001654954-17-008135,2017-09-05,2017-09-05,2017-09-05T20:08:27.000Z,34,8-K,001-35300,171068820,8.01,8-K,27325,0,0,,ubnt8k_sept12017.htm,CURRENT REPORT
0001654954-17-008548,2017-09-19,2017-09-18,2017-09-19T01:46:41.000Z,34,8-K,001-35300,171091016,"2.02,8.01",8-K,35813,0,0,,ubnt8k_sept18017.htm,CURRENT REPORT
0001511737-17-000008,2017-10-27,2017-12-12,2017-10-27T20:35:23.000Z,34,DEF 14A,001-35300,171159840,,DEF 14A,976273,0,0,,ubnt-2017proxy.htm,DEF 14A
0001654954-17-009914,2017-11-01,2017-10-31,2017-11-01T20:57:04.000Z,34,8-K,001-35300,171169674,"1.01,2.03,9.01",8-K,96357,0,0,,ubnt8k_oct312017.htm,CURRENT REPORT
0001511737-17-000009,2017-11-09,2017-11-08,2017-11-09T13:36:16.000Z,34,8-K,001-35300,171188399,"2.02,7.01,8.01,9.01",8-K,8620104,0,0,,form8-kforq12018earnings.htm,8-K
0001511737-17-000011,2017-11-09,2017-09-30,2017-11-09T18:41:57.000Z,34,10-Q,001-35300,171189986,,10-Q,5009723,1,0,,ubnt-09302017x10q.htm,10-Q
0001654954-17-011551,2017-12-13,2017-12-12,2017-12-13T13:30:26.000Z,34,8-K,001-35300,171253047,5.07,8-K,29181,0,0,,ubiquity8k_dec122017.htm,CURRENT REPORT
0001654954-18-000635,2018-01-23,2018-01-17,2018-01-23T13:32:04.000Z,34,8-K,001-35300,18541103,"1.01,1.02,2.03,9.01",8-K,1410284,0,0,,ubnt8k.htm,CURRENT REPORT
0001511737-18-000002,2018-02-08,2018-02-08,2018-02-08T13:34:39.000Z,34,8-K,001-35300,18582908,"2.02,8.01,9.01",8-K,442871,0,0,,form8-kforq22018earnings.htm,8-K
0001511737-18-000005,2018-02-08,2017-12-31,2018-02-08T20:00:23.000Z,34,10-Q,001-35300,18585279,,10-Q,5770679,1,0,,ubnt-12312017x10q.htm,10-Q
0001654954-18-001353,2018-02-12,,2018-02-12T21:02:46.000Z,34,SC 13G/A,005-86648,18596313,,SC 13G/A,56041,0,0,,pera13g.htm,SCHEDULE 13G/A
0001193125-18-041715,2018-02-13,,2018-02-13T16:11:56.000Z,34,SC 13G/A,005-86648,18600766,,SC 13G/A,37329,0,0,,d534180dsc13ga.htm,SC 13G/A
0001654954-18-001671,2018-02-20,2018-02-13,2018-02-20T13:30:26.000Z,34,8-K,001-35300,18623171,7.01,8-K,21116,0,0,,ubnt8k_feb132018.htm,CURRENT REPORT
0001415889-18-000351,2018-03-08,2018-03-06,2018-03-08T21:06:14.000Z,,4,,,,4,8660,0,0,,xslF345X03/form4-03082018_040301.xml,
0001654954-18-002453,2018-03-13,2018-03-13,2018-03-13T17:27:49.000Z,34,8-K,001-35300,18685922,8.01,8-K,27177,0,0,,ubnt8k_mar132018.htm,CURRENT REPORT
0001511737-18-000008,2018-05-10,2018-03-31,2018-05-10T12:08:41.000Z,34,10-Q,001-35300,18820592,,10-Q,5681324,1,0,,ubnt-3312018x10q.htm,10-Q
0001511737-18-000010,2018-05-10,2018-05-08,2018-05-10T12:30:40.000Z,34,8-K,001-35300,18820643,"2.02,8.01,9.01",8-K,451398,0,0,,form8-kforq32018earnings.htm,8-K
0001144204-18-031769,2018-05-31,,2018-05-30T22:20:01.000Z,34,SD,001-35300,18869445,,SD,241022,0,0,,tv495161_sd.htm,FORM SD
0001415889-18-001105,2018-07-10,2018-07-07,2018-07-10T20:06:48.000Z,,4,,,,4,14143,0,0,,xslF345X03/form4-07102018_010733.xml,
0001415889-18-001277,2018-08-20,2018-08-16,2018-08-20T20:22:31.000Z,,4,,,,4,5509,0,0,,xslF345X03/form4-08202018_010815.xml,
0001511737-18-000012,2018-08-24,2018-06-30,2018-08-24T11:24:05.000Z,34,10-K,001-35300,181035845,,10-K,13012610,1,0,,ubnt-06302018x10k.htm,10-K
0001511737-18-000014,2018-08-24,2018-08-24,2018-08-24T11:30:58.000Z,34,8-K,001-35300,181035848,"2.02,9.01",8-K,512933,0,0,,form8-kforq42018earnings.htm,8-K
0001415889-18-001310,2018-08-31,2018-08-29,2018-08-31T20:05:16.000Z,,4,,,,4,4426,0,0,,xslF345X03/form4-08312018_040801.xml,
0001415889-18-001336,2018-09-07,2018-09-05,2018-09-07T20:06:25.000Z,34,8-K,001-35300,181060224,5.02,8-K,13812,0,0,,form8k-09072018_010911.htm,
0001415889-18-001489,2018-10-12,2018-10-10,2018-10-12T20:03:06.000Z,,4,,,,4,3000,0,0,,xslF345X03/form4-10122018_011049.xml,
0001415889-18-001490,2018-10-12,2018-10-10,2018-10-12T20:06:59.000Z,34,8-K,001-35300,181120320,5.02,8-K,13763,0,0,,form8k-10122018_011045.htm,
0001511737-18-000019,2018-10-26,2018-06-30,2018-10-26T20:02:59.000Z,34,DEF 14A,001-35300,181141668,,DEF 14A,1003249,0,0,,ubnt-2018proxy.htm,DEF 14A
0001654954-18-011944,2018-11-02,2018-11-01,2018-11-02T20:05:23.000Z,34,8-K,001-35300,181157000,"5.03,9.01",8-K,40263,0,0,,ubtn8k_nov12018.htm,CURRENT REPORT
0001511737-18-000026,2018-11-09,2018-09-30,2018-11-09T12:12:52.000Z,34,10-Q,001-35300,181171335,,10-Q,12248908,1,0,,ubnt-9302018x10qxq12019.htm,10-Q
0001511737-18-000027,2018-11-09,2018-11-06,2018-11-09T12:15:45.000Z,34,8-K,001-35300,181171343,"2.02,8.01,9.01",8-K,410948,0,0,,form8-kforq12019earnings.htm,8-K
0001415889-18-001697,2018-11-30,2018-11-28,2018-11-30T21:06:15.000Z,,4,,,,4,16113,0,0,,xslF345X03/form4-11302018_011158.xml,
0001415889-18-001755,2018-12-12,2018-12-11,2018-12-12T21:05:16.000Z,34,8-K,001-35300,181230983,5.07,8-K,33261,0,0,,form8k-12122018_041201.htm,
0001511737-19-000006,2019-02-08,2018-12-31,2019-02-08T12:34:37.000Z,34,10-Q,001-35300,19577453,,XBRL,7843414,1,1,,wfx-20181231.htm,10-Q
0001511737-19-000007,2019-02-08,2019-02-08,2019-02-08T12:55:11.000Z,34,8-K,001-35300,19577563,2.02,8-K,490199,0,0,,form8-kforq219earnings.htm,8-K
0001144204-19-007132,2019-02-13,,2019-02-13T21:03:54.000Z,34,SC 13G/A,005-86648,19597036,,SC 13G/A,45899,0,0,,tv513406_sc13ga.htm,SCHEDULE 13G/A
0001193125-19-037980,2019-02-13,,2019-02-13T21:13:03.000Z,34,SC 13G/A,005-86648,19597264,,SC 13G/A,41448,0,0,,d704731dsc13ga.htm,SC 13G/A
0001415889-19-000234,2019-03-01,2019-02-27,2019-03-01T21:10:02.000Z,,4,,,,4,9327,0,0,,xslF345X03/form4-03012019_010349.xml,
0001511737-19-000009,2019-05-10,2019-03-31,2019-05-10T11:30:12.000Z,34,10-Q,001-35300,19812842,,XBRL,9994235,1,1,,ubnt-20190331.htm,10-Q
0001511737-19-000011,2019-05-10,2019-05-10,2019-05-10T11:41:05.000Z,34,8-K,001-35300,19812866,2.02,8-K,488499,0,0,,form8-kforq319earnings.htm,
0001511737-19-000014,2019-05-31,,2019-05-31T20:02:14.000Z,34,SD,001-35300,19870395,,SD,559497,0,0,,a2019formsd.htm,SD
0001674260-19-000003,2019-07-03,2019-07-01,2019-07-03T20:35:19.000Z,,4,,,,4,8586,0,0,,xslF345X03/wf-form4_156218610373484.xml,FORM 4
0001674260-19-000005,2019-08-08,2019-08-06,2019-08-08T20:25:56.000Z,,4,,,,4,5509,0,0,,xslF345X03/wf-form4_156529594057274.xml,FORM 4
0001511737-19-000017,2019-08-09,2019-08-06,2019-08-09T11:57:48.000Z,34,8-K,001-35300,191011336,"2.02,3.01,5.03,7.01,8.01,9.01",8-K,515659,0,0,,form8-kforq419earnings.htm,8-K
0001511737-19-000019,2019-08-09,,2019-08-09T12:00:09.000Z,34,8-A12B,001-35300,191011339,,8-A12B,26479,0,0,,form8-axfinal.htm,8-A12B
0000876661-19-000831,2019-08-09,,2019-08-09T13:03:52.000Z,34,CERT,001-35300,191011470,,CERT,61341,0,0,,UI08092019.pdf,NYSE CERTIFICATION
0001144204-19-040502,2019-08-19,,2019-08-19T12:30:13.000Z,34,25,001-35300,191034971,,25,15246,0,0,,tv527873_form25.htm,FORM 25
0001511737-19-000023,2019-08-20,2019-08-16,2019-08-20T11:23:17.000Z,34,8-K,001-35300,191037857,"5.03,8.01,9.01",8-K,313728,0,0,,form8-kcorporatenamech.htm,8-K
0001511737-19-000026,2019-08-21,2019-06-30,2019-08-21T17:21:57.000Z,34,10-K,001-35300,191042386,,XBRL,19488083,1,1,,ubnt-20190630.htm,10-K
0001511737-19-000029,2019-09-12,2019-09-09,2019-09-12T20:22:36.000Z,34,8-K,001-35300,191090626,"1.01,2.03,9.01",XBRL,58273112,1,1,,form8-kfor3rdamendment.htm,8-K
0001511737-19-000032,2019-10-25,2019-06-30,2019-10-25T20:49:42.000Z,34,DEF 14A,001-35300,191170457,,DEF 14A,937621,0,0,,ubiquiti-2019proxy.htm,DEF 14A
0001511737-19-000037,2019-11-08,2019-09-30,2019-11-08T12:52:06.000Z,34,10-Q,001-35300,191202107,,XBRL,9137604,1,1,,ubnt-20190930.htm,10-Q
0001511737-19-000039,2019-11-08,2019-11-06,2019-11-08T12:56:10.000Z,34,8-K,001-35300,191202114,"2.02,8.01,9.01",XBRL,408865,1,1,,ui-20191106.htm,8-K
0001511737-19-000041,2019-11-15,2019-11-15,2019-11-15T22:33:26.000Z,,4,,,,4,9305,0,0,,xslF345X03/wf-form4_157385719145623.xml,FORM 4
0001415889-19-001500,2019-12-13,2019-12-11,2019-12-13T21:33:14.000Z,34,8-K,001-35300,191284983,5.07,8-K,17058,0,0,,form8k-12132019_011202.htm,
0001104659-19-076465,2019-12-27,2019-12-20,2019-12-27T21:01:40.000Z,34,8-K,001-35300,191313780,"7.01,9.01",XBRL,255658,1,1,,tm1927337d1_8k.htm,FORM 8-K
0001511737-20-000006,2020-02-07,2019-12-31,2020-02-07T12:06:13.000Z,34,10-Q,001-35300,20584512,,XBRL,10202129,1,1,,ubnt-20191231.htm,10-Q
0001511737-20-000008,2020-02-07,2020-02-07,2020-02-07T12:09:51.000Z,34,8-K,001-35300,20584515,9.01,XBRL,484674,1,1,,ui-20200207.htm,8-K
0001415889-20-000375,2020-02-19,2020-02-18,2020-02-19T21:04:17.000Z,,4,,,,4,8974,0,0,,xslF345X03/form4-02192020_010204.xml,
0001511737-20-000013,2020-05-08,2020-03-31,2020-05-08T11:06:40.000Z,34,10-Q,001-35300,20858633,,XBRL,10430156,1,1,,ubnt-20200331.htm,10-Q
0001511737-20-000015,2020-05-08,2020-05-05,2020-05-08T11:13:24.000Z,34,8-K,001-35300,20858644,"2.02,8.01,9.01",XBRL,482304,1,1,,ui-20200505.htm,8-K
0001415889-20-001217,2020-05-15,2020-05-15,2020-05-15T20:07:46.000Z,,4,,,,4,9517,0,0,,xslF345X03/form4-05152020_010532.xml,
0001511737-20-000017,2020-05-29,,2020-05-29T20:25:29.000Z,34,SD,001-35300,20928283,,SD,535002,0,0,,a2020formsd.htm,SD
0001674260-20-000002,2020-07-02,2020-07-01,2020-07-02T20:13:01.000Z,,4,,,,4,13681,0,0,,xslF345X03/wf-form4_159372076219466.xml,FORM 4
0001674260-20-000005,2020-08-20,2020-08-18,2020-08-20T20:07:36.000Z,,4,,,,4,5630,0,0,,xslF345X03/wf-form4_159795402623617.xml,FORM 4
0001511737-20-000022,2020-08-21,2020-06-30,2020-08-21T11:15:30.000Z,34,10-K,001-35300,201121443,,XBRL,13689714,1,1,,ubnt-20200630.htm,10-K
0001511737-20-000024,2020-08-21,2020-08-21,2020-08-21T11:22:54.000Z,34,8-K,001-35300,201121449,"2.02,9.01",XBRL,483021,1,1,,ui-20200821.htm,8-K
0001415889-20-002270,2020-09-04,2020-09-04,2020-09-04T20:12:07.000Z,,4,,,,4,9518,0,0,,xslF345X03/form4-09042020_010955.xml,
0001511737-20-000026,2020-10-26,2020-06-30,2020-10-26T20:13:19.000Z,34,DEF 14A,001-35300,201260862,,DEF 14A,1267090,0,0,,ubiquiti-2020proxy.htm,DEF 14A
0001511737-20-000030,2020-11-06,2020-09-30,2020-11-06T12:02:04.000Z,34,10-Q,001-35300,201292368,,XBRL,7420061,1,1,,ubnt-20200930.htm,10-Q
0001511737-20-000032,2020-11-06,2020-11-06,2020-11-06T12:10:28.000Z,34,8-K,001-35300,201292372,"2.02,9.01",XBRL,316983,1,1,,ui-20201106.htm,8-K
0001415889-20-002647,2020-11-16,2020-11-16,2020-11-16T23:23:03.000Z,,4,,,,4,9518,0,0,,xslF345X03/form4-11162020_031146.xml,
0001511737-20-000036,2020-12-11,2020-12-10,2020-12-11T21:07:23.000Z,34,8-K,001-35300,201383652,"5.02,5.07,9.01",XBRL,425307,1,1,,ubnt-20201210.htm,8-K
0001511737-20-000044,2020-12-18,2020-12-17,2020-12-18T21:13:10.000Z,34,8-K,001-35300,201400757,"5.03,9.01",XBRL,7862231,1,1,,ubnt-20201217.htm,8-K
0001511737-20-000047,2020-12-18,,2020-12-18T21:46:10.000Z,33,S-8,333-251503,201401152,,S-8,415811,0,0,,forms-8.htm,S-8
0001511737-21-000006,2021-02-05,2020-12-31,2021-02-05T12:03:10.000Z,34,10-Q,001-35300,21593434,,XBRL,8285222,1,1,,ubnt-20201231.htm,10-Q
0001511737-21-000007,2021-02-05,2021-02-05,2021-02-05T12:12:24.000Z,34,8-K,001-35300,21593439,"2.02,9.01",XBRL,360275,1,1,,ui-20210205.htm,8-K
0001511737-21-000009,2021-02-17,2021-02-16,2021-02-17T21:42:14.000Z,,4,,,,4,9314,0,0,,xslF345X03/wf-form4_161359811099617.xml,FORM 4
0001511737-21-000011,2021-04-05,2021-03-30,2021-04-02T21:47:12.000Z,34,8-K,001-35300,21803136,"1.01,1.02,2.03,9.01",XBRL,60729269,1,1,,ui-20210330.htm,8-K
0001511737-21-000014,2021-05-07,2021-03-31,2021-05-07T11:02:30.000Z,34,10-Q,001-35300,21900190,,XBRL,8578540,1,1,,ubnt-20210331.htm,10-Q
0001511737-21-000016,2021-05-07,2021-05-07,2021-05-07T11:09:33.000Z,34,8-K,001-35300,21900214,"2.02,9.01",XBRL,365262,1,1,,ui-20210507.htm,8-K
0001415889-21-002471,2021-05-14,2021-05-14,2021-05-14T20:06:09.000Z,,4,,,,4,9533,0,0,,xslF345X03/form4-05142021_010546.xml,
0001511737-21-000018,2021-05-26,,2021-05-26T20:02:55.000Z,34,SD,001-35300,21965862,,SD,379160,0,0,,a2021formsd.htm,SD
0001415889-21-003111,2021-06-21,2021-06-18,2021-06-21T20:07:12.000Z,34,8-K,001-35300,211030560,5.02,8-K,16657,0,0,,form8k-06212021_010604.htm,
0001674260-21-000002,2021-07-02,2021-07-01,2021-07-02T20:56:40.000Z,,4,,,,4,18689,0,0,,xslF345X03/wf-form4_162525936962121.xml,FORM 4
0001511737-21-000025,2021-08-02,2021-07-30,2021-08-02T20:05:36.000Z,34,8-K,001-35300,211136034,5.02,XBRL,175579,1,1,,ui-20210730.htm,8-K
0000899243-21-031921,2021-08-06,2021-08-03,2021-08-06T20:30:22.000Z,,3,,,,3,5721,0,0,,xslF345X02/doc3.xml,FORM 3 SUBMISSION
0001415889-21-004059,2021-08-23,2021-08-20,2021-08-23T20:05:57.000Z,,4,,,,4,5643,0,0,,xslF345X03/form4-08232021_010844.xml,
0001511737-21-000036,2021-08-27,2021-06-30,2021-08-27T11:01:08.000Z,34,10-K,001-35300,211214081,,XBRL,10572656,1,1,,ubnt-20210630.htm,10-K
0001511737-21-000037,2021-08-27,2021-08-27,2021-08-27T11:30:39.000Z,34,8-K,001-35300,211214120,"2.02,9.01",XBRL,376539,1,1,,ui-20210827.htm,8-K
0001415889-21-004251,2021-09-03,2021-09-03,2021-09-03T21:55:47.000Z,,4,,,,4,9533,0,0,,xslF345X03/form4-09032021_020937.xml,
0001511737-21-000040,2021-10-26,2021-06-30,2021-10-26T20:33:07.000Z,34,DEF 14A,001-35300,211349008,,DEF 14A,1841059,0,0,,ubiquiti-2021proxy.htm,DEF 14A
0001511737-21-000050,2021-11-05,2021-09-30,2021-11-05T10:54:56.000Z,34,10-Q,001-35300,211382264,,XBRL,7657274,1,1,,ubnt-20210930.htm,10-Q
0001511737-21-000051,2021-11-05,2021-11-05,2021-11-05T11:26:34.000Z,34,8-K,001-35300,211382328,"2.02,9.01",XBRL,322649,1,1,,ui-20211105.htm,8-K
0001415889-21-005204,2021-11-15,2021-11-15,2021-11-15T23:51:32.000Z,,4,,,,4,9533,0,0,,xslF345X03/form4-11152021_031112.xml,
0001511737-21-000054,2021-12-10,2021-12-09,2021-12-10T21:16:34.000Z,34,8-K,001-35300,211485511,"5.02,5.07",XBRL,179476,1,1,,ui-20211209.htm,8-K
0001511737-22-000010,2022-02-04,2021-12-31,2022-02-04T12:03:21.000Z,34,10-Q,001-35300,22590951,,XBRL,8295620,1,1,,ubnt-20211231.htm,10-Q
0001511737-22-000013,2022-02-04,2022-02-01,2022-02-04T12:29:12.000Z,34,8-K,001-35300,22590974,"2.02,8.01,9.01",XBRL,365194,1,1,,ui-20220201.htm,8-K
0001415889-22-001610,2022-02-22,2022-02-18,2022-02-22T21:07:04.000Z,,4,,,,4,9532,0,0,,xslF345X03/form4-02222022_010250.xml,
0001511737-22-000030,2022-05-06,2022-03-31,2022-05-06T11:03:37.000Z,34,10-Q,001-35300,22898809,,XBRL,8693691,1,1,,ubnt-20220331.htm,10-Q
0001511737-22-000032,2022-05-06,2022-05-03,2022-05-06T11:20:01.000Z,34,8-K,001-35300,22898827,"2.02,8.01,9.01",XBRL,369761,1,1,,ui-20220503.htm,8-K
0001415889-22-005376,2022-05-20,2022-05-18,2022-05-20T20:05:48.000Z,,4,,,,4,9532,0,0,,xslF345X03/form4-05202022_010508.xml,
0001628280-22-015359,2022-05-25,,2022-05-25T20:26:52.000Z,34,SD,001-35300,22963269,,SD,402822,0,0,,a2022formsd.htm,SD
0001415889-22-007313,2022-07-05,2022-07-01,2022-07-05T20:08:33.000Z,,4,,,,4,24811,0,0,,xslF345X03/form4-07052022_010713.xml,
0001415889-22-008455,2022-08-10,2022-08-09,2022-08-10T20:06:21.000Z,,4,,,,4,5646,0,0,,xslF345X03/form4-08102022_010851.xml,
0001511737-22-000049,2022-08-26,2022-06-30,2022-08-26T11:00:34.000Z,34,10-K,001-35300,221199510,,XBRL,10356165,1,1,,ubnt-20220630.htm,10-K
0001511737-22-000051,2022-08-26,2022-08-26,2022-08-26T11:08:15.000Z,34,8-K,001-35300,221199531,"2.02,9.01",XBRL,385597,1,1,,ui-20220826.htm,8-K
0001511737-22-000053,2022-09-06,2022-09-06,2022-09-06T21:41:29.000Z,,4,,,,4,9309,0,0,,xslF345X03/wf-form4_166250047522172.xml,FORM 4
0001511737-22-000057,2022-10-26,2022-06-30,2022-10-26T20:35:25.000Z,34,DEF 14A,001-35300,221333679,,DEF 14A,622410,0,0,,ubiquiti-2022proxy.htm,DEF 14A
0001511737-22-000068,2022-11-04,2022-09-30,2022-11-04T11:01:20.000Z,34,10-Q,001-35300,221360140,,XBRL,6819811,1,1,,ubnt-20220930.htm,10-Q
0001511737-22-000070,2022-11-04,2022-11-04,2022-11-04T11:12:15.000Z,34,8-K,001-35300,221360169,"2.02,9.01",XBRL,324975,1,1,,ui-20221104.htm,8-K
0001511737-22-000075,2022-12-09,2022-12-08,2022-12-09T21:04:28.000Z,34,8-K,001-35300,221454760,5.07,XBRL,180725,1,1,,ui-20221208.htm,8-K
0001511737-23-000012,2023-02-03,2022-12-31,2023-02-03T12:03:01.000Z,34,10-Q,001-35300,23583710,,XBRL,6913223,1,1,,ubnt-20221231.htm,10-Q
0001511737-23-000015,2023-02-03,2023-02-03,2023-02-03T12:15:51.000Z,34,8-K,001-35300,23583718,"2.02,9.01",XBRL,694206,1,1,,ui-20230203.htm,8-K
0001511737-23-000023,2023-04-07,2023-04-03,2023-04-07T20:07:16.000Z,34,8-K,001-35300,23808843,"1.01,2.03,9.01",XBRL,57624843,1,1,,ui-20230403.htm,8-K
0001511737-23-000037,2023-05-05,2023-03-31,2023-05-05T11:00:36.000Z,34,10-Q,001-35300,23891171,,XBRL,7231766,1,1,,ubnt-20230331.htm,10-Q
0001511737-23-000039,2023-05-05,2023-05-05,2023-05-05T11:07:42.000Z,34,8-K,001-35300,23891201,"2.02,9.01",XBRL,693711,1,1,,ui-20230505.htm,8-K
0001511737-23-000046,2023-05-23,,2023-05-23T20:20:37.000Z,34,SD,001-35300,23949135,,SD,640995,0,0,,a2023formsd.htm,SD
0001415889-23-010718,2023-07-05,2023-07-01,2023-07-05T20:02:59.000Z,,4,,,,4,24849,0,0,,xslF345X04/form4-07052023_080756.xml,
0001415889-23-011924,2023-08-08,2023-08-07,2023-08-08T20:05:54.000Z,,4,,,,4,5678,0,0,,xslF345X05/form4-08082023_080847.xml,
0001511737-23-000061,2023-08-25,2023-06-30,2023-08-25T10:59:41.000Z,34,10-K,001-35300,231203767,,XBRL,8445269,1,1,,ubnt-20230630.htm,10-K
0001511737-23-000063,2023-08-25,2023-08-25,2023-08-25T11:07:05.000Z,34,8-K,001-35300,231203778,"2.02,9.01",XBRL,680513,1,1,,ui-20230825.htm,8-K
0001104659-23-097275,2023-08-31,,2023-08-31T20:05:53.000Z,34,SC 13G/A,005-86648,231229039,,SC 13G/A,43138,0,0,,tm2325222d1_sc13ga.htm,SC 13G/A
0001511737-23-000069,2023-10-26,2023-06-30,2023-10-26T20:17:59.000Z,34,DEF 14A,001-35300,231350410,,XBRL,2705205,1,1,,ubnt-20231026.htm,DEF 14A
0001511737-23-000082,2023-11-03,2023-09-30,2023-11-03T11:00:32.000Z,34,10-Q,001-35300,231374454,,XBRL,5610247,1,1,,ubnt-20230930.htm,10-Q
0001511737-23-000084,2023-11-03,2023-11-03,2023-11-03T11:08:05.000Z,34,8-K,001-35300,231374473,"2.02,9.01",XBRL,316400,1,1,,ui-20231103.htm,8-K
0001511737-23-000088,2023-12-08,2023-12-07,2023-12-08T21:06:55.000Z,34,8-K,001-35300,231475450,5.07,XBRL,159425,1,1,,ui-20231207.htm,8-K
0001511737-24-000010,2024-02-09,2023-12-31,2024-02-09T11:57:39.000Z,34,10-Q,001-35300,24611111,,XBRL,6017601,1,1,,ubnt-20231231.htm,10-Q
0001511737-24-000012,2024-02-09,2024-02-09,2024-02-09T12:05:13.000Z,34,8-K,001-35300,24611129,"2.02,9.01",XBRL,347448,1,1,,ui-20240209.htm,8-K
0001104659-24-024515,2024-02-15,,2024-02-15T21:05:40.000Z,34,SC 13G/A,005-86648,24643792,,SC 13G/A,43140,0,0,,tm246454d1_sc13ga.htm,SC 13G/A
0001511737-24-000027,2024-05-10,2024-03-31,2024-05-10T10:58:29.000Z,34,10-Q,001-35300,24932822,,XBRL,6021307,1,1,,ubnt-20240331.htm,10-Q
0001511737-24-000028,2024-05-10,2024-05-10,2024-05-10T11:03:29.000Z,34,8-K,001-35300,24932847,"2.02,9.01",XBRL,345292,1,1,,ui-20240510.htm,8-K
0001511737-24-000038,2024-05-29,,2024-05-29T20:05:11.000Z,34,SD,001-35300,24998309,,SD,480081,0,0,,a2024formsd.htm,SD
0001415889-24-019153,2024-07-03,2024-07-01,2024-07-03T20:00:10.000Z,,4,,,,4,24930,0,0,,xslF345X05/form4-07032024_040701.xml,
0001415889-24-020890,2024-08-07,2024-08-06,2024-08-07T20:04:01.000Z,,4,,,,4,5760,0,0,,xslF345X05/form4-08072024_080857.xml,
0001511737-24-000053,2024-08-23,2024-06-30,2024-08-23T11:01:19.000Z,34,10-K,001-35300,241233461,,XBRL,14870755,1,1,,ubnt-20240630.htm,10-K
0001511737-24-000055,2024-08-23,2024-08-23,2024-08-23T11:07:37.000Z,34,8-K,001-35300,241233470,"2.02,9.01",XBRL,676842,1,1,,ui-20240823.htm,8-K
0001511737-24-000065,2024-10-28,2024-06-30,2024-10-28T20:01:21.000Z,34,DEF 14A,001-35300,241400834,,XBRL,1939324,1,1,,ubnt-20241025.htm,DEF 14A
0001511737-24-000078,2024-11-08,2024-09-30,2024-11-08T12:05:25.000Z,34,10-Q,001-35300,241437970,,XBRL,5490286,1,1,,ubnt-20240930.htm,10-Q
0001511737-24-000081,2024-11-08,2024-11-08,2024-11-08T12:15:04.000Z,34,8-K,001-35300,241437990,"2.02,9.01",XBRL,312655,1,1,,ui-20241108.htm,8-K
0001511737-24-000086,2024-12-06,2024-12-05,2024-12-06T21:04:54.000Z,34,8-K,001-35300,241532236,5.07,XBRL,164112,1,1,,ui-20241205.htm,8-K
0001511737-25-000013,2025-02-07,2024-12-31,2025-02-07T12:00:27.000Z,34,10-Q,001-35300,25599258,,XBRL,6349457,1,1,,ubnt-20241231.htm,10-Q
0001511737-25-000015,2025-02-07,2025-02-07,2025-02-07T12:06:00.000Z,34,8-K,001-35300,25599268,"2.02,9.01",XBRL,355844,1,1,,ui-20250207.htm,8-K
0001972362-25-000095,2025-02-12,,2025-02-12T22:31:21.000Z,33,144,001-35300,25616221,,144,4797,0,0,,xsl144X01/primary_doc.xml,
0001415889-25-004148,2025-02-14,2025-02-12,2025-02-14T21:55:55.000Z,,4,,,,4,5173,0,0,,xslF345X05/form4-02142025_090250.xml,
0001511737-25-000033,2025-05-09,2025-03-31,2025-05-09T10:58:42.000Z,34,10-Q,001-35300,25928304,,XBRL,6300946,1,1,,ubnt-20250331.htm,10-Q
0001511737-25-000036,2025-05-09,2025-05-09,2025-05-09T11:07:26.000Z,34,8-K,001-35300,25928343,"2.02,9.01",XBRL,353620,1,1,,ui-20250509.htm,8-K
0001511737-25-000041,2025-05-30,,2025-05-30T20:03:29.000Z,34,SD,001-35300,251010738,,SD,424423,0,0,,a2025formsd.htm,SD
0001415889-25-019301,2025-07-03,2025-07-01,2025-07-03T20:10:07.000Z,,4,,,,4,24616,0,0,,xslF345X05/form4-07032025_040701.xml,
0001415889-25-021244,2025-08-07,2025-08-05,2025-08-07T20:05:21.000Z,,4,,,,4,5750,0,0,,xslF345X05/form4-08072025_080815.xml,
0001511737-25-000053,2025-08-22,2025-06-30,2025-08-22T10:59:16.000Z,34,10-K,001-35300,251242176,,XBRL,8306564,1,1,,ubnt-20250630.htm,10-K
0001511737-25-000055,2025-08-22,2025-08-21,2025-08-22T11:04:08.000Z,34,8-K,001-35300,251242181,"2.02,8.01,9.01",XBRL,675602,1,1,,ui-20250821.htm,8-K
0001511737-25-000063,2025-10-24,2025-06-30,2025-10-24T20:04:39.000Z,34,DEF 14A,001-35300,251416171,,XBRL,1859121,1,1,,ubnt-20251024.htm,DEF 14A
0001511737-25-000076,2025-11-07,2025-09-30,2025-11-07T12:00:45.000Z,34,10-Q,001-35300,251460431,,XBRL,6419626,1,1,,ubnt-20250930.htm,10-Q
0001511737-25-000078,2025-11-07,2025-11-07,2025-11-07T12:07:03.000Z,34,8-K,001-35300,251460457,"2.02,9.01",XBRL,306484,1,1,,ui-20251107.htm,8-K
0001950047-25-008751,2025-11-12,,2025-11-12T21:04:30.000Z,33,144,001-35300,251472550,,144,4728,0,0,,xsl144X01/primary_doc.xml,
0001674260-25-000006,2025-11-14,2025-11-12,2025-11-14T21:05:09.000Z,,4,,,,4,4642,0,0,,xslF345X05/form4-11142025_041101.xml,
0001511737-25-000083,2025-12-05,2025-12-03,2025-12-05T21:02:53.000Z,34,8-K,001-35300,251552903,"3.01,5.07",XBRL,153415,1,1,,ui-20251203.htm,8-K
0001511737-26-000014,2026-02-06,2025-12-31,2026-02-06T12:02:23.000Z,34,10-Q,001-35300,26605064,,XBRL,6451734,1,1,,ubnt-20251231.htm,10-Q
0001511737-26-000016,2026-02-06,2026-02-06,2026-02-06T12:10:23.000Z,34,8-K,001-35300,26605079,"2.02,9.01",XBRL,346323,1,1,,ui-20260206.htm,8-K
0001511737-26-000034,2026-05-08,2026-03-31,2026-05-08T11:00:47.000Z,34,10-Q,001-35300,26955996,,XBRL,67809740,1,1,1.0,ubnt-20260331.htm,10-Q
0001511737-26-000035,2026-05-08,2026-05-08,2026-05-08T11:09:00.000Z,34,8-K,001-35300,26956022,"2.02,9.01",XBRL,347170,1,1,0.0,ui-20260508.htm,8-K
0001950047-26-004437,2026-05-13,,2026-05-13T20:06:46.000Z,33,144,001-35300,26973262,,144,5900,0,0,0.0,xsl144X01/primary_doc.xml,
0001674260-26-000002,2026-05-15,2026-05-13,2026-05-15T20:05:12.000Z,,4,,,,4,4778,0,0,0.0,xslF345X06/form4-05152026_040501.xml,
0001511737-26-000040,2026-05-29,,2026-05-29T20:03:38.000Z,34,SD,001-35300,261044202,,SD,409490,0,0,0.0,a2026formsd.htm,SD
0001674260-26-000004,2026-08-20,2026-07-01,2026-08-20T20:03:08.000Z,,4,,,,4,27081,0,0,0.0,xslF345X06/form4-08202026_080803.xml,
0001511737-26-000056,2026-08-21,2026-06-30,2026-08-21T10:59:08.000Z,34,10-K,001-35300,261301655,,XBRL,9190951,1,1,1.0,ubnt-20260630.htm,10-K
0001511737-26-000057,2026-08-21,2026-08-20,2026-08-21T11:05:34.000Z,34,8-K,001-35300,261301663,"2.02,8.01,9.01",XBRL,677262,1,1,0.0,ui-20260820.htm,8-K
