event_time,AAR,N,BW_Z,BW_p
-5,0.0014326979856783407,969,2.452113795616852,0.014201974090833711
-4,0.0001872986824530546,969,0.32056838757021117,0.7485374972789994
-3,-3.173485968898931e-05,969,-0.054315346306913044,0.956683923016959
-2,0.001269493224130269,969,2.1727830145988944,0.02979665228362792
-1,0.0012505677759534104,969,2.140391433800563,0.03232314622593531
0,0.0026838364443926336,969,4.5934819733542875,4.359106913424053e-06
1,9.476653661228642e-05,969,0.16219631360742973,0.8711512626783582
2,0.00041700556326655836,969,0.7137199219630078,0.4754003849790077
3,0.00025053268077028957,969,0.4287956351657955,0.6680719556110215
4,-0.00033913622775114154,969,-0.5804437718032347,0.5616153944134343
5,0.00024788212882192177,969,0.42425912079670847,0.6713768486217466
