ticker,status,n_splits
A,ok,1
AAPL,ok,5
ACGL,ok,2
ADSK,ok,4
AEE,ok,0
ALNY,ok,0
AMAT,ok,9
AON,ok,4
APD,ok,4
APH,ok,6
ATI,ok,0
ATO,ok,2
AWK,ok,0
AXON,ok,3
BIIB,ok,2
BKNG,ok,1
CAH,ok,9
CCL,ok,2
CMG,ok,1
CNP,ok,4
COST,ok,2
CP,ok,3
CPAY,ok,0
CPRT,ok,7
CQP,ok,0
CSX,ok,5
CTAS,ok,6
DE,ok,4
DG,ok,0
DOV,ok,6
DVN,ok,1
ECHO,ok,1
ELV,ok,1
EMR,ok,4
EPD,ok,2
ES,ok,0
ET,ok,2
EXPD,ok,6
EXR,ok,0
FAST,ok,9
FCX,ok,1
FDX,ok,5
FIX,ok,0
HEI,ok,18
HLT,ok,1
HPQ,ok,8
HUBB,ok,9
IDXX,ok,4
IQV,ok,0
ITW,ok,5
KEYS,ok,0
KHC,ok,0
KKR,ok,0
KMI,ok,0
LNG,ok,3
LRCX,ok,3
LVS,ok,0
LYV,ok,0
MDLZ,ok,0
MELI,ok,0
MLM,ok,0
MNST,ok,6
MO,ok,7
MSCI,ok,0
MTD,ok,0
NKE,ok,6
NTAP,ok,4
NUE,ok,6
O,ok,2
ODFL,ok,7
ORCL,ok,10
P,ok,0
PAYX,ok,10
PEG,ok,2
PEP,ok,4
PSX,ok,0
PWR,ok,1
ROP,ok,3
ROST,ok,5
SBUX,ok,6
SCCO,ok,7
SNPS,ok,2
SPG,ok,3
TDY,ok,0
TER,ok,4
TJX,ok,5
TTWO,ok,1
UI,ok,0
ULTA,ok,0
URI,ok,0
V,ok,1
VLO,ok,3
VMC,ok,3
VMRK,ok,1
WAT,ok,2
WELL,ok,1
WRB,ok,10
WSM,ok,8
WST,ok,4
XYL,ok,0
