ticker,date,ratio
A,2014-11-03,1.398
AAPL,1987-06-16,2.0
AAPL,2000-06-21,2.0
AAPL,2005-02-28,2.0
AAPL,2014-06-09,7.0
AAPL,2020-08-31,4.0
ACGL,2011-05-12,3.0
ACGL,2018-06-21,3.0
ADSK,1987-03-30,3.0
ADSK,1994-10-31,2.0
ADSK,2002-04-19,2.0
ADSK,2004-12-21,2.0
AMAT,1980-04-02,1.5
AMAT,1981-02-06,1.5
AMAT,1986-05-16,2.0
AMAT,1992-04-07,2.0
AMAT,1993-10-06,2.0
AMAT,1995-10-13,2.0
AMAT,1997-10-14,2.0
AMAT,2000-03-16,2.0
AMAT,2002-04-17,2.0
AON,1987-05-27,2.0
AON,1994-05-17,1.5
AON,1997-05-15,1.5
AON,1999-05-18,1.5
APD,1986-06-06,2.0
APD,1992-03-10,2.0
APD,1998-06-16,2.0
APD,2016-10-03,1.081
APH,2000-04-26,2.0
APH,2004-03-30,2.0
APH,2007-04-02,2.0
APH,2014-10-10,2.0
APH,2021-03-05,2.0
APH,2024-06-12,2.0
ATO,1985-06-13,2.0
ATO,1994-05-17,1.5
AXON,2004-02-11,3.0
AXON,2004-04-30,2.0
AXON,2004-11-30,2.0
BIIB,1999-12-21,2.0
BIIB,2001-01-18,3.0
BKNG,2003-06-16,0.16666666666666666
CAH,1987-09-09,1.1
CAH,1988-09-09,1.1
CAH,1989-10-02,1.25
CAH,1990-10-01,1.25
CAH,1991-10-01,1.25
CAH,1994-07-01,1.25
CAH,1996-12-17,1.5
CAH,1998-11-02,1.5
CAH,2001-04-23,1.5
CCL,1994-12-15,2.0
CCL,1998-06-15,2.0
CMG,2024-06-26,50.0
CNP,1963-05-20,3.0
CNP,1981-06-15,1.5
CNP,1995-12-11,2.0
CNP,2002-10-01,1.1862396204033214
COST,1993-10-22,2.0
COST,2000-01-14,2.0
CP,1985-06-10,3.0
CP,2001-10-02,2.0
CP,2021-05-14,5.0
CPRT,1999-01-29,2.0
CPRT,2000-01-25,2.0
CPRT,2002-01-22,1.5
CPRT,2012-03-29,2.0
CPRT,2017-04-11,2.0
CPRT,2022-11-04,2.0
CPRT,2023-08-22,2.0
CSX,1983-10-26,3.0
CSX,1995-12-22,2.0
CSX,2006-08-16,2.0
CSX,2011-06-16,3.0
CSX,2021-06-29,3.0
CTAS,1987-04-03,2.0
CTAS,1991-04-03,1.5
CTAS,1992-04-03,2.0
CTAS,1997-11-19,2.0
CTAS,2000-03-08,1.5
CTAS,2024-09-12,4.0
DE,1972-09-22,2.0
DE,1976-09-22,2.0
DE,1995-11-29,3.0
DE,2007-12-04,2.0
DOV,1981-09-28,2.0
DOV,1988-09-26,2.0
DOV,1995-09-18,2.0
DOV,1997-12-16,2.0
DOV,2014-03-03,1.205
DOV,2018-05-09,1.238
DVN,2004-11-16,2.0
ECHO,2019-09-11,1.234
ELV,2005-06-01,2.0
EMR,1973-08-21,2.0
EMR,1987-09-11,3.0
EMR,1997-03-11,2.0
EMR,2006-12-12,2.0
EPD,2002-05-16,2.0
EPD,2014-08-22,2.0
ET,2014-01-27,2.0
ET,2015-07-27,2.0
EXPD,1986-09-26,1.5
EXPD,1993-11-12,2.0
EXPD,1996-12-12,2.0
EXPD,1999-06-01,2.0
EXPD,2002-06-25,2.0
EXPD,2006-06-26,2.0
FAST,1988-09-19,1.5
FAST,1990-02-26,2.0
FAST,1992-03-31,2.0
FAST,1995-03-30,2.0
FAST,2002-05-13,2.0
FAST,2005-11-14,2.0
FAST,2011-05-23,2.0
FAST,2019-05-23,2.0
FAST,2025-05-22,2.0
FCX,2011-02-02,2.0
FDX,1978-09-26,2.0
FDX,1980-11-03,2.0
FDX,1983-11-01,2.0
FDX,1996-11-05,2.0
FDX,1999-05-07,2.0
HEI,1989-02-01,1.5
HEI,1995-07-05,1.1
HEI,1996-01-11,1.1
HEI,1996-04-25,1.5
HEI,1996-07-10,1.1
HEI,1997-01-06,1.1
HEI,1997-12-17,1.5
HEI,1998-04-24,1.5
HEI,2000-07-06,1.1
HEI,2001-08-08,1.1
HEI,2004-01-02,1.1
HEI,2010-04-27,1.25
HEI,2011-04-26,1.25
HEI,2012-04-25,1.25
HEI,2013-10-23,1.25
HEI,2017-04-19,1.25
HEI,2018-01-18,1.25
HEI,2018-06-28,1.25
HLT,2017-01-04,0.4873294346978557
HPQ,1970-03-20,2.0
HPQ,1979-07-31,2.0
HPQ,1981-07-20,2.0
HPQ,1983-08-26,2.0
HPQ,1995-04-17,2.0
HPQ,1996-07-16,2.0
HPQ,2000-10-30,2.0
HPQ,2015-11-02,2.202
HUBB,1977-08-08,1.3333333333333333
HUBB,1981-02-11,2.0
HUBB,1985-08-12,2.0
HUBB,1989-01-09,1.05
HUBB,1990-01-08,1.05
HUBB,1991-01-07,1.05
HUBB,1992-01-06,1.05
HUBB,1995-01-09,1.05
HUBB,1996-08-12,2.0
IDXX,1993-10-04,2.0
IDXX,1995-06-06,2.0
IDXX,2007-11-27,2.0
IDXX,2015-06-16,2.0
ITW,1984-05-23,2.0
ITW,1987-05-27,2.0
ITW,1993-06-21,2.0
ITW,1997-05-28,2.0
ITW,2006-05-26,2.0
LNG,1994-07-19,0.16666666666666666
LNG,2000-10-18,0.25
LNG,2005-04-25,2.0
LRCX,1993-09-16,1.5
LRCX,2000-03-17,3.0
LRCX,2024-10-03,10.0
MNST,1988-02-29,0.02
MNST,2005-08-09,2.0
MNST,2006-07-10,4.0
MNST,2012-02-16,2.0
MNST,2016-11-10,3.0
MNST,2023-03-28,2.0
MO,1966-05-19,3.0
MO,1969-05-22,2.0
MO,1974-06-03,2.0
MO,1979-06-01,2.0
MO,1986-04-11,2.0
MO,1989-10-11,4.0
MO,1997-04-11,3.0
NKE,1990-10-08,2.0
NKE,1995-10-31,2.0
NKE,1996-10-24,2.0
NKE,2007-04-03,2.0
NKE,2012-12-26,2.0
NKE,2015-12-24,2.0
NTAP,1997-12-19,2.0
NTAP,1998-12-22,2.0
NTAP,1999-12-21,2.0
NTAP,2000-03-23,2.0
NUE,1983-09-21,2.0
NUE,1986-06-18,1.5
NUE,1992-06-22,2.0
NUE,1993-09-20,2.0
NUE,2004-10-18,2.0
NUE,2006-06-01,2.0
O,2005-01-03,2.0
O,2021-11-15,1.032
ODFL,2003-06-17,1.5
ODFL,2004-05-21,1.5
ODFL,2005-12-01,1.5
ODFL,2010-08-24,1.5
ODFL,2012-09-10,1.5
ODFL,2020-03-25,1.5
ODFL,2024-03-28,2.0
ORCL,1987-03-25,2.0
ORCL,1987-12-21,2.0
ORCL,1989-07-03,2.0
ORCL,1993-11-09,2.0
ORCL,1995-02-23,1.5
ORCL,1996-04-17,1.5
ORCL,1997-08-18,1.5
ORCL,1999-03-01,1.5
ORCL,2000-01-19,2.0
ORCL,2000-10-13,2.0
PAYX,1986-06-13,1.5
PAYX,1987-11-16,1.5
PAYX,1992-05-21,1.5
PAYX,1993-08-27,1.5
PAYX,1995-05-26,1.5
PAYX,1996-05-24,1.5
PAYX,1997-05-30,1.5
PAYX,1998-05-26,1.5
PAYX,1999-05-24,1.5
PAYX,2000-05-23,1.5
PEG,1987-07-27,1.5
PEG,2008-02-05,2.0
PEP,1977-05-31,3.0
PEP,1986-05-29,3.0
PEP,1990-09-05,3.0
PEP,1996-05-29,2.0
PWR,2000-04-10,1.5
ROP,1993-09-21,2.0
ROP,1997-08-04,2.0
ROP,2005-08-29,2.0
ROST,1997-03-06,2.0
ROST,1999-09-23,2.0
ROST,2003-12-19,2.0
ROST,2011-12-16,2.0
ROST,2015-06-12,2.0
SBUX,1993-09-30,2.0
SBUX,1995-12-04,2.0
SBUX,1999-03-22,2.0
SBUX,2001-04-30,2.0
SBUX,2005-10-24,2.0
SBUX,2015-04-09,2.0
SCCO,2006-10-03,2.0
SCCO,2008-07-10,3.0
SCCO,2024-08-09,1.005
SCCO,2024-11-06,1.006
SCCO,2025-05-02,1.009
SCCO,2025-08-15,1.01
SCCO,2025-11-12,1.008
SNPS,1995-09-11,2.0
SNPS,2003-09-24,2.0
SPG,2009-08-13,1.00722
SPG,2009-11-12,1.0063
SPG,2014-05-29,1.063
TER,1982-10-25,2.0
TER,1983-08-01,2.0
TER,1995-08-30,2.0
TER,1999-09-01,2.0
TJX,1997-06-27,2.0
TJX,1998-06-26,2.0
TJX,2002-05-09,2.0
TJX,2012-02-03,2.0
TJX,2018-11-07,2.0
TTWO,2005-04-12,1.5
V,2015-03-19,4.0
VLO,2004-10-08,2.0
VLO,2005-12-16,2.0
VLO,2013-05-02,1.094
VMC,1976-05-17,2.0
VMC,1989-03-13,4.0
VMC,1999-03-11,3.0
VMRK,2001-10-12,2.0
WAT,1999-06-11,2.0
WAT,2000-08-28,2.0
WELL,1985-09-04,1.5
WRB,1986-06-19,1.5
WRB,1991-05-06,1.5
WRB,1997-09-19,1.5
WRB,2002-07-03,1.5
WRB,2003-08-28,1.5
WRB,2005-04-11,1.5
WRB,2006-04-05,1.5
WRB,2019-04-03,1.5
WRB,2022-03-24,1.5
WRB,2024-07-11,1.5
WSM,1986-06-27,1.5
WSM,1989-06-29,1.5
WSM,1990-07-02,1.5
WSM,1994-02-22,1.5
WSM,1994-09-27,1.5
WSM,1998-05-18,2.0
WSM,2002-05-10,2.0
WSM,2024-07-09,2.0
WST,1982-05-06,2.0
WST,1987-06-02,2.0
WST,2004-09-29,2.0
WST,2013-09-27,2.0
