model,dependent_variable,term,n,n_firms,coefficient,se_hc3,p_hc3_two_sided,ci_hc3_low,ci_hc3_high,se_cluster,p_cluster_two_sided,hypothesis_direction,p_hc3_one_sided,p_cluster_one_sided
C1_H1_WP_positive,car_m1_p1,const,969,100,0.005739465451206038,0.0020361642417139583,0.004820902338906041,0.0017486568708383705,0.009730274031573706,0.0023424734197202554,0.01603392911591401,,,
C1_H1_WP_positive,car_m1_p1,lm_positive_wp,969,100,0.20942124996249684,6.20829594015584,0.97309047438532,-11.958615198109184,12.37745769803418,7.423724172976772,0.9775516659065198,>0,0.48654523719266,0.4887758329532599
C1_H1_WP_positive,car_0_p3,const,969,100,0.003627915265105105,0.002027716265759691,0.07358854090867077,-0.00034633558664993753,0.007602166116860148,0.002325736016001154,0.12197468537968137,,,
C1_H1_WP_positive,car_0_p3,lm_positive_wp,969,100,-5.24869628530903,6.325845843132524,0.4066957277597959,-17.64712630960119,7.149733738983128,6.764569750681941,0.4396518814027507,>0,0.796652136120102,0.7801740592986246
C1_H1_WP_positive,car_m3_p3,const,969,100,0.006167760876493591,0.0025419584697219904,0.015250231867289363,0.0011856138256419397,0.011149907927345243,0.002656435320887307,0.022291848205034447,,,
C1_H1_WP_positive,car_m3_p3,lm_positive_wp,969,100,0.14955853652129927,7.703131608809756,0.984509812800145,-14.948301984917908,15.247419057960506,8.401679202128756,0.9858334101248831,>0,0.4922549064000725,0.49291670506244156
C1_H1_WP_positive,car_m5_p5,const,969,100,0.006019228077342913,0.003135518143417921,0.05489685640582314,-0.0001262745566281082,0.012164730711313933,0.0030335815244761067,0.05000208328179181,,,
C1_H1_WP_positive,car_m5_p5,lm_positive_wp,969,100,-6.185147706183168,9.145812410441149,0.4988616606255717,-24.11061064000728,11.740315227640943,9.760113046681871,0.5277270793255777,>0,0.7505691696872141,0.7361364603372111
C1_H2_WP_negative,car_m1_p1,const,969,100,0.005979402410378967,0.0015983766115304694,0.00018334633771762297,0.002846641818048078,0.009112163002709856,0.0019612448398104465,0.0029473085481961426,,,
C1_H2_WP_negative,car_m1_p1,lm_negative_wp,969,100,1.0015280823506547,2.27565687171959,0.6598610242100189,-3.4586774273908274,5.461733592092137,2.9232282304672976,0.7326180127169687,>0,0.32993051210500945,0.36630900635848435
C1_H2_WP_negative,car_0_p3,const,969,100,0.004670591318821603,0.001564088127071851,0.002825201971913909,0.0016050349211140674,0.007736147716529139,0.0019038949354852129,0.015908439485784853,,,
C1_H2_WP_negative,car_0_p3,lm_negative_wp,969,100,0.07449762384889837,2.2506040862194507,0.973593911371559,-4.336605328599903,4.485600576297701,3.000175454576222,0.9802396758045755,>0,0.4867969556857795,0.49011983790228775
C1_H2_WP_negative,car_m3_p3,const,969,100,0.006100862215343199,0.0018831046502269025,0.0011961807204027468,0.0024100449217785746,0.009791679508907823,0.0021928112998763215,0.006465822573029492,,,
C1_H2_WP_negative,car_m3_p3,lm_negative_wp,969,100,-0.1348060891954111,2.2977969437050163,0.9532169158174978,-4.638405342643454,4.368793164252631,3.129557104922394,0.9657284012850333,>0,0.5233915420912512,0.5171357993574833
C1_H2_WP_negative,car_m5_p5,const,969,100,0.006830763860588709,0.002359460373216372,0.0037909399337058684,0.002206306506135185,0.011455221215042232,0.002445439776958378,0.006264709934080564,,,
C1_H2_WP_negative,car_m5_p5,lm_negative_wp,969,100,-1.400627214549959,3.0366635458010722,0.6446272485417786,-7.352378397485758,4.5511239683858395,3.5116188794838576,0.6908589629643661,>0,0.6776863757291107,0.654570518517817
C1_positive_proportion_same_sample,car_m1_p1,const,969,100,0.016102244758914336,0.003954021615619757,4.653688445086981e-05,0.008352504798206735,0.023851984719621938,0.00495104453875586,0.0015658897858760294,,,
C1_positive_proportion_same_sample,car_m1_p1,lm_positive_prop,969,100,-1.7153550669373527,0.5430448157045853,0.0015843507793859711,-2.779703347709531,-0.6510067861651745,0.6535470652203603,0.010047296388624134,,,
C1_positive_proportion_same_sample,car_0_p3,const,969,100,0.012172955854960489,0.0038591315568363,0.0016086972552214912,0.004609196991959352,0.019736714717961627,0.004239303522405418,0.004997897886817531,,,
C1_positive_proportion_same_sample,car_0_p3,lm_positive_prop,969,100,-1.2404455603340103,0.5488988416017859,0.02382869428839406,-2.3162675210292667,-0.16462359963875395,0.5725609975283399,0.03267396153173216,,,
C1_positive_proportion_same_sample,car_m3_p3,const,969,100,0.01975867200798312,0.004806169679571649,3.937687157997225e-05,0.010338752532434275,0.02917859148353196,0.005434003075060133,0.0004414300785221026,,,
C1_positive_proportion_same_sample,car_m3_p3,lm_positive_prop,969,100,-2.2456935118085597,0.665682361236517,0.000742133502496778,-3.550406964975715,-0.9409800586414041,0.7789219668333374,0.004831010296279273,,,
C1_positive_proportion_same_sample,car_m5_p5,const,969,100,0.01886142885468734,0.005920385837735699,0.0014433213475709293,0.007257685838144375,0.03046517187123031,0.0057584394534291854,0.0014546616049160882,,,
C1_positive_proportion_same_sample,car_m5_p5,lm_positive_prop,969,100,-1.9189100299872088,0.8351010529495565,0.02157216357981981,-3.555678017219816,-0.28214204275460153,0.8115264938022048,0.020001903712938893,,,
C1_negative_proportion_same_sample,car_m1_p1,const,969,100,0.006214430211164763,0.0030449314594942207,0.04125980153856253,0.0002464742151631078,0.012182386207166418,0.003277671804612218,0.060877605858074925,,,
C1_negative_proportion_same_sample,car_m1_p1,lm_negative_prop,969,100,-0.043880556166535994,0.22598441676149703,0.8460387463992873,-0.4868018740863599,0.39904076175328784,0.2053860029889644,0.8312600103652403,,,
C1_negative_proportion_same_sample,car_0_p3,const,969,100,0.0031674662164174624,0.002937774725915785,0.28095096561315513,-0.0025904664410695047,0.008925398873904429,0.0030925667481364297,0.3082279323589216,,,
C1_negative_proportion_same_sample,car_0_p3,lm_negative_prop,969,100,0.1261148711730369,0.21959397965241564,0.5657584971633534,-0.30428142016751925,0.556511162513593,0.2168051424113797,0.5620930988890149,,,
C1_negative_proportion_same_sample,car_m3_p3,const,969,100,0.0010262435727671818,0.0037070536772539453,0.7819065215504557,-0.006239448123407321,0.008291935268941683,0.003851536873895797,0.7904465229045584,,,
C1_negative_proportion_same_sample,car_m3_p3,lm_negative_prop,969,100,0.4349819848681978,0.278795374726532,0.11870801502629569,-0.11144690865215329,0.9814108783885489,0.2496917337086856,0.08460083494207143,,,
C1_negative_proportion_same_sample,car_m5_p5,const,969,100,0.006625561445199554,0.004811064756860612,0.16846564447119028,-0.0028039522055371977,0.016055075095936306,0.004299990857334206,0.12654818984011804,,,
C1_negative_proportion_same_sample,car_m5_p5,lm_negative_prop,969,100,0.050860253230152155,0.37444557721572097,0.8919571300470263,-0.6830395922829727,0.7847600987432771,0.30401358636221304,0.8674784124059718,,,
C3_WP_posneg,car_m1_p1,const,969,100,0.005894397982621058,0.002140666108576238,0.005895555611064096,0.0016987695068861226,0.010090026458355994,0.00254175423450697,0.022449102427936105,,,
C3_WP_posneg,car_m1_p1,lm_positive_wp,969,100,-0.47394913154868273,6.106571326203062,0.9381359256654473,-12.442608999931677,11.494710736834312,6.438064398220487,0.9414639099356613,>0,0.5309320371672763,0.5292680450321694
C3_WP_posneg,car_m1_p1,lm_negative_wp,969,100,1.0274386666361854,2.268404196321703,0.6505958609196263,-3.4185518605338787,5.47342919380625,2.7865836708423988,0.7131319031012662,>0,0.32529793045981314,0.3565659515506331
C3_WP_posneg,car_0_p3,const,969,100,0.0036844754340636028,0.0021221071774431715,0.08252240105334399,-0.0004747782050589628,0.007843729073186168,0.0025667661110811073,0.15430966998226237,,,
C3_WP_posneg,car_0_p3,lm_positive_wp,969,100,-5.498169677930033,6.2989360726788135,0.3827324384452564,-17.843857521300677,6.847518165440613,5.776864915851704,0.34353830094064397,>0,0.8086337807773718,0.828230849529678
C3_WP_posneg,car_0_p3,lm_negative_wp,969,100,0.37508006903798663,2.273682737466385,0.8689708394681557,-4.0812562086665665,4.8314163467425395,2.943015543806438,0.8988447120436497,>0,0.43448541973407784,0.44942235602182484
C3_WP_posneg,car_m3_p3,const,969,100,0.006145386277619547,0.0025960669416424504,0.01792368055881536,0.0010571885705452982,0.011233583984693797,0.002869318475098852,0.034666522265825124,,,
C3_WP_posneg,car_m3_p3,lm_positive_wp,969,100,0.2482475466927684,7.77325465233536,0.9745229985155036,-14.987051614542956,15.483546707928493,7.879378303639437,0.9749294523759868,>0,0.4872614992577518,0.4874647261879934
C3_WP_posneg,car_m3_p3,lm_negative_wp,969,100,-0.1483776700974373,2.3183703613137605,0.9489695512457366,-4.69230008109752,4.395544740902646,3.034445669038084,0.9610992679965952,>0,0.5255152243771317,0.5194503660017025
C3_WP_posneg,car_m5_p5,const,969,100,0.005852964643179112,0.003192572845167858,0.06675699890496316,-0.00040436315137046003,0.012110292437728685,0.003276937049825438,0.07714315936917636,,,
C3_WP_posneg,car_m5_p5,lm_positive_wp,969,100,-5.451799419685719,9.37124436086977,0.5607294791859793,-23.81910085731455,12.915502017943108,9.663942316639533,0.5739358878855918,>0,0.7196352604070104,0.7130320560572041
C3_WP_posneg,car_m5_p5,lm_negative_wp,969,100,-1.1025798103697153,3.119623803945811,0.7237634146851418,-7.216930111417348,5.011770490677916,3.538121321932098,0.7559781038973438,>0,0.6381182926574291,0.6220109480513281
C2_H1_WP_positive_six_controls,car_m1_p1,const,481,71,0.025252488127005965,0.04087685409035168,0.5367270587557753,-0.05486467369138212,0.10536964994539405,0.03324631990450339,0.45006963043427256,,,
C2_H1_WP_positive_six_controls,car_m1_p1,lm_positive_wp,481,71,-9.652540118713667,8.172093314970095,0.23753963580111626,-25.66954869435559,6.3644684569282575,8.849133493473373,0.2791061069882047,>0,0.8812301820994419,0.8604469465058977
C2_H1_WP_positive_six_controls,car_m1_p1,size,481,71,-0.0014647515546933566,0.0016147603079694763,0.3643531062080281,-0.004629623601978336,0.0017001204925916232,0.0013593648093356294,0.2849445206852365,,,
C2_H1_WP_positive_six_controls,car_m1_p1,bm,481,71,0.011020440872678876,0.0107747577336629,0.30640159892445906,-0.010097696227444823,0.032138577972802576,0.008131486049894806,0.17968555105783188,,,
C2_H1_WP_positive_six_controls,car_m1_p1,volatility,481,71,0.895101484100293,0.4835871420696292,0.06417500211949484,-0.05271189774283469,1.8429148659434207,0.4880158397376857,0.07087982021207351,,,
C2_H1_WP_positive_six_controls,car_m1_p1,turnover,481,71,-0.009520976474535597,0.007236980165717701,0.18830808446042457,-0.023705196956173003,0.004663244007101809,0.0076372686104227445,0.2166825591372896,,,
C2_H1_WP_positive_six_controls,car_m1_p1,eadret,481,71,0.20842360323420187,0.04885214759565067,1.9863788830148912e-05,0.11267515337929156,0.30417205308911216,0.060347968652724585,0.0009427024525653305,,,
C2_H1_WP_positive_six_controls,car_m1_p1,accruals,481,71,0.04316912704285645,0.05188372963842239,0.40538866628139036,-0.05852111443206479,0.1448593685177777,0.05531614055109082,0.437782151424769,,,
C2_H1_WP_positive_six_controls,car_0_p3,const,481,71,0.06395861159175435,0.041876104869063284,0.12667908985527584,-0.018117045764432085,0.1460342689479408,0.03411124339444506,0.06496442297387049,,,
C2_H1_WP_positive_six_controls,car_0_p3,lm_positive_wp,481,71,-9.560403965043859,8.90401015621725,0.2829486891536166,-27.01194318920853,7.89113525912081,9.81660421179516,0.3334590686175719,>0,0.8585256554231917,0.833270465691214
C2_H1_WP_positive_six_controls,car_0_p3,size,481,71,-0.0032516120322083454,0.0016519631005119447,0.049029836509609966,-0.006489400213000878,-1.3823851415812466e-05,0.0013364890478044578,0.017534345901007418,,,
C2_H1_WP_positive_six_controls,car_0_p3,bm,481,71,0.00793764910726009,0.012900811555133566,0.5383678899619833,-0.017347476912139864,0.03322277512666005,0.01012694865065383,0.4357931810285737,,,
C2_H1_WP_positive_six_controls,car_0_p3,volatility,481,71,1.3552395035038345,0.5040696300097326,0.007175323780848755,0.3672811829843282,2.3431978240233406,0.4327622162872923,0.002537357047742398,,,
C2_H1_WP_positive_six_controls,car_0_p3,turnover,481,71,-0.012678988284583846,0.007964182892273977,0.11138444724868975,-0.028288499919730883,0.0029305233505631904,0.006341555776297708,0.049453549092346054,,,
C2_H1_WP_positive_six_controls,car_0_p3,eadret,481,71,0.13763234712646072,0.05271368795269683,0.009029337991844959,0.034315417246891994,0.24094927700602944,0.05905160754203941,0.022655232474678544,,,
C2_H1_WP_positive_six_controls,car_0_p3,accruals,481,71,0.026331434264923886,0.04708239520889487,0.5759823490850879,-0.06594836465039125,0.11861123318023903,0.04130891326421478,0.5259259438790844,,,
C2_H1_WP_positive_six_controls,car_m3_p3,const,481,71,0.015976984773179215,0.05139351499487351,0.7558952689185441,-0.08475245365569209,0.11670642320205052,0.034518633619985487,0.6449068572183405,,,
C2_H1_WP_positive_six_controls,car_m3_p3,lm_positive_wp,481,71,-13.97602256688734,10.019017997775899,0.16303111615822274,-33.612937002986705,5.660891869212028,10.615033892707999,0.19225877859697374,>0,0.9184844419208886,0.9038706107015131
C2_H1_WP_positive_six_controls,car_m3_p3,size,481,71,-0.0011605483049787896,0.0020375240982807774,0.5689574926718661,-0.005154022155241563,0.002832925545283984,0.0013403759514249245,0.3895369798533102,,,
C2_H1_WP_positive_six_controls,car_m3_p3,bm,481,71,0.018264150786317088,0.014447378244612624,0.2061638341119617,-0.010052190244151164,0.046580491816785335,0.009137628676052308,0.04951616467441382,,,
C2_H1_WP_positive_six_controls,car_m3_p3,volatility,481,71,0.9025240102504654,0.598558871908913,0.13159847541737416,-0.27062982131792757,2.0756778418188584,0.3713987213995728,0.01766321970196137,,,
C2_H1_WP_positive_six_controls,car_m3_p3,turnover,481,71,-0.008829292274365968,0.008900853476800261,0.32121694736533235,-0.0262746445205626,0.008616059971830665,0.006652753919029317,0.1887672420593187,,,
C2_H1_WP_positive_six_controls,car_m3_p3,eadret,481,71,0.2758108564068344,0.06540948411136695,2.479255201119458e-05,0.14761062330121028,0.4040110895124585,0.08394194566340311,0.0015913812185327136,,,
C2_H1_WP_positive_six_controls,car_m3_p3,accruals,481,71,0.08512198892492379,0.07172492549083631,0.23531285929799906,-0.055456281830934234,0.2257002596807818,0.07850507127312889,0.2819582309380674,,,
C2_H1_WP_positive_six_controls,car_m5_p5,const,481,71,0.07170834993829228,0.0681327753275011,0.29257960683019346,-0.06182943587036907,0.20524613574695363,0.05154570995091221,0.1685827952488874,,,
C2_H1_WP_positive_six_controls,car_m5_p5,lm_positive_wp,481,71,-26.07200750801981,12.348526311515704,0.03474261159662807,-50.27467434073583,-1.8693406753037927,13.766510461330931,0.06237463029126721,>0,0.982628694201686,0.9688126848543664
C2_H1_WP_positive_six_controls,car_m5_p5,size,481,71,-0.003407898427706195,0.002775797704870487,0.21955262766339434,-0.008848361957621292,0.0020325651022089016,0.002052414702135787,0.1013006366863767,,,
C2_H1_WP_positive_six_controls,car_m5_p5,bm,481,71,0.02639402264403967,0.01828116045271237,0.1488001183641398,-0.009436393438874525,0.062224438726953865,0.01167940260626337,0.02694292711627191,,,
C2_H1_WP_positive_six_controls,car_m5_p5,volatility,481,71,0.318156066223485,0.7490327483794649,0.6710146414986428,-1.1499211438413186,1.7862332762882887,0.4929877738242285,0.5208017709785642,,,
C2_H1_WP_positive_six_controls,car_m5_p5,turnover,481,71,-0.010971079508734908,0.009735426080269166,0.25977486670061456,-0.030052164000214425,0.008110004982744607,0.007283570876365164,0.13649553796144007,,,
C2_H1_WP_positive_six_controls,car_m5_p5,eadret,481,71,0.30741201432691206,0.07563667070246019,4.8171658100819435e-05,0.1591668638395742,0.4556571648142499,0.09605984400702593,0.002065018781625765,,,
C2_H1_WP_positive_six_controls,car_m5_p5,accruals,481,71,0.022490008714920073,0.08260969886126866,0.7854342829287936,-0.13942202582686603,0.18440204325670617,0.08209002846264168,0.7849163410233956,,,
C2_H2_WP_negative_six_controls,car_m1_p1,const,481,71,0.02578267307004701,0.03920476593030867,0.5107686522977499,-0.05105725617568093,0.10262260231577494,0.030889605568636236,0.40674228993517275,,,
C2_H2_WP_negative_six_controls,car_m1_p1,lm_negative_wp,481,71,-0.7235984695326885,3.099347047082463,0.8153979869705279,-6.798207057404883,5.351010118339507,2.6199047892531047,0.7832139006851876,>0,0.592301006514736,0.6083930496574061
C2_H2_WP_negative_six_controls,car_m1_p1,size,481,71,-0.0013919541588321772,0.0015638122473508368,0.3734105183951869,-0.00445696984222246,0.0016730615245581055,0.001274177003345744,0.2783879703440258,,,
C2_H2_WP_negative_six_controls,car_m1_p1,bm,481,71,0.010355237997671416,0.010495578786712773,0.3238247539227732,-0.010215718421188217,0.03092619441653105,0.007608323184266292,0.17786646091285313,,,
C2_H2_WP_negative_six_controls,car_m1_p1,volatility,481,71,0.8633467952093452,0.49251471397293983,0.07961298545597452,-0.10196430603366302,1.8286578964523534,0.4605696822176645,0.06503167140187965,,,
C2_H2_WP_negative_six_controls,car_m1_p1,turnover,481,71,-0.009495655622842797,0.0071327630777848665,0.18309916566811224,-0.023475614365558204,0.00448430311987261,0.0071729973905937,0.18987450262390265,,,
C2_H2_WP_negative_six_controls,car_m1_p1,eadret,481,71,0.20961408380361995,0.048404121498605075,1.4877064842833117e-05,0.11474374896305306,0.30448441864418685,0.06006033311009096,0.0008399756458607494,,,
C2_H2_WP_negative_six_controls,car_m1_p1,accruals,481,71,0.045411575420188394,0.052685896339451255,0.38872582201955896,-0.057850883898346736,0.14867403473872354,0.057303807537455516,0.430764010748285,,,
C2_H2_WP_negative_six_controls,car_0_p3,const,481,71,0.06911246483424348,0.04082598558411627,0.090483112587263,-0.01090499654397585,0.1491299262124628,0.032048982175696995,0.03448464842458851,,,
C2_H2_WP_negative_six_controls,car_0_p3,lm_negative_wp,481,71,-3.1213879894570713,3.1330492644622376,0.3191151001948106,-9.262051709592765,3.019275730678622,3.2795766605861303,0.34449077387936494,>0,0.8404424499025946,0.8277546130603175
C2_H2_WP_negative_six_controls,car_0_p3,size,481,71,-0.0034449626186008513,0.0016390734350795427,0.03557304090741236,-0.006657487519373105,-0.00023243771782859718,0.0012496733062301528,0.0074399550797247934,,,
C2_H2_WP_negative_six_controls,car_0_p3,bm,481,71,0.005851710287454726,0.012508679263570004,0.6399190370300178,-0.01866485056330549,0.03036827113821494,0.009649594784932266,0.5461973699091955,,,
C2_H2_WP_negative_six_controls,car_0_p3,volatility,481,71,1.4406337207555442,0.5314160665652046,0.006709404151324965,0.3990773694818033,2.482190072029285,0.4325492069271398,0.001385925074660477,,,
C2_H2_WP_negative_six_controls,car_0_p3,turnover,481,71,-0.013292407751029732,0.008037102340056793,0.09815177232799166,-0.02904483887760364,0.0024600233755441726,0.006242359822622819,0.03674089193417486,,,
C2_H2_WP_negative_six_controls,car_0_p3,eadret,481,71,0.1387106439722112,0.05260804643215863,0.008372148680618736,0.0356007676681694,0.241820520276253,0.05968624125756841,0.023034032431517536,,,
C2_H2_WP_negative_six_controls,car_0_p3,accruals,481,71,0.031043098852476806,0.04630446551167713,0.5025947807539979,-0.05971198587378741,0.12179818357874102,0.04330191724477133,0.4758217411432075,,,
C2_H2_WP_negative_six_controls,car_m3_p3,const,481,71,0.023821031850979488,0.05091803394954106,0.6399054905422544,-0.07597648085370876,0.12361854455566773,0.033733311821731914,0.4824339278706254,,,
C2_H2_WP_negative_six_controls,car_m3_p3,lm_negative_wp,481,71,-4.723998762563713,3.3210839202657074,0.15490238855495142,-11.233203635919592,1.7852061107921653,2.9655042492605435,0.11566985678951289,>0,0.9225488057225243,0.9421650716052435
C2_H2_WP_negative_six_controls,car_m3_p3,size,481,71,-0.0014609680001813241,0.0020557785097451,0.47729240646406945,-0.005490219839473145,0.002568283839110497,0.0013266746192963472,0.2745707836292828,,,
C2_H2_WP_negative_six_controls,car_m3_p3,bm,481,71,0.015119272222608046,0.014076947702093964,0.2828026111198719,-0.012471038285749997,0.04270958273096609,0.00862307323656456,0.08391948002997485,,,
C2_H2_WP_negative_six_controls,car_m3_p3,volatility,481,71,1.0351795210736936,0.6271146028394332,0.09879937672042337,-0.19394251467073542,2.264301556818123,0.38670877477758964,0.00924902470680084,,,
C2_H2_WP_negative_six_controls,car_m3_p3,turnover,481,71,-0.009768764591156845,0.009207934575896764,0.28873205206120256,-0.0278159847319156,0.00827845554960191,0.006790257369593257,0.1547077028210811,,,
C2_H2_WP_negative_six_controls,car_m3_p3,eadret,481,71,0.27738043306546123,0.06570949652175345,2.4288206980622107e-05,0.14859218644056452,0.40616867969035797,0.08469954382970779,0.001645282747595033,,,
C2_H2_WP_negative_six_controls,car_m3_p3,accruals,481,71,0.09217650888483285,0.0691876036281497,0.1827717654379022,-0.04342870240297332,0.22778172017263904,0.07831672946953672,0.24319375915341637,,,
C2_H2_WP_negative_six_controls,car_m5_p5,const,481,71,0.07634597612776566,0.06832875510118876,0.2638519506134739,-0.057575922979021796,0.2102678752345531,0.05016649338566735,0.13255097670580956,,,
C2_H2_WP_negative_six_controls,car_m5_p5,lm_negative_wp,481,71,-3.6198196580225566,4.395990765974402,0.41025976106053375,-12.235803235703031,4.996163919657917,3.5684684842937946,0.3138900078746085,>0,0.7948701194697332,0.8430549960626957
C2_H2_WP_negative_six_controls,car_m5_p5,size,481,71,-0.003395105202945897,0.0028390814576747226,0.23175652398624846,-0.008959602609163831,0.0021693922032720372,0.0020311591827962406,0.09908576797102162,,,
C2_H2_WP_negative_six_controls,car_m5_p5,bm,481,71,0.02360896494932742,0.017831004192969215,0.18548972035084477,-0.011339161077074937,0.058557090975729774,0.010921130014352498,0.03405695879048833,,,
C2_H2_WP_negative_six_controls,car_m5_p5,volatility,481,71,0.3133051385237316,0.791116186465852,0.692083460910223,-1.2372540945360122,1.8638643715834753,0.5223087359008394,0.5505453168332908,,,
C2_H2_WP_negative_six_controls,car_m5_p5,turnover,481,71,-0.011344870953941046,0.010025776714096584,0.25781514123248905,-0.030995032230610675,0.008305290322728585,0.0071645092005227385,0.11781955870928544,,,
C2_H2_WP_negative_six_controls,car_m5_p5,eadret,481,71,0.31055774176795864,0.07593551709694747,4.318270950935943e-05,0.16172686311051607,0.4593886204254012,0.09688413680492036,0.0020325503439125913,,,
C2_H2_WP_negative_six_controls,car_m5_p5,accruals,481,71,0.0302718260996011,0.08073942575343078,0.7077107473763566,-0.12797454050956894,0.18851819270877115,0.0810812234890088,0.7100148770253147,,,
C3_WP_posneg_six_controls,car_m1_p1,const,481,71,0.02602730911353363,0.03942031483689759,0.5090926580156276,-0.05123508822601559,0.10328970645308284,0.030976452987558457,0.4036408783551641,,,
C3_WP_posneg_six_controls,car_m1_p1,lm_positive_wp,481,71,-9.474584819208719,7.950619749028457,0.23338722279955537,-25.05751318207738,6.10834354365994,8.189956320605303,0.2512646026492483,>0,0.8833063886002224,0.8743676986753759
C3_WP_posneg_six_controls,car_m1_p1,lm_negative_wp,481,71,-0.41079382012537813,3.0483518714596625,0.8928021716552899,-6.385453700391589,5.563866060140833,2.545407771852289,0.8722540896068914,>0,0.5535989141723551,0.5638729551965542
C3_WP_posneg_six_controls,car_m1_p1,size,481,71,-0.0015072841231961837,0.0015433833749657812,0.3287621107498283,-0.004532259952466993,0.001517691706074625,0.0012349025227447736,0.22634484585825262,,,
C3_WP_posneg_six_controls,car_m1_p1,bm,481,71,0.010772305315451688,0.010552839441393425,0.3073506946597466,-0.009910879924313207,0.031455490555216584,0.007884058968289533,0.1762054830441447,,,
C3_WP_posneg_six_controls,car_m1_p1,volatility,481,71,0.9138285797099694,0.48800849298293786,0.06112820749663926,-0.04265049068625648,1.8703076501061955,0.45156964340126093,0.04682298287922243,,,
C3_WP_posneg_six_controls,car_m1_p1,turnover,481,71,-0.009626042102089546,0.007175669959003813,0.1797635572037105,-0.023690096786683025,0.004438012582503934,0.007266810733992638,0.18959287453723614,,,
C3_WP_posneg_six_controls,car_m1_p1,eadret,481,71,0.2084288872735906,0.049231994209117516,2.299732688077895e-05,0.11193595173663577,0.3049218228105454,0.06048463140050919,0.0009659800606403262,,,
C3_WP_posneg_six_controls,car_m1_p1,accruals,481,71,0.04362212434217337,0.05271168405064043,0.4079192661192331,-0.05969087796153627,0.146935126645883,0.05724478436099565,0.44860333271927827,,,
C3_WP_posneg_six_controls,car_0_p3,const,481,71,0.0693274782612674,0.04105281954994283,0.09126954779938913,-0.01113456952044238,0.14978952604297718,0.033011680168136985,0.03932609092284515,,,
C3_WP_posneg_six_controls,car_0_p3,lm_positive_wp,481,71,-8.327321365475187,8.77463697926705,0.3426095487451908,-25.52529382225194,8.870651091301566,9.333710115515993,0.37535480193036563,>0,0.8286952256274046,0.8123225990348172
C3_WP_posneg_six_controls,car_0_p3,lm_negative_wp,481,71,-2.846460392107456,3.126902985173154,0.3626574721711998,-8.97507762619762,3.2821568419827085,3.2129366381713234,0.3786847510945058,>0,0.8186712639144,0.8106576244527471
C3_WP_posneg_six_controls,car_0_p3,size,481,71,-0.0035463274482638537,0.0016251165392422412,0.029094859911798568,-0.00673149733585902,-0.00036115756066868766,0.0012668848091404335,0.006613515879923995,,,
C3_WP_posneg_six_controls,car_0_p3,bm,481,71,0.0062182755409687955,0.012616217601642912,0.622097704025641,-0.01850905657937161,0.030945607661309202,0.009797639680826961,0.5277121189861876,,,
C3_WP_posneg_six_controls,car_0_p3,volatility,481,71,1.4850027406821027,0.5198694332014513,0.004283511526312636,0.4660773749440068,2.5039281064201986,0.43063890269894584,0.0009587121145920903,,,
C3_WP_posneg_six_controls,car_0_p3,turnover,481,71,-0.013407005924471426,0.008052720252115116,0.09593191586866488,-0.02919004759619336,0.0023760357472505066,0.006359900040340181,0.03860825710926285,,,
C3_WP_posneg_six_controls,car_0_p3,eadret,481,71,0.1376689611359573,0.0531092406216478,0.009536855454815727,0.033576762271255986,0.24176116000065861,0.05973228692464709,0.02414995304769021,,,
C3_WP_posneg_six_controls,car_0_p3,accruals,481,71,0.029470329757178452,0.0462079381076446,0.5236192816994898,-0.06109556473366086,0.12003622424801776,0.042814350827298835,0.49352094442314837,,,
C3_WP_posneg_six_controls,car_m3_p3,const,481,71,0.024133526119066554,0.051208490606033906,0.6374409540385627,-0.0762332711714176,0.1245003234095507,0.03441063845080391,0.4854165403229184,,,
C3_WP_posneg_six_controls,car_m3_p3,lm_positive_wp,481,71,-12.10268694032119,10.039590891912454,0.2280118705739027,-31.779923507985956,7.574549627343577,10.478897794973872,0.25203506190631647,>0,0.8859940647130486,0.8739824690468417
C3_WP_posneg_six_controls,car_m3_p3,lm_negative_wp,481,71,-4.324426980000808,3.3030675528633426,0.19046138967433657,-10.798320422115811,2.1494664621141943,2.933142161661747,0.1448754443709982,>0,0.9047693051628317,0.927562277814501
C3_WP_posneg_six_controls,car_m3_p3,size,481,71,-0.0016082886986782628,0.002041672296348026,0.43085402885706636,-0.0056098928677535825,0.0023933154703970564,0.0013296676011144179,0.23052389377521076,,,
C3_WP_posneg_six_controls,car_m3_p3,bm,481,71,0.01565202751230744,0.01413985850068449,0.26831826357746213,-0.01206158589552669,0.04336564092014157,0.008819987783939245,0.08031045805226668,,,
C3_WP_posneg_six_controls,car_m3_p3,volatility,481,71,1.0996641655893185,0.6231883962807859,0.0776348150152632,-0.12176264670429693,2.3210909778829336,0.38852376606459704,0.0060636149945716596,,,
C3_WP_posneg_six_controls,car_m3_p3,turnover,481,71,-0.009935318247035693,0.009263854512614989,0.28350354452562077,-0.028092139449779927,0.008221502955708542,0.006987199911681799,0.15948669377712277,,,
C3_WP_posneg_six_controls,car_m3_p3,eadret,481,71,0.2758664814950851,0.06608077669746848,2.983975732743654e-05,0.1463505390976132,0.40538242389255696,0.08488711359161016,0.0017763639389168555,,,
C3_WP_posneg_six_controls,car_m3_p3,accruals,481,71,0.08989069197512164,0.06969102099664473,0.19710409649331362,-0.046701199224126744,0.22648258317437003,0.07857203871061838,0.2564982012792725,,,
C3_WP_posneg_six_controls,car_m5_p5,const,481,71,0.07698785304720941,0.06934898120106991,0.26693388766779835,-0.05893365247143288,0.2129093585658517,0.052664792192715804,0.14825820424684963,,,
C3_WP_posneg_six_controls,car_m5_p5,lm_positive_wp,481,71,-24.85944928697942,12.419092760914605,0.04531569530310851,-49.20042381903415,-0.5184747549246893,13.801162689435174,0.07596909661313811,>0,0.9773421523484458,0.962015451693431
C3_WP_posneg_six_controls,car_m5_p5,lm_negative_wp,481,71,-2.799081708333463,4.567487045721697,0.5399903994717836,-11.751191817801242,6.153028401134315,3.7633715627988304,0.45950513596787007,>0,0.7300048002641082,0.7702474320160649
C3_WP_posneg_six_controls,car_m5_p5,size,481,71,-0.003697708372908832,0.002859521762259704,0.19596912454608129,-0.009302268039946358,0.0019068512941286943,0.0021232782607366746,0.08598738141219521,,,
C3_WP_posneg_six_controls,car_m5_p5,bm,481,71,0.02470326765846356,0.017877599492958463,0.16703310739375588,-0.010336183477766558,0.05974271879469367,0.011003160041936381,0.027922364703220657,,,
C3_WP_posneg_six_controls,car_m5_p5,volatility,481,71,0.44575942392579365,0.7917943721351024,0.5734527786075336,-1.106129028620512,1.9976478764720993,0.5307240458948628,0.403819481002774,,,
C3_WP_posneg_six_controls,car_m5_p5,turnover,481,71,-0.01168697946110938,0.010192313813970505,0.25152781087618326,-0.03166354745562165,0.008289588533402888,0.00759055285864252,0.12814830375264707,,,
C3_WP_posneg_six_controls,car_m5_p5,eadret,481,71,0.3074480189045743,0.0762905923082542,5.578639636241722e-05,0.15792120562116757,0.456974832187981,0.09686114619624187,0.0022340744690908924,,,
C3_WP_posneg_six_controls,car_m5_p5,accruals,481,71,0.02557665800788188,0.08073366425232768,0.7513931725668896,-0.1326584162666292,0.18381173228239298,0.08183551822857747,0.7555613409907492,,,
C2_positive_proportion_same_sample,car_m1_p1,const,481,71,0.02915992606788296,0.04188778595591378,0.486338725437266,-0.05293862579783073,0.11125847793359664,0.03457855456043926,0.40193587987971474,,,
C2_positive_proportion_same_sample,car_m1_p1,lm_positive_prop,481,71,-0.7224172464385957,0.6193512787150238,0.24344889909436684,-1.9363234464988714,0.4914889536216799,0.6598995998320841,0.277383970091015,,,
C2_positive_proportion_same_sample,car_m1_p1,size,481,71,-0.0013234297251649395,0.0016477647002663535,0.42187839384674586,-0.0045529891926834294,0.0019061297423535505,0.0014385333032405627,0.3607399231970173,,,
C2_positive_proportion_same_sample,car_m1_p1,bm,481,71,0.010583131242884186,0.010720521852318891,0.32355227951025467,-0.010428705483135467,0.03159496796890384,0.007711529140654224,0.1743274601538536,,,
C2_positive_proportion_same_sample,car_m1_p1,volatility,481,71,0.8009259555890968,0.48090222754184564,0.09581996805244263,-0.14162509047800664,1.7434770016562005,0.4868356701849634,0.10441894170592435,,,
C2_positive_proportion_same_sample,car_m1_p1,turnover,481,71,-0.009235687767651312,0.0070706953514471866,0.19148717338064736,-0.023093996002142576,0.004622620466839955,0.007376395472949469,0.21471550857761468,,,
C2_positive_proportion_same_sample,car_m1_p1,eadret,481,71,0.20950383434612013,0.04791977240822921,1.2313013010583539e-05,0.11558280627863468,0.30342486241360556,0.05975875897363322,0.0007988083524835322,,,
C2_positive_proportion_same_sample,car_m1_p1,accruals,481,71,0.041055232073319896,0.05205138608050578,0.43026149279909387,-0.060963609989860924,0.14307407413650072,0.05688988801163835,0.47290644331191145,,,
C2_positive_proportion_same_sample,car_0_p3,const,481,71,0.06599133605954403,0.042448907131042046,0.12003987588332597,-0.017206993100383844,0.1491896652194719,0.033187830426007835,0.05067636974375453,,,
C2_positive_proportion_same_sample,car_0_p3,lm_positive_prop,481,71,-0.43724968220942256,0.6119072516811701,0.47487567927378815,-1.6365658573834023,0.7620664929645573,0.5150581784835149,0.39881269667743047,,,
C2_positive_proportion_same_sample,car_0_p3,size,481,71,-0.0031072659563598937,0.0016778755756723129,0.06403948395241174,-0.006395841655217037,0.0001813097424972496,0.0013108306718040657,0.02052478018207626,,,
C2_positive_proportion_same_sample,car_0_p3,bm,481,71,0.0075821428643625234,0.012838716388975737,0.5548095037537848,-0.017581278865754058,0.0327455645944791,0.00990518134196523,0.4465636216560555,,,
C2_positive_proportion_same_sample,car_0_p3,volatility,481,71,1.2724636096428006,0.5128734104960649,0.013099668837523264,0.2672501964422864,2.2776770228433145,0.4348299088447593,0.004621492405726762,,,
C2_positive_proportion_same_sample,car_0_p3,turnover,481,71,-0.01242255320783918,0.0079229392755998,0.11689926572422014,-0.027951228839712655,0.003106122424034295,0.006108343404774432,0.045773593621218314,,,
C2_positive_proportion_same_sample,car_0_p3,eadret,481,71,0.1387564207473605,0.05208887943011145,0.0077254385236918315,0.0366640930692928,0.2408487484254282,0.05898954582732598,0.021479093317220498,,,
C2_positive_proportion_same_sample,car_0_p3,accruals,481,71,0.025627074626312075,0.04726255351418603,0.587661524995083,-0.06700582807888952,0.11825997733151367,0.04268065547947588,0.5501536656891357,,,
C2_positive_proportion_same_sample,car_m3_p3,const,481,71,0.01626842902317079,0.052360603357619835,0.7560288488466963,-0.08635646776655112,0.11889332581289269,0.034279681195463825,0.6365640567994322,,,
C2_positive_proportion_same_sample,car_m3_p3,lm_positive_prop,481,71,-0.23330210827692696,0.7410009607830585,0.7528776410821681,-1.6856373039212986,1.2190330873674449,0.5507840635167127,0.6731695444650724,,,
C2_positive_proportion_same_sample,car_m3_p3,size,481,71,-0.0009431548694491424,0.0020585984845346316,0.6468418963932504,-0.004977933757765756,0.003091624018867471,0.0013510314723506928,0.4874273578717425,,,
C2_positive_proportion_same_sample,car_m3_p3,bm,481,71,0.01785768139443125,0.014430572099337438,0.21590541156696286,-0.01042572019657869,0.04614108298544119,0.008866662448842419,0.04785155022012202,,,
C2_positive_proportion_same_sample,car_m3_p3,volatility,481,71,0.7968335326204129,0.5972677980424921,0.1821609015247685,-0.37378984066841425,1.96745690590924,0.3612248628788879,0.030674084971645636,,,
C2_positive_proportion_same_sample,car_m3_p3,turnover,481,71,-0.008492533644038928,0.008798879196230989,0.33445287423948333,-0.025738019972970407,0.008752952684892549,0.006330905656681823,0.18411341232626688,,,
C2_positive_proportion_same_sample,car_m3_p3,eadret,481,71,0.27753309112812574,0.0650287699306728,1.9736520847921618e-05,0.1500790441050658,0.4049871381511857,0.0837283137008888,0.0014556600637483453,,,
C2_positive_proportion_same_sample,car_m3_p3,accruals,481,71,0.08611888015736979,0.0716334050882046,0.2292795575401051,-0.05428001390547946,0.22651777422021904,0.07905467779177597,0.2797319564125397,,,
C2_positive_proportion_same_sample,car_m5_p5,const,481,71,0.0687423240397338,0.06864980595800277,0.3166587483448807,-0.06580882318361486,0.20329347126308245,0.04973678850937666,0.171328726749874,,,
C2_positive_proportion_same_sample,car_m5_p5,lm_positive_prop,481,71,0.09631576525413132,0.9831830009850572,0.9219615049865922,-1.8306875068885893,2.0233190373968517,0.7663774233499535,0.9003481259647911,,,
C2_positive_proportion_same_sample,car_m5_p5,size,481,71,-0.0029940016584081197,0.0027697359590865304,0.27971042993003203,-0.008422584384903224,0.0024345810680869843,0.0019507767513652747,0.12934707361857528,,,
C2_positive_proportion_same_sample,car_m5_p5,bm,481,71,0.025784043663078123,0.018290876380076246,0.15863805214880145,-0.010065415287545672,0.061633502613701915,0.011510266014398876,0.0282619965020175,,,
C2_positive_proportion_same_sample,car_m5_p5,volatility,481,71,0.14105021114322625,0.7475523041611882,0.8503414862669227,-1.3241253815726348,1.606225803859087,0.4838813164703325,0.7715328984913712,,,
C2_positive_proportion_same_sample,car_m5_p5,turnover,481,71,-0.010392775298919545,0.009576306085784855,0.2778068238420418,-0.029161990331989598,0.008376439734150507,0.006795099235640258,0.13065921487055554,,,
C2_positive_proportion_same_sample,car_m5_p5,eadret,481,71,0.31072825147038247,0.07518394467169545,3.582036867055753e-05,0.16337042769820728,0.4580860752425576,0.09601498022766244,0.0018512649251344214,,,
C2_positive_proportion_same_sample,car_m5_p5,accruals,481,71,0.02700354911736268,0.08323967390603854,0.7456297732920552,-0.13614321382333136,0.19015031205805674,0.08220006695086031,0.743506761565682,,,
C2_negative_proportion_same_sample,car_m1_p1,const,481,71,0.023552812035560866,0.040927657074265565,0.5649706127091472,-0.05666392180160561,0.10376954587272734,0.03326699604270756,0.48130022781455073,,,
C2_negative_proportion_same_sample,car_m1_p1,lm_negative_prop,481,71,-0.14832794494046497,0.3470885538235264,0.6691251510201508,-0.8286090098806688,0.5319531199997388,0.3516047856502062,0.6744200976900321,,,
C2_negative_proportion_same_sample,car_m1_p1,size,481,71,-0.0012094543666411844,0.0016785871607929478,0.4712053501483866,-0.004499424746706707,0.0020805160134243377,0.0014540652146859058,0.4083647676684266,,,
C2_negative_proportion_same_sample,car_m1_p1,bm,481,71,0.011492295639207676,0.010945112498831044,0.29372115757474593,-0.009959730665240366,0.03294432194365572,0.008409650281880773,0.17613664406004884,,,
C2_negative_proportion_same_sample,car_m1_p1,volatility,481,71,0.8198523058698923,0.49277392589349756,0.09616252685163058,-0.1459668414017724,1.785671453141557,0.5091338791574651,0.11183559099070305,,,
C2_negative_proportion_same_sample,car_m1_p1,turnover,481,71,-0.009284774340139697,0.00717954216626561,0.19593272549941165,-0.02335641841150697,0.004786869731227579,0.007551392095844032,0.2229844113292829,,,
C2_negative_proportion_same_sample,car_m1_p1,eadret,481,71,0.20971027832397854,0.047929564891821846,1.212185796006486e-05,0.1157700573413323,0.3036504993066248,0.05982701310478157,0.0008002089184495629,,,
C2_negative_proportion_same_sample,car_m1_p1,accruals,481,71,0.044186360077238314,0.05201778135487149,0.39563248404708706,-0.05776661793398894,0.14613933808846558,0.055631519540432786,0.42972371422984224,,,
C2_negative_proportion_same_sample,car_0_p3,const,481,71,0.0628612204493163,0.042121927521786645,0.1356039201018256,-0.019696240452792016,0.1454186813514246,0.0329327245379313,0.060391292590312964,,,
C2_negative_proportion_same_sample,car_0_p3,lm_negative_prop,481,71,-0.04305745201419935,0.4107683936943603,0.916517270162079,-0.8481487096425153,0.7620338056141167,0.3561029256600376,0.9041063983221707,,,
C2_negative_proportion_same_sample,car_0_p3,size,481,71,-0.003070604602615245,0.001728602243452006,0.07567505551245433,-0.006458602743376315,0.00031739353814582566,0.0013437870588455174,0.025344237228368822,,,
C2_negative_proportion_same_sample,car_0_p3,bm,481,71,0.00790953732176901,0.013131381376511236,0.5469487997562326,-0.017827497243453012,0.03364657188699103,0.00983841358145255,0.4241508991685244,,,
C2_negative_proportion_same_sample,car_0_p3,volatility,481,71,1.2865440610447112,0.5214636737897667,0.013618238162537159,0.2644940411708252,2.3085940809185974,0.44395037755367167,0.00501121182829249,,,
C2_negative_proportion_same_sample,car_0_p3,turnover,481,71,-0.012458169167482876,0.007959312573896642,0.1175285671205425,-0.028058135154017092,0.0031417968190513394,0.006192277925424841,0.04808205018681065,,,
C2_negative_proportion_same_sample,car_0_p3,eadret,481,71,0.13886062975321026,0.052180189387676976,0.00778684107493322,0.03658933784688424,0.24113192165953629,0.05903080324048444,0.021472615132316346,,,
C2_negative_proportion_same_sample,car_0_p3,accruals,481,71,0.027672070933794524,0.047405234859423905,0.5593989540150701,-0.06524048206933902,0.12058462393692806,0.04182134110746012,0.5103528191598729,,,
C2_negative_proportion_same_sample,car_m3_p3,const,481,71,0.014913108272955193,0.05157651391298681,0.7724701639774119,-0.08617500144462796,0.11600121799053835,0.03394241999116259,0.6617505318287252,,,
C2_negative_proportion_same_sample,car_m3_p3,lm_negative_prop,481,71,0.03281214248098554,0.46334236678989227,0.9435440440145256,-0.8753222089387509,0.9409464939007219,0.40896765059064516,0.9362819724715239,,,
C2_negative_proportion_same_sample,car_m3_p3,size,481,71,-0.0009621897990384367,0.002118385965284337,0.6496784642704201,-0.005114149996350854,0.0031897703982739813,0.0013839082626036178,0.48918783352838635,,,
C2_negative_proportion_same_sample,car_m3_p3,bm,481,71,0.017766227500524995,0.014707826380000143,0.22706888525190116,-0.011060582495143405,0.046593037496193396,0.00926293262391633,0.059192017534102616,,,
C2_negative_proportion_same_sample,car_m3_p3,volatility,481,71,0.8074809554143952,0.6055429868130601,0.18237352574687304,-0.3793614898300154,1.9943234006588058,0.37007888311458714,0.032474901764101824,,,
C2_negative_proportion_same_sample,car_m3_p3,turnover,481,71,-0.008518589158146602,0.008825966399591496,0.33445790195395886,-0.025817165430106585,0.008779987113813384,0.006382099363415683,0.18627920267087875,,,
C2_negative_proportion_same_sample,car_m3_p3,eadret,481,71,0.2775639249350961,0.06504764232244696,1.980422693365834e-05,0.15007288870385668,0.40505496116633544,0.08379063460728124,0.001465113691476728,,,
C2_negative_proportion_same_sample,car_m3_p3,accruals,481,71,0.08738895717499907,0.07160841742080612,0.2223236243787431,-0.05296096195969151,0.22773887630968964,0.07849315852125259,0.2693743065849402,,,
C2_negative_proportion_same_sample,car_m5_p5,const,481,71,0.06768419661279083,0.06794693453994378,0.3191854357824585,-0.06548934794539961,0.20085774117098126,0.04922191729386866,0.17349113773642597,,,
C2_negative_proportion_same_sample,car_m5_p5,lm_negative_prop,481,71,-0.3002071850512983,0.6100986607931351,0.6226745669423402,-1.4959785872219622,0.8955642171193657,0.4437350151251698,0.5009234770688301,,,
C2_negative_proportion_same_sample,car_m5_p5,size,481,71,-0.002787814001224764,0.0028662826654997585,0.3307404372762496,-0.008405624795115758,0.00282999679266623,0.00198755369185011,0.16514512957544464,,,
C2_negative_proportion_same_sample,car_m5_p5,bm,481,71,0.027189382054312268,0.01866219927837452,0.14513771483205737,-0.009387856403611172,0.06376662051223571,0.011863621336291506,0.02492741714308646,,,
C2_negative_proportion_same_sample,car_m5_p5,volatility,481,71,0.12054743576177109,0.7520869405180604,0.8726574326779809,-1.353515880896545,1.5946107524200872,0.47552984557271805,0.8006239229807217,,,
C2_negative_proportion_same_sample,car_m5_p5,turnover,481,71,-0.010345781411680164,0.009515864781740912,0.27694224508544985,-0.028996533665645453,0.008304970842285125,0.006784866503837108,0.13180659867147657,,,
C2_negative_proportion_same_sample,car_m5_p5,eadret,481,71,0.3108427978033541,0.07503072692425308,3.42981398295338e-05,0.16378527529795833,0.4579003203087499,0.09556662695720183,0.0017611170608045263,,,
C2_negative_proportion_same_sample,car_m5_p5,accruals,481,71,0.02555974985015539,0.0834393576049654,0.7593554851753497,-0.13797838594873507,0.18909788564904584,0.08195052241007193,0.7560493615654253,,,
