ticker,filing_date,accession_number,filing_year,lm_total_words,lm_positive_wp,lm_negative_wp
A,2016-12-20,000109087216000082,2016,13072,-0.00010811257490052248,-0.0010544300613191705
A,2017-12-21,000109087217000018,2017,12801,-0.0003731680587410043,-0.00010097290462582101
A,2018-12-20,000109087218000019,2018,13000,-0.00020463398547195175,0.00024047240904065425
A,2019-12-19,000109087219000022,2019,13568,-0.00020508047637619534,-8.175388569411576e-05
A,2020-12-18,000109087220000020,2020,14509,0.00012865767299604608,-0.00019165225229689342
A,2021-12-17,000109087221000027,2021,14732,-0.0003656339317081214,-0.0006793661434046355
A,2022-12-21,000109087222000026,2022,13924,-0.0004666011058286382,-0.0005292794467022758
A,2023-12-20,000109087223000020,2023,14222,-0.00010917198156804045,5.488379930725004e-05
A,2024-12-20,000109087224000049,2024,14868,-0.00023015746900452766,-0.0005739606406159318
A,2025-12-22,000109087225000087,2025,15660,2.9402036294480253e-05,-0.0007677892464453204
AAPL,2016-10-26,000162828016020309,2016,8014,-1.8753575983921984e-05,-0.000431744023472034
AAPL,2017-11-03,000032019317000070,2017,8224,-0.00015386422592345158,-0.001078852496863757
AAPL,2018-11-05,000032019318000145,2018,7880,-0.00026833250144809624,-0.00040528130037967893
AAPL,2019-10-31,000032019319000119,2019,4589,-0.00031448624443092743,-0.0015002674931723073
AAPL,2020-10-30,000032019320000096,2020,4409,-3.3030944433685744e-05,-0.0006095031652918535
AAPL,2021-10-29,000032019321000105,2021,2584,-0.00048203580772372424,-0.000538326990198744
AAPL,2022-10-28,000032019322000108,2022,2396,-0.00021876812231392734,-0.001226560162705396
AAPL,2023-11-03,000032019323000106,2023,2116,-3.1088609547993736e-05,0.000281080797897518
AAPL,2024-11-01,000032019324000123,2024,2066,-0.00012588864830364932,-0.00022802352023338607
AAPL,2025-10-31,000032019325000079,2025,2433,-4.480977450066215e-05,-0.0006470974489726685
ACGL,2016-02-26,000094748416000043,2016,31365,6.0546416860040586e-05,-0.0012720745284355325
ACGL,2017-03-01,000094748417000015,2017,26891,-0.00021554050481479257,0.0005893257933166634
ACGL,2018-02-28,000094748418000012,2018,23237,-0.00027914066936703705,0.00025050084001638573
ACGL,2019-02-28,000094748419000008,2019,22350,-0.0001054663266963255,-0.00017077286309390125
ACGL,2020-02-28,000094748420000012,2020,18806,4.393548150450622e-05,0.0007053096546785869
ACGL,2021-02-26,000094748421000028,2021,19705,-0.0002858604854809643,-0.00019305080513195333
ACGL,2022-02-25,000094748422000015,2022,19382,-0.00032006000340964734,-0.00013918772691092618
ACGL,2023-02-24,000094748423000015,2023,18877,-0.00023083714633715419,0.00030793225038907706
ACGL,2024-02-23,000094748424000020,2024,18677,-0.00020391715580383028,0.0002078516629316701
ACGL,2025-02-27,000094748425000017,2025,18817,3.00625429365028e-05,0.00048393262674224454
ADSK,2016-03-23,000076939716000067,2016,5191,-3.968284449195932e-05,-0.0016617660110703283
ADSK,2017-03-21,000076939717000014,2017,4506,-0.0006158132115609766,-0.0005953448352227124
ADSK,2018-03-22,000076939718000011,2018,4751,-0.00016532988970059028,-0.0008202838168206388
ADSK,2019-03-25,000076939719000016,2019,13435,3.1365472507616904e-05,-0.0007211899061758371
ADSK,2020-03-19,000076939720000013,2020,12364,0.00017297809424699195,-0.0003734681276787259
ADSK,2021-03-19,000076939721000014,2021,12102,-0.0006616880020056147,-0.0006983247735976479
ADSK,2022-03-14,000076939722000019,2022,12041,-0.0007169395971811116,-0.0006159510358239051
ADSK,2023-03-14,000076939723000036,2023,12101,-5.733822203765406e-05,0.00019669650199151173
ADSK,2024-06-10,000076939724000090,2024,12627,-0.0002896162536417551,-0.0002533895757172148
ADSK,2025-03-06,000076939725000019,2025,11380,-0.0003022723062304468,-0.0005046172083242054
AEE,2016-02-26,000100291016000205,2016,21176,5.595184472123917e-06,-0.0006152237910026196
AEE,2017-02-28,000100291017000054,2017,21741,-0.0002331924416268191,-0.0003152283079333066
AEE,2018-02-28,000100291018000069,2018,21552,-0.0001083950705109894,0.00014445450675396265
AEE,2019-02-26,000100291019000094,2019,21460,-0.00012003061304274962,3.733529863359036e-05
AEE,2020-02-28,000100291020000077,2020,17705,-9.653007605785293e-05,-0.00032017702517862133
AEE,2021-02-22,000100291021000065,2021,20159,-8.116476686877214e-05,1.288876321145722e-05
AEE,2022-02-23,000100291022000038,2022,22716,-0.0001276840392516019,1.8415190067070395e-05
AEE,2023-02-22,000100291023000053,2023,24964,-2.693840519269105e-05,-0.0006748962506455712
AEE,2024-02-29,000100291024000056,2024,24729,-6.206445354318292e-05,-8.310358994586185e-05
AEE,2025-02-18,000100291025000055,2025,24268,0.00011142816309959536,-7.02231177877299e-05
ALNY,2016-02-12,000119312516462538,2016,12717,-0.00015414984109435347,-0.0012552857199132773
ALNY,2017-02-15,000156459017001649,2017,12566,-0.0003891201005589499,-0.0007407677305517902
ALNY,2018-02-15,000156459018002152,2018,12974,-0.0011050862762174518,-0.0006451446954061961
ALNY,2019-02-14,000156459019003022,2019,16148,-0.0007724188079164119,-0.0016567373251035005
ALNY,2020-02-13,000117867020000004,2020,5668,0.00012218921588051133,-0.0008163821914736469
ALNY,2021-02-11,000117867021000010,2021,4390,-0.0012956719568334456,-0.00027399793590450434
ALNY,2022-02-10,000117867022000013,2022,3638,-0.001559938635857633,-0.00010855030815508525
ALNY,2023-02-23,000117867023000005,2023,3593,-0.0003002085889886644,2.1519320623895098e-05
ALNY,2024-02-15,000117867024000008,2024,3817,-0.001316537465756478,7.452320969387907e-05
ALNY,2025-02-13,000117867025000026,2025,3846,0.0004141374878376057,-0.00017257295980075045
AMAT,2016-12-15,000000695116000068,2016,9629,-7.964681053717311e-05,-0.0016776643379668808
AMAT,2017-12-15,000000695117000038,2017,8643,-0.0003874898825725321,-0.0005685262218915321
AMAT,2018-12-13,000000695118000041,2018,8556,-0.0005023829632224022,-0.0003020193847713467
AMAT,2019-12-13,000000695119000046,2019,8771,-0.00027599807180768757,-0.00047330244996582636
AMAT,2020-12-11,000000695120000048,2020,9417,-9.84376815080396e-05,-0.00028933182815525676
AMAT,2021-12-17,000000695121000043,2021,9090,-0.0004482361370636538,-0.0008482640878456166
AMAT,2022-12-16,000000695122000043,2022,8970,-0.00040689228859778646,-0.00028034971788871966
AMAT,2023-12-15,000000695123000041,2023,7110,-0.0005202037472932863,-3.874752477646183e-05
AMAT,2024-12-13,000000695124000044,2024,5330,-0.0003407479905495473,-9.439135747843841e-05
AMAT,2025-12-12,000162828025056742,2025,5676,0.00024866601192857324,-0.00014936916742087203
AON,2016-02-22,000162828016011485,2016,11352,8.995250532174687e-06,-0.001452998857066165
AON,2017-02-23,000162828017001652,2017,11247,-0.00020352866806068015,-0.0007033873971268186
AON,2018-02-20,000162828018001923,2018,11917,-0.0003974992939647438,-0.000985808235491217
AON,2019-02-19,000162828019001558,2019,12124,-0.0001741318305342684,-0.001475693967923513
AON,2020-02-14,000162828020001607,2020,11379,9.881579533735284e-05,-0.0006590250567886774
AON,2021-02-19,000162828021002574,2021,12452,-0.00018679136015756732,-0.0008877297415214401
AON,2022-02-18,000162828022003180,2022,11569,-0.0002502220179381371,-0.0008293884553692049
AON,2023-02-17,000162828023004087,2023,10493,-0.00029275031173517965,0.00010494837803222087
AON,2024-02-16,000162828024005392,2024,11328,-0.0002510707951558648,-0.00040006821009859635
AON,2025-02-18,000162828025006093,2025,13723,-9.194856811180712e-05,-0.0005411362083163976
APD,2016-11-21,000119312516773346,2016,16690,8.282884851886062e-05,-0.0016930564990856247
APD,2017-11-16,000000296917000039,2017,17540,-0.00022498446422031978,-0.0005904882891354127
APD,2018-11-20,000000296918000044,2018,16925,-0.0003367606302356198,-0.00027890942578360096
APD,2019-11-26,000000296919000051,2019,12978,-0.00031330206853000394,-0.0004953474593980245
APD,2020-11-19,000000296920000049,2020,13053,-7.420855017748876e-07,-0.000514584118256119
APD,2021-11-18,000000296921000055,2021,11618,-0.0005954499307479115,-0.0006509800806833782
APD,2022-11-22,000000296922000054,2022,13880,-0.00027690043763095183,-0.0006886098701301353
APD,2023-11-16,000000296923000047,2023,12362,-0.0004057071873562214,7.84017793318173e-05
APD,2024-11-21,000000296924000056,2024,12436,-0.0004157736920936099,-0.00034571890843469857
APD,2025-11-20,000000296925000055,2025,14214,-9.639063727310656e-05,-0.0005493594656714891
APH,2016-02-19,000110465916098503,2016,6877,7.586840665655041e-06,-0.00021427517560564186
APH,2017-02-17,000155837017000659,2017,9585,-0.0002070188879240361,-7.027410637966804e-05
APH,2018-02-21,000155837018000871,2018,10845,-0.0001861141820842028,-1.5080113664033446e-05
APH,2019-02-13,000155837019000636,2019,11651,-0.00020803230410701879,-0.00010372033773444863
APH,2020-02-12,000155837020000728,2020,12044,-5.4618256398718484e-05,-5.284336249671681e-05
APH,2021-02-10,000155837021000881,2021,13319,-0.0002392596361932574,-0.00020638724171068517
APH,2022-02-09,000155837022000961,2022,14641,-0.0003189513097639384,-0.0002737462363088291
APH,2023-02-08,000155837023001036,2023,15389,-0.00025759685261267243,7.060455995761961e-06
APH,2024-02-07,000155837024000866,2024,14078,-0.000332612741650426,-0.00043891895415512915
APH,2025-02-07,000155837025000714,2025,14948,-0.00013097591360663655,-0.0003357947165070923
ATI,2016-02-26,000101896316000049,2016,14401,6.171926908247699e-05,-0.0011844130813045547
ATI,2017-02-24,000101896317000007,2017,16486,-7.73539785274669e-05,0.0011766270427084678
ATI,2018-02-20,000101896318000004,2018,17226,-1.9007641274101433e-05,0.0008986212878247256
ATI,2019-02-28,000101896319000007,2019,15647,-0.0001551761085754759,-8.618009305185698e-05
ATI,2020-02-25,000101896320000004,2020,13652,0.0002498581248538975,1.6603672408645165e-06
ATI,2021-02-26,000162828021003434,2021,18158,-0.0001680105598408875,-0.00025664936433280596
ATI,2022-02-25,000162828022003961,2022,17095,-0.0001320180871445925,-0.0006148599151104916
ATI,2023-02-24,000162828023005017,2023,11608,1.1233976707580552e-05,0.00010502354491783502
ATI,2024-02-23,000162828024006606,2024,13717,-0.00010010500945336335,-0.00044537056099869916
ATI,2025-02-21,000162828025007092,2025,10440,0.00023572503637700237,-0.00039909959005190294
ATO,2016-11-14,000073180216000066,2016,10171,-4.929037778693579e-05,-0.00019016276253030638
ATO,2017-11-13,000073180217000041,2017,8292,-0.00010628601279573351,8.976021071485517e-05
ATO,2018-11-13,000073180218000039,2018,9362,-0.00012835359375037197,4.1186549964855545e-05
ATO,2019-11-12,000073180219000037,2019,6958,-0.00015402722591743043,2.9260284189091152e-05
ATO,2020-11-13,000073180220000040,2020,5979,2.5753182531811767e-06,0.0003063972493244128
ATO,2021-11-12,000073180221000040,2021,6440,-0.0001503454008640741,6.165582795205433e-05
ATO,2022-11-14,000073180222000037,2022,6547,-0.00021910109511495975,-0.00010788171557829382
ATO,2023-11-14,000073180223000028,2023,6114,-0.00019880664165163197,4.387460026345183e-05
ATO,2024-11-18,000073180224000030,2024,5937,-0.0002493923201017232,0.000326974895853621
ATO,2025-11-14,000073180225000056,2025,5861,-8.903125698649638e-05,0.0002957226487162605
AWK,2016-02-25,000156459016013247,2016,14263,-0.00011816086716276864,-0.0006527570396719192
AWK,2017-02-21,000156459017001899,2017,15369,-0.0003661337690627952,-0.0003175489275886306
AWK,2018-02-20,000141063618000076,2018,17353,-0.0003574323455803343,-0.0001855514613918937
AWK,2019-02-19,000141063619000041,2019,18956,-0.0004124418601977262,-0.00042324504406448485
AWK,2020-02-18,000141063620000040,2020,13731,3.83694007994491e-05,7.270868048951242e-06
AWK,2021-02-24,000141063621000101,2021,13976,-0.00013019194260667413,0.00023737065535477076
AWK,2022-02-16,000141063622000048,2022,14889,-0.00022731582031725273,-0.0004172125971812917
AWK,2023-02-15,000141063623000020,2023,13946,-0.00014495079630825707,7.428268495942887e-06
AWK,2024-02-14,000141063624000050,2024,14702,-0.00018314354047055333,0.00010897387345445068
AWK,2025-02-19,000141063625000022,2025,13986,-3.428409434304864e-05,-0.0004718298899510851
AXON,2016-03-07,000106918316000148,2016,10503,9.092733296350528e-05,-0.0001485437982001712
AXON,2017-03-06,000106918317000042,2017,9610,-0.00010065405685311048,-6.371138723798038e-05
AXON,2018-03-01,000106918318000020,2018,10306,-0.00013460434032485285,-0.00021862683892372376
AXON,2019-02-27,000106918319000023,2019,10816,0.00011336041043244739,2.0605240165986447e-06
AXON,2020-02-28,000106918320000016,2020,8442,0.0003655555060395794,0.00021388952449658298
AXON,2021-02-26,000155837021001873,2021,8667,0.00017954100893561402,0.0002525066373483505
AXON,2022-02-25,000155837022002006,2022,8593,-0.00020119096299629077,-0.00029741245214666233
AXON,2023-02-28,000155837023002413,2023,8173,-9.486885802803344e-08,0.00033918160790821734
AXON,2024-02-27,000106918324000006,2024,8242,-0.00023553797868228218,-0.00027680067003220106
AXON,2025-02-28,000106918325000019,2025,6477,0.00016537561363207708,-0.0003014228338172324
BIIB,2016-02-03,000087504516000042,2016,12938,1.3421640210994792e-05,-0.0009024306100640397
BIIB,2017-02-02,000087504517000009,2017,14678,-0.000396251233363457,-0.0006666762183606908
BIIB,2018-02-01,000087504518000005,2018,17339,-0.0004373021466668452,-0.00046921945202137594
BIIB,2019-02-06,000087504519000006,2019,19761,-0.0002921580492045816,-0.00045172296275343947
BIIB,2020-02-06,000087504520000005,2020,15093,-0.00014974507476184858,-0.00048639944705492014
BIIB,2021-02-03,000087504521000010,2021,629,-0.0016494839135207727,-0.0014441826836508447
BIIB,2022-02-03,000087504522000007,2022,9860,-0.0010646212272387343,4.778000167745254e-06
BIIB,2023-02-15,000087504523000009,2023,16156,-0.0004605014497301077,0.00028190729052442567
BIIB,2024-02-14,000087504524000009,2024,14396,-0.0004154377997323972,0.0004276734710765224
BIIB,2025-02-12,000087504525000009,2025,14645,1.0370174867983155e-05,5.2878890091084765e-05
BKNG,2016-02-17,000107553116000084,2016,17091,0.00028596556600544873,-0.00033871971243178676
BKNG,2017-02-27,000107553117000009,2017,14296,-0.0002553967363152633,0.0005610259850504013
BKNG,2018-02-27,000107553118000015,2018,14864,-0.00048804825991358717,-0.00018424253218463866
BKNG,2019-02-27,000107553119000009,2019,14486,-0.00020447274800712033,0.0009917820460112344
BKNG,2020-02-26,000107553120000011,2020,11491,-0.0004649440644072563,-0.0002385251776667565
BKNG,2021-02-24,000107553121000019,2021,18130,-0.0005176951498987043,-0.0013377970613873064
BKNG,2022-02-23,000107553122000008,2022,13915,-0.00028020931752129773,-0.0009725730465614525
BKNG,2023-02-23,000107553123000016,2023,11570,-0.0004261887741016025,-0.00013502906644815953
BKNG,2024-02-22,000107553124000014,2024,11519,-0.0002555570181224429,-0.0008085674715835354
BKNG,2025-02-20,000107553125000010,2025,8395,-4.2453951818674165e-05,-0.0018285750336750396
CAH,2016-08-12,000072137116000277,2016,7874,4.7110780234081026e-05,-0.0017228468436829188
CAH,2017-08-10,000072137117000083,2017,8144,-0.00016315171368495542,-0.0014364215637262482
CAH,2018-08-22,000072137118000077,2018,9325,-7.61800954420171e-05,-0.0015932771788905102
CAH,2019-08-20,000072137119000090,2019,8735,-0.0001299634934853137,-0.0022704670940571926
CAH,2020-08-13,000072137120000089,2020,10837,0.00010244450879038649,-0.003494724925960419
CAH,2021-08-16,000072137121000080,2021,13286,-0.00022749885261493717,-0.002720404628414591
CAH,2022-08-11,000072137122000058,2022,13223,-0.0002590493678368242,-0.002658745287425405
CAH,2023-08-15,000072137123000060,2023,9956,-0.00010670859269039602,0.0002772238187111388
CAH,2024-08-14,000072137124000056,2024,11095,-0.0002113588777954663,-0.0033095898023972436
CAH,2025-08-12,000072137125000079,2025,9596,-5.8352230276251036e-05,-0.001386849558677538
CCL,2021-01-26,000081509721000027,2021,8409,-0.00022470259628165073,-0.0004156314837593112
CCL,2024-01-26,000081509724000011,2024,5529,0.0006802410521692428,0.00016597361259295716
CCL,2025-01-27,000081509725000007,2025,5137,-0.0006100148273051662,-0.0004802064585644916
CMG,2016-02-05,000105809016000058,2016,4719,0.0010292734816958553,0.00018699519088250703
CMG,2017-02-07,000105809017000009,2017,4356,-0.00027899364693471956,-0.0003961719889665367
CMG,2018-02-08,000105809018000018,2018,1139,-0.0006483167579386562,-0.0024661514383375327
CMG,2019-02-08,000105809019000007,2019,4608,-0.0005922249460164744,-0.00019646566510671249
CMG,2020-02-05,000105809020000010,2020,4017,-0.00011114419640762826,-0.0005335496703654218
CMG,2021-02-10,000105809021000010,2021,4449,-0.0001686969769865417,-0.0009705721825670445
CMG,2022-02-11,000105809022000011,2022,4479,-0.0005103485924367918,-0.0005254967569548207
CMG,2023-02-09,000105809023000010,2023,4562,-0.00029430891005599445,2.126965947148979e-05
CMG,2024-02-08,000156276224000023,2024,4255,-0.0003439880078919145,-0.0003342338879073673
CMG,2025-02-05,000105809025000014,2025,3436,-9.183137364742318e-05,-0.00036160297296715453
CNP,2016-02-26,000113031016000031,2016,17471,-3.998515247864424e-06,0.00026550734151906623
CNP,2017-02-28,000113031017000006,2017,13007,-0.0004590962151782312,0.0003179189941858528
CNP,2018-02-22,000113031018000003,2018,14288,-0.0005711917929489429,0.00015785597607132428
CNP,2019-02-28,000113031019000016,2019,17815,-0.0002714729936180996,0.0004698475717494463
CNP,2020-02-27,000113031020000016,2020,24987,4.5182474749949194e-05,0.0002537586577273836
CNP,2021-02-25,000113031021000009,2021,25493,-0.0005845728032667963,-0.00013280395209583094
CNP,2022-02-22,000113031022000023,2022,20460,-0.00031282812972813386,-0.00021347672232906368
CNP,2023-02-17,000113031023000013,2023,20045,-9.12773273395818e-05,-1.957359285833098e-05
CNP,2024-02-20,000113031024000010,2024,21468,-4.62505119757049e-05,0.00040000659494632973
CNP,2025-02-20,000113031025000040,2025,22354,-0.00010278069443850803,0.000574525364038631
COST,2018-10-26,000090983218000013,2018,5013,-0.00034181420329328647,-0.0004486189753117071
COST,2019-10-11,000090983219000019,2019,4100,-0.0002208228131301318,-0.0006746779214611297
COST,2020-10-07,000090983220000017,2020,4666,-0.00011619226138993716,-0.000204991692539621
COST,2021-10-06,000090983221000014,2021,4116,-0.0003982473054999354,-6.390846486242735e-05
COST,2022-10-05,000090983222000021,2022,3994,-0.0005004875306905027,-0.0008301860106175514
COST,2023-10-11,000090983223000042,2023,3858,-0.00019682324090028008,4.754637992591846e-05
COST,2024-10-09,000090983224000049,2024,3909,-0.00027504326366613395,-0.0001311513279779016
COST,2025-10-08,000090983225000101,2025,3782,-0.00019303386906447295,-0.0003921933115034878
CP,2016-02-29,000162828016011920,2016,14639,-0.0001353498403365998,-0.0010381409548090152
CP,2017-02-16,000001687517000015,2017,16146,-0.0004460170879469354,-0.0002881884891703055
CP,2018-02-16,000001687518000029,2018,16488,-0.0005131543424878605,-0.0007337592850893602
CP,2019-02-15,000001687519000017,2019,17675,-0.00036967167492057545,-0.0006700701302035844
CP,2020-02-20,000001687520000007,2020,17898,-5.312377453313451e-05,-0.0008348295468101647
CP,2021-02-18,000001687521000008,2021,19957,-0.0005030423161395386,-0.0005900366571748228
CP,2022-02-23,000001687522000010,2022,22102,-0.0005640325652134395,-0.0003792719790023545
CP,2023-02-24,000001687523000008,2023,16551,-0.00018118730468355781,0.00010127774720589755
CP,2024-02-27,000001687524000009,2024,17005,-0.00019654969158217962,-0.0004448212632629019
CP,2025-02-27,000001687525000008,2025,15043,0.0001356278596026809,-0.0002667295867372761
CPAY,2016-02-29,000119312516485752,2016,17675,4.1729633056250114e-05,-0.001004621957422947
CPAY,2017-03-01,000117545417000005,2017,17225,-8.076088525120687e-05,-0.0005341306612618046
CPAY,2018-03-01,000117545418000007,2018,18218,-0.000118820866666732,-0.00039454352800613216
CPAY,2019-03-01,000117545419000004,2019,19862,-4.9363715992935576e-05,-0.000595468837911323
CPAY,2020-03-02,000117545420000008,2020,15010,6.287263842995276e-05,-5.06520840262386e-05
CPAY,2021-02-26,000117545421000022,2021,14545,-9.885359353966658e-05,-0.0007134161807890594
CPAY,2022-03-01,000162828022004531,2022,11411,-0.00030110445675548636,-0.00019295944015978132
CPAY,2023-02-28,000162828023005444,2023,11741,-0.00015997265224841376,4.412737427090762e-05
CPAY,2024-02-29,000162828024008060,2024,12424,-0.0002065972532644136,-0.00026099537187627395
CPAY,2025-02-27,000162828025008746,2025,12370,-6.963072472961724e-05,-0.0006975894347111469
CPRT,2016-09-28,000090007516000081,2016,10840,-0.00013163428167165583,-0.0009157799509779297
CPRT,2017-09-28,000090007517000044,2017,11735,-0.0002645126753492876,-0.00017389704399617574
CPRT,2018-10-01,000090007518000048,2018,11575,-0.00027903880317220096,-0.00034548908005905263
CPRT,2019-09-30,000090007519000022,2019,10434,-0.0002801546959831855,-0.0005297445845756817
CPRT,2020-09-28,000090007520000021,2020,10979,-5.6476940608706415e-05,-0.0003734308955827811
CPRT,2021-09-27,000090007521000022,2021,7413,-0.00023655245703170887,-0.0008651052427501567
CPRT,2022-09-27,000090007522000050,2022,7513,-0.0003439546463675136,-0.0006866572172084424
CPRT,2023-09-28,000090007523000034,2023,6795,-0.0003495349242728645,9.396024329385021e-05
CPRT,2024-09-30,000090007524000024,2024,5974,-0.0003151159932748748,-0.0004539671365463352
CPRT,2025-09-26,000162828025042946,2025,5571,-0.0002112632009028022,-0.0004679252529850212
CQP,2016-02-19,000138365016000087,2016,7382,0.00012249876307371944,-0.0008166527803197136
CQP,2017-02-24,000138365017000011,2017,7416,-9.98550278525149e-05,0.00018564698034345922
CQP,2018-02-21,000138365018000005,2018,7794,-0.00018878697808006104,0.0001267104329077408
CQP,2019-02-26,000138365019000005,2019,7324,-0.00017623130425481178,-7.128699529318226e-05
CQP,2020-02-25,000138365020000006,2020,6900,-8.908775536830516e-05,2.3576904939070093e-05
CQP,2021-02-24,000138365021000005,2021,8929,-5.022940498751716e-05,0.0007963158628526054
CQP,2022-02-24,000138365022000005,2022,7291,-0.0005606671500309367,8.721126768162035e-06
CQP,2023-02-23,000138365023000008,2023,8157,-0.00012704066284215088,0.00044657928345403635
CQP,2024-02-22,000138365024000013,2024,7503,-0.00032161832933161094,0.0018271268934418178
CQP,2025-02-20,000138365025000007,2025,6075,-0.00019080784358343038,0.0004227968920895257
CSX,2016-02-10,000027794816000046,2016,11601,0.00011094216783700258,-0.0006874555341033375
CSX,2017-02-14,000027794817000009,2017,12564,-5.382603179942312e-05,0.00045200527790526445
CSX,2018-02-07,000027794818000009,2018,10345,-0.0003629714536931273,-0.00017152802996762569
CSX,2019-02-06,000027794819000011,2019,9818,-0.00029559022349177547,-0.0009450218525179107
CSX,2020-02-12,000027794820000008,2020,7742,2.5108423200652464e-05,-0.000256965189803903
CSX,2021-02-10,000027794821000014,2021,8477,-0.0003129925526658147,-0.00041645986025501793
CSX,2022-02-16,000027794822000009,2022,9683,-0.00038663907521560434,-0.00014936575385376423
CSX,2023-02-15,000027794823000006,2023,8349,-0.00019541518774797952,8.604077783601846e-05
CSX,2024-02-14,000027794824000010,2024,8067,-0.0004110806973145841,0.00023899676579436428
CSX,2025-02-27,000027794825000008,2025,8568,0.00010297948894223317,-0.0004556028588556344
CTAS,2016-07-29,000072325416000050,2016,7838,-7.247014091903778e-08,-0.0008975537434666202
CTAS,2017-07-31,000072325417000020,2017,8583,-0.00030248816882306003,-0.0005656139668971041
CTAS,2018-07-27,000072325418000015,2018,9017,-0.0003521663848320098,-0.000544940995333665
CTAS,2019-07-26,000072325419000021,2019,8774,-0.00032303569827698165,-0.0006444889812945554
CTAS,2020-07-29,000072325420000025,2020,8212,-5.093473991198899e-05,-0.0004887226760603854
CTAS,2021-07-28,000072325421000021,2021,6543,-0.00029137742264190135,-0.0010432533870306725
CTAS,2022-07-27,000072325422000019,2022,6355,-0.0003335160781035099,-0.0008494216356160632
CTAS,2023-07-27,000072325423000025,2023,5421,-0.00029975870989403566,4.1992929089402134e-05
CTAS,2024-07-25,000072325424000036,2024,5489,-0.0004512130299937284,-0.00010640159652315193
CTAS,2025-07-28,000072325425000017,2025,5471,-0.00015514489552514782,-0.0002476738895684569
DE,2016-12-19,000104746916017244,2016,8971,0.00016112474990593375,-0.0002228123361087367
DE,2017-12-18,000104746917007719,2017,8867,-0.00029804292781461197,0.00018611637861448645
DE,2018-12-17,000104746918007694,2018,8959,-0.0001993580084657591,0.0001502568351612112
DE,2019-12-19,000155837019011614,2019,8247,-4.4697759430866076e-05,-2.1527650005180715e-05
DE,2020-12-17,000155837020014436,2020,10065,0.0001099656171999386,0.00024949292845439174
DE,2021-12-16,000155837021016864,2021,11046,-0.00021677602460754697,-0.00023183018821717544
DE,2022-12-15,000155837022018703,2022,8421,-7.16313297509402e-05,0.00016343023559953576
DE,2023-12-15,000155837023019812,2023,6222,-0.00029156296327176496,0.00017864363497181897
DE,2024-12-12,000155837024016169,2024,6630,-0.00023851663799976194,-0.00037894006496281716
DE,2025-12-18,000110465925122321,2025,6488,0.0008006776953606038,0.0002845016943280739
DG,2016-03-22,000104746916011420,2016,8494,0.00011819333520986808,-0.00040120615787346856
DG,2017-03-24,000155837017002116,2017,9168,-0.0002671811412105135,-0.00036619478149694054
DG,2018-03-23,000155837018002366,2018,9604,-0.0003395293002224352,-0.00011572474448385211
DG,2019-03-22,000155837019002383,2019,8797,-0.00011764054178153683,0.00010808641620227027
DG,2020-03-19,000155837020002915,2020,8109,0.0002673391095423901,0.0005853493292664666
DG,2021-03-19,000155837021003245,2021,9235,-0.000577276514667578,-0.0002907599031628542
DG,2022-03-18,000155837022003921,2022,8566,-0.0005554742910647849,0.0003948589863855523
DG,2023-03-24,000155837023004574,2023,8929,-0.00032712039438864265,7.967201881080025e-05
DG,2024-03-25,000155837024003813,2024,8114,-0.00027978531099912663,-0.0002280910303916597
DG,2025-03-21,000155837025003413,2025,7707,0.00022913077348218005,-0.0004198202402326751
DOV,2016-02-12,000002990516000064,2016,12767,2.6535207691552893e-05,-0.0020051935849283997
DOV,2017-02-10,000002990517000011,2017,12798,-0.00031424762633879883,-0.0008670879734672266
DOV,2018-02-09,000002990518000013,2018,12141,-0.00024717348006130435,-0.0005666000594665681
DOV,2019-02-15,000002990519000019,2019,12441,-0.00034849927296007056,-0.0009116441423074387
DOV,2020-02-14,000002990520000011,2020,13280,-0.0002010872248129096,-0.000764258337370434
DOV,2021-02-12,000002990521000010,2021,14812,-0.00042177711459633993,-0.0010419858793824547
DOV,2022-02-11,000002990522000009,2022,12984,-0.0004159778786858815,-0.0008486624763578242
DOV,2023-02-10,000002990523000008,2023,12407,-0.0002918927441913599,-0.00010029093409507386
DOV,2024-02-09,000002990524000008,2024,8996,-0.0002637513544174249,-0.0005679754246342795
DOV,2025-02-14,000002990525000006,2025,10391,2.9892047365830202e-05,-0.0008657738625985022
DVN,2016-02-17,000119312516466687,2016,10820,-9.649094456414709e-05,-0.0015616929406178485
DVN,2017-02-15,000156459017001607,2017,10631,-0.0002455445350974033,-0.0009947228812855248
DVN,2018-02-21,000156459018002582,2018,9835,0.00028305298543097857,-0.0007611511484305045
DVN,2019-02-20,000156459019003382,2019,9961,-0.00037522690992411,-0.0020361802479000484
DVN,2020-02-19,000156459020005182,2020,8757,0.0002987154455992889,-0.0012675802764675105
DVN,2021-02-17,000156459021006239,2021,9258,-0.0007176841290597125,-0.0022053730033515717
DVN,2022-02-16,000156459022005321,2022,8314,-0.00019913461073747904,-0.0025190782881584174
DVN,2023-02-15,000095017023002852,2023,7954,0.0004373490640181253,0.00022213562090621518
DVN,2024-02-28,000095017024021781,2024,6617,-0.0006317114328740577,-0.0004315461827664457
DVN,2025-02-19,000095017025022844,2025,6579,0.00022944804610824633,-0.0014585178579801337
ECHO,2016-02-24,000110465916099355,2016,13395,1.2123653199064068e-05,-0.0013001856067872523
ECHO,2017-02-24,000141540417000010,2017,15222,-7.147806515623189e-05,0.00042066269865060474
ECHO,2018-02-22,000141540418000005,2018,13744,-0.00019624350283819098,-0.00022989794891533746
ECHO,2019-02-21,000141540419000003,2019,12986,-0.00010672223536917898,-0.0003965038487229317
ECHO,2020-02-20,000141540420000005,2020,11062,3.524504047439286e-05,-0.0001747305702014024
ECHO,2021-02-23,000141540421000005,2021,11746,-0.00041792480834345155,-0.0011918471620091862
ECHO,2022-02-24,000141540422000005,2022,10392,0.00018829517481180037,-0.0004510030403854312
ECHO,2023-02-23,000141540423000005,2023,9789,-0.0003066296683555239,0.00011472075278480862
ECHO,2024-02-29,000155837024002209,2024,21617,0.0006907317544215797,0.0013372213207666285
ECHO,2025-02-27,000155837025001663,2025,20258,3.8072424850309485e-05,1.5483095522511614e-06
ELV,2016-02-19,000115603916000018,2016,20944,-2.8794150368375977e-06,-0.0009627937527210874
ELV,2017-02-22,000115603917000002,2017,20956,-0.00030295696734711897,-2.7984989984235697e-05
ELV,2018-02-21,000115603918000003,2018,19354,-0.00033227720820928344,-7.092947913122195e-06
ELV,2019-02-20,000115603919000004,2019,16447,-0.000236667435820233,-0.0006221554312668419
ELV,2020-02-19,000115603920000003,2020,14607,-1.3370707420494541e-05,-7.553186341558701e-05
ELV,2021-02-18,000115603921000012,2021,17218,-0.00045818533347512165,-0.00046017909271154543
ELV,2022-02-16,000115603922000009,2022,15691,-0.00041010424827652147,-0.0006047593235278198
ELV,2023-02-15,000115603923000007,2023,16128,-0.00027348786826152945,9.55419273952877e-06
ELV,2024-02-21,000115603924000015,2024,13479,-0.00025553785263564884,-0.00012936117217952548
ELV,2025-02-20,000115603925000010,2025,13697,-0.00019087138582500452,-0.0009028739127563369
EMR,2016-11-16,000003260416000105,2016,9160,0.00012267546008119752,-0.0024733294691112015
EMR,2017-11-20,000003260417000046,2017,8542,-0.0002674033709113762,-0.0013911680376313279
EMR,2018-11-19,000003260418000044,2018,8434,-0.00021674208499610593,-0.00046030943335211277
EMR,2019-11-18,000003260419000048,2019,8037,-0.00015066520538825856,-0.0009860959466739699
EMR,2020-11-16,000003260420000041,2020,8918,-5.526263815229284e-05,-0.0005405661228202953
EMR,2021-11-15,000003260421000038,2021,7945,-0.0007566614241862701,-0.0004881154623341914
EMR,2022-11-14,000003260422000041,2022,9525,-0.0006689890230393647,-0.0007215549912913971
EMR,2023-11-13,000003260423000044,2023,9146,-0.0003271312585025021,8.91765481479824e-05
EMR,2024-11-12,000003260424000041,2024,8963,-0.00043667773956386393,-0.0005519548303290825
EMR,2025-11-10,000003260425000087,2025,8185,-0.00011358741647391928,-0.0009728295562871192
EPD,2016-02-26,000106121916000058,2016,22446,2.2660094857211634e-05,-4.5869288488852684e-05
EPD,2017-02-24,000106121917000008,2017,21073,-7.399413433182176e-05,7.75119069870105e-05
EPD,2018-02-28,000106121918000008,2018,22951,-0.0001729723380163517,0.00017952347443430834
EPD,2019-03-01,000106121919000007,2019,20174,-0.00013898416081152933,0.00022477626273620225
EPD,2020-02-28,000106121920000014,2020,21223,3.779060200207265e-07,0.00022508120306819393
EPD,2021-03-01,000106121921000009,2021,17302,-0.00022211989653151673,-9.005831321549018e-05
EPD,2022-02-28,000106121922000008,2022,3496,-0.0006784047780365413,-0.00017787971049554443
EPD,2023-02-28,000106121923000006,2023,16373,-0.00018168828095765005,-0.00018738063248663738
EPD,2024-02-28,000106121924000006,2024,16383,-5.93920677434458e-06,0.0004580624921713107
EPD,2025-02-28,000106121925000006,2025,15217,0.00021635586887537223,0.0003050481177194036
ES,2016-02-26,000007274116000063,2016,21807,-1.2477790045851417e-05,-0.0005139449651457884
ES,2017-02-23,000007274117000007,2017,15079,-0.00047010375966767234,-0.0010922355220976134
ES,2018-02-26,000007274118000028,2018,13920,-0.00026800583016384205,-0.00035194236864926427
ES,2019-02-26,000007274119000017,2019,16516,-0.00013594460065185268,-0.00043264941760760107
ES,2020-02-27,000007274120000008,2020,17404,7.825434948292447e-06,-9.45962561321219e-05
ES,2021-02-17,000007274121000005,2021,22052,-0.00026279516545443387,-0.0001868287002085068
ES,2022-02-17,000007274122000015,2022,22155,-0.000246506696652671,-0.00021216950808528577
ES,2023-02-15,000007274123000004,2023,21751,-0.00019602439593280032,-3.0000545518627792e-05
ES,2024-02-14,000007274124000005,2024,23754,-0.00018289253852210433,-4.960556398505985e-05
ES,2025-02-14,000007274125000007,2025,24791,-0.00023081224559831748,-0.00017660358738920843
ET,2016-02-29,000127618716000132,2016,22341,-1.8726547606548665e-05,-0.0011872537834513883
ET,2017-02-24,000127618717000023,2017,21198,-0.00011184797024404444,-3.383702794772757e-05
ET,2018-02-23,000127618718000011,2018,23082,-0.00013213431627809958,0.000246999544556635
ET,2019-02-22,000127618719000011,2019,26184,-0.0001929709092192261,-1.3145034406570607e-05
ET,2020-02-21,000127618720000011,2020,25679,3.557430137858702e-05,0.0007882492779369751
ET,2021-02-19,000127618721000034,2021,20837,-0.00019601168286458362,-0.0007612239290849031
ET,2022-02-18,000127618722000020,2022,19936,-0.00020657257817137124,0.00018295231720839272
ET,2023-02-17,000127618723000014,2023,14945,-0.00023743324343216494,0.00019118998384184822
ET,2024-02-16,000127618724000024,2024,15518,-0.0002502453973589465,7.93121428692294e-05
ET,2025-02-14,000127618725000018,2025,16005,-4.519455341402272e-05,0.00032509147383732724
EXPD,2016-02-25,000074651516000053,2016,7592,5.4664550199518016e-05,-0.0006849932176226244
EXPD,2017-02-23,000074651517000007,2017,7863,-0.0003380844781306344,-0.0007254102083916685
EXPD,2018-02-23,000074651518000004,2018,7191,-0.0003856089966408537,-4.555221748692075e-05
EXPD,2019-02-22,000074651519000004,2019,7331,-0.00029697079033867,6.146345891032348e-05
EXPD,2020-02-21,000156459020005719,2020,7057,7.971684974872076e-06,-0.0004939363124836358
EXPD,2021-02-19,000156459021006925,2021,7351,-0.00020902954471743544,0.0002797110316676597
EXPD,2022-03-15,000156459022010381,2022,6909,-2.5884686280965397e-05,-0.0007807801536003477
EXPD,2023-03-01,000095017023005412,2023,6803,-0.00010479822922737831,-0.00019250552284836835
EXPD,2024-02-23,000095017024019394,2024,6351,-0.0001514019755929767,0.0013514834801442526
EXPD,2025-02-21,000095017025024750,2025,6265,-1.673871358297857e-05,-0.00018101220552418223
EXR,2016-02-29,000119312516485633,2016,10539,0.000156956220623421,-0.0007097187795975124
EXR,2017-02-27,000162828017001815,2017,10666,-9.877312580288746e-05,-0.00011680003335207061
EXR,2018-03-01,000162828018002649,2018,7106,-0.00027063587818573054,6.774759163323901e-05
EXR,2019-02-26,000162828019001968,2019,6307,-0.00036791482164265403,-0.00030225285803917224
EXR,2020-02-25,000162828020002202,2020,4759,4.30585990363253e-05,-1.329884062596827e-05
EXR,2021-02-26,000162828021003458,2021,4825,-0.00026130151791249303,0.00011754857626301024
EXR,2022-02-28,000162828022004274,2022,5079,-0.00029680376228806833,-0.00017190444053790643
EXR,2023-02-28,000162828023005628,2023,5093,-0.00017124311836748095,7.300715808973535e-05
EXR,2024-02-29,000162828024008044,2024,4967,-0.00023578624994629048,-7.734423832583533e-05
EXR,2025-02-28,000162828025009060,2025,5503,3.378132884265245e-05,-0.00017391102239183915
FAST,2016-02-05,000081555616000087,2016,10097,-0.0002343503103719023,0.00032963300144614975
FAST,2017-02-06,000081555617000009,2017,11119,-0.00021414486702238655,-9.590582689587795e-05
FAST,2018-02-05,000081555618000010,2018,7352,-0.00044074283001684257,-0.00019278056205325263
FAST,2019-02-06,000081555619000015,2019,7427,-0.0002116178202553557,0.00018571715483561174
FAST,2020-02-06,000081555620000011,2020,7661,0.00015386572036027698,0.00020477879937741406
FAST,2021-02-08,000081555621000008,2021,8713,-0.0006934104023154124,-0.000955215577317471
FAST,2022-02-07,000081555622000009,2022,9662,-0.0005727624025970283,-0.0006065918621153274
FAST,2023-02-07,000081555623000009,2023,10285,-0.00017075051274389585,0.0019161350207826675
FAST,2024-02-06,000081555624000009,2024,9222,-0.0005458514675683176,-0.00010650860181786136
FAST,2025-02-06,000081555625000065,2025,9515,-0.0007279086889184577,-0.000502718741374735
FCX,2016-02-26,000083125916000062,2016,21974,-8.791341102122687e-06,-0.0005287916400813183
FCX,2017-02-24,000083125917000012,2017,19398,-5.2709361330411385e-05,0.0024735361220742337
FCX,2018-02-20,000083125918000008,2018,15757,-3.634645552736784e-05,0.0012188145989334392
FCX,2019-02-15,000083125919000009,2019,15300,-6.730871225735203e-05,0.0006007932612706654
FCX,2020-02-14,000083125920000004,2020,13956,4.1130889703249124e-05,0.002050997504185798
FCX,2021-02-16,000083125921000009,2021,14794,-1.7885889775410956e-05,0.000461633451607499
FCX,2022-02-15,000083125922000009,2022,14828,-0.00018200375396097641,0.0009033856271989548
FCX,2023-02-15,000083125923000013,2023,15710,-0.00011867507848622838,0.00021067879426179574
FCX,2024-02-16,000083125924000011,2024,14798,-1.6829846386635607e-06,0.0007847903035385098
FCX,2025-02-14,000083125925000006,2025,14338,0.00044369089938929573,0.0010634501271906583
FDX,2021-07-19,000156459021037031,2021,3416,-0.0008341836948045659,0.006352578072442331
FDX,2022-07-18,000095017022012762,2022,13280,0.00016768634334043988,0.0005704471910246908
FDX,2023-07-17,000095017023033201,2023,13153,-0.00022719199896048152,0.00020275674611053385
FDX,2024-07-15,000095017024083577,2024,13179,-0.0003126500698021763,0.0004958289581577883
FDX,2025-07-21,000104891125000011,2025,902,-0.0005286698978055734,-0.005413840471397423
FIX,2016-02-23,000104746916010332,2016,10298,0.0001731432764061451,0.0033604227054755053
FIX,2017-02-23,000155837017000882,2017,10433,-0.00017170245838085048,0.003016088129132087
FIX,2018-02-22,000155837018000936,2018,10133,7.886198078637741e-05,0.0043690413553317785
FIX,2019-02-21,000155837019000857,2019,10515,9.441611965642466e-05,0.00372817243745022
FIX,2020-02-26,000155837020001491,2020,9494,0.00021279419392913318,0.004178600842136157
FIX,2021-02-25,000155837021001828,2021,10123,7.829970011728385e-05,0.0037448636225558968
FIX,2022-02-23,000155837022001753,2022,9511,0.0002816439819008888,0.004760226016201238
FIX,2023-02-22,000155837023001757,2023,7449,0.00040119030778983474,7.772663020829068e-05
FIX,2024-02-22,000155837024001529,2024,7563,-5.3272030083186824e-05,0.003637306006356962
FIX,2025-02-20,000155837025001222,2025,6993,0.0006590017567308005,0.00429665454183476
HEI,2016-12-15,000004661916000162,2016,8161,-5.238389562911839e-05,-0.000602864879937383
HEI,2017-12-21,000004661917000085,2017,8448,-0.0002567489567403446,-0.00019580192272533194
HEI,2018-12-20,000004661918000117,2018,8657,-0.0002975106078862045,-6.388337837741349e-05
HEI,2019-12-19,000004661919000095,2019,5707,-0.00023956824626629648,-0.00035449768306749943
HEI,2020-12-23,000004661920000078,2020,6611,-0.00020399882966735218,6.62006803591564e-05
HEI,2021-12-21,000004661921000085,2021,5902,-0.0005414778919430159,-0.0005734970761421647
HEI,2022-12-21,000004661922000066,2022,5859,-0.0006344356925385081,-0.0005311592765014766
HEI,2023-12-20,000004661923000163,2023,6916,-0.0002807236425644499,-6.786024404237358e-05
HEI,2024-12-19,000004661924000111,2024,6329,-9.472116724723564e-05,-0.00031372591134096894
HEI,2025-12-22,000004661925000082,2025,5968,-3.9835320742199314e-05,-0.00029895424544831216
HLT,2016-02-26,000158568916000161,2016,13250,-5.9373487594143476e-05,-0.0005487794272279016
HLT,2017-02-15,000158568917000038,2017,12835,-3.774009455589976e-05,0.0002947450015007193
HLT,2018-02-14,000158568918000033,2018,9876,-0.00019124992109188776,0.0007614705286233097
HLT,2019-02-13,000158568919000034,2019,9188,-0.00024485015591194895,0.0004887769477412461
HLT,2020-02-11,000158568920000013,2020,8454,1.3507307178171748e-05,0.0006001992143545705
HLT,2021-02-17,000158568921000016,2021,11357,-0.00018753802100702336,-0.0008161938770198468
HLT,2022-02-16,000158568922000013,2022,11376,2.352128735644295e-05,0.0009146463952202183
HLT,2023-02-09,000158568923000036,2023,9602,-0.0003303712418551191,-9.925768137643512e-07
HLT,2024-02-07,000158568924000027,2024,9644,-0.00010676894895587485,0.0006336177966223252
HLT,2025-02-06,000158568925000008,2025,9766,-1.7805690523181203e-05,-9.962221112750918e-05
HPQ,2016-12-15,000004721716000093,2016,10866,3.2341537205739115e-06,-0.001913424902894032
HPQ,2017-12-14,000004721717000043,2017,10278,-0.00032470105982099396,-0.0008129553752375117
HPQ,2018-12-13,000004721718000052,2018,10847,-0.0003140568887487303,-0.0004233582610465332
HPQ,2019-12-12,000004721719000071,2019,10316,-0.00013626079783025076,-0.0006397436179751089
HPQ,2020-12-10,000004721720000045,2020,11030,8.60054651624969e-05,-0.00043095133347279875
HPQ,2021-12-09,000004721721000060,2021,9396,-0.0005146643317872765,-0.0008498925235602975
HPQ,2022-12-06,000004721722000068,2022,10208,-0.00040633070504695864,-0.001027497051807921
HPQ,2023-12-18,000004721723000100,2023,7449,-0.0003125114460601729,6.063217909756718e-05
HPQ,2024-12-13,000004721724000080,2024,6418,-0.0008014561167742457,-0.000636236075974888
HPQ,2025-12-10,000004721725000071,2025,6180,-7.36171150901481e-05,-0.001153000374240295
HUBB,2016-02-18,000162828016011342,2016,10844,-0.00013353074008199406,-0.001805786824009924
HUBB,2017-02-16,000162828017001423,2017,11168,-0.0002502044022536457,-0.0011276109840201907
HUBB,2018-02-15,000162828018001740,2018,12694,-0.0003006895611344269,-0.0007503670206565279
HUBB,2019-02-15,000162828019001446,2019,11185,-0.00021706780818441957,-0.0010346319897817566
HUBB,2020-02-14,000162828020001557,2020,11105,3.229982197877016e-05,-0.000516292668883206
HUBB,2021-02-11,000162828021001868,2021,12211,-0.00026980361603850644,-0.0011210572476282774
HUBB,2022-02-11,000162828022002255,2022,13377,-0.00023692270529101166,-0.0010245769507913733
HUBB,2023-02-09,000162828023002875,2023,10788,-0.00016096041182082847,7.15314894481261e-05
HUBB,2024-02-08,000162828024003792,2024,11224,-0.00024376955398565614,-0.0005956098612384783
HUBB,2025-02-13,000162828025005311,2025,10803,6.635207615134932e-05,-0.0007977413572599732
IDXX,2016-02-17,000087471616000020,2016,21271,0.00010240890592669966,-0.0005649681453577115
IDXX,2017-02-17,000087471617000004,2017,21837,-0.00021004406713036788,-0.00025338130609501636
IDXX,2018-02-16,000087471618000005,2018,20437,-0.0003363896223955629,-9.746288206968899e-05
IDXX,2019-02-15,000087471619000004,2019,18572,-0.00018648303722833558,-7.588917673502611e-05
IDXX,2020-02-14,000087471620000006,2020,14975,0.00015930203215497058,0.0004748578601683071
IDXX,2021-02-12,000087471621000008,2021,14255,-0.0006669345314962306,-0.00030248953216420335
IDXX,2022-02-16,000087471622000007,2022,14329,-0.00043657775802611725,-0.00016268999731993937
IDXX,2023-02-16,000087471623000006,2023,12810,-0.00023476697177120395,4.761716417437087e-05
IDXX,2024-02-22,000087471624000057,2024,11493,-0.0004338184612124401,0.0004818689053161794
IDXX,2025-02-21,000087471625000037,2025,11155,-0.00015385517027608565,-0.00031320697925524683
IQV,2016-02-11,000156459016012629,2016,11870,-0.00013204783660145954,-0.0010329901089485935
IQV,2017-02-16,000119312517046709,2017,12586,-0.0002862714083815712,-0.0005718273938687465
IQV,2018-02-16,000156459018002340,2018,12270,-0.0003646202134861973,-0.0004148189159558817
IQV,2019-02-19,000156459019003180,2019,11389,-0.00021753681892661204,-0.000870963680003496
IQV,2020-02-18,000156459020004901,2020,6230,-0.00013657961156782544,-0.0006352184266396812
IQV,2021-02-12,000147824221000020,2021,6467,-0.00048368529937367627,-0.000766716861069518
IQV,2022-02-16,000147824222000041,2022,6547,-0.0005683496593349541,-0.0006385480545466114
IQV,2023-02-15,000147824223000044,2023,6298,-0.0002645390867955543,3.8376200111639776e-05
IQV,2024-02-15,000147824224000038,2024,8069,-0.00037490409371014323,-0.0003209282575519
IQV,2025-02-13,000147824225000045,2025,7289,-0.00021596466339391136,-0.0003960597311979153
ITW,2016-02-12,000004982616000151,2016,9430,-0.0001775959601316865,-0.001154515410703234
ITW,2017-02-10,000004982617000022,2017,9751,-0.0003513869864583162,-0.000523182849756436
ITW,2018-02-15,000004982618000017,2018,10129,-0.0006425384624745773,8.994507759527544e-05
ITW,2019-02-15,000004982619000021,2019,9926,-0.0004485409497210351,-0.0004875213893169985
ITW,2020-02-14,000004982620000020,2020,9020,8.315799343037871e-05,-0.0008097205482686537
ITW,2021-02-12,000004982621000007,2021,9816,-0.0005335849711827764,-0.0012760537271806476
ITW,2022-02-11,000004982622000006,2022,10337,-0.0007015437338922854,-0.0008373711724361988
ITW,2023-02-10,000004982623000008,2023,10859,-0.0005324304402244636,4.092868939743354e-05
ITW,2024-02-09,000004982624000008,2024,11212,-0.000519671773526652,-0.0007103169009462175
ITW,2025-02-14,000004982625000007,2025,11549,-1.9255448673121528e-05,-0.001033440467280661
KEYS,2016-12-19,000160104616000077,2016,10535,6.177270553300038e-06,-0.00099657713960933
KEYS,2017-12-20,000160104617000033,2017,11463,-9.676345393363732e-05,-0.0004132395866383432
KEYS,2018-12-18,000160104618000030,2018,12003,-0.0002349564478156921,-0.00042011447982502116
KEYS,2019-12-18,000160104619000110,2019,11110,-0.00023808011305029894,-0.0007865595290563607
KEYS,2020-12-17,000160104620000154,2020,11375,3.025260070886068e-05,-0.000732354074969588
KEYS,2021-12-17,000160104621000197,2021,10359,-0.0004453706973084566,-0.0008434773286807551
KEYS,2022-12-15,000160104622000161,2022,10141,-0.0004070868357924766,-0.00042758554973869675
KEYS,2023-12-15,000160104623000134,2023,10168,-0.0003912691226871817,-2.501260959200711e-06
KEYS,2024-12-17,000160104624000159,2024,11138,-0.0003254018410319331,-9.785546249600306e-05
KEYS,2025-12-17,000160104625000127,2025,10997,0.0001205204417831066,-0.0005524921947547261
KHC,2016-03-03,000163745916000100,2016,12759,-3.314778681600292e-05,-0.0015380696008661632
KHC,2017-02-23,000163745917000007,2017,12012,-0.0003443292617948463,-0.0007221359819462419
KHC,2018-02-16,000163745918000015,2018,12487,-0.00023772262926054116,-0.00022882208772551189
KHC,2019-06-07,000163745919000049,2019,12754,-0.0002664404884435294,-0.0013154852915976672
KHC,2020-02-14,000163745920000027,2020,9484,4.728818652352495e-05,-0.00027859087768905344
KHC,2021-02-17,000163745921000009,2021,11001,-0.00018606294667088255,-0.0008937556886212076
KHC,2022-02-17,000163745922000018,2022,11556,-0.0002229040787348292,-0.0009659677372427206
KHC,2023-02-16,000163745923000009,2023,10501,-0.00017928342190000365,0.00026889266420259376
KHC,2024-02-15,000163745924000018,2024,9862,-0.0002106124603558597,-0.0005963055039821277
KHC,2025-02-13,000163745925000011,2025,12185,3.873354455731788e-05,-0.0010618269507069874
KKR,2016-02-26,000140491216000009,2016,34535,-3.458497469268688e-05,-0.0014449650671287486
KKR,2017-02-24,000140491217000005,2017,37762,-0.00018419038824842994,-0.0007169203389360586
KKR,2018-02-23,000140491218000005,2018,36569,-0.00034354765945965635,-0.0010130125174251253
KKR,2019-02-15,000140491219000006,2019,31270,-0.000248344042493537,-0.0008541585880453981
KKR,2020-02-18,000140491220000006,2020,24006,8.372868699152245e-05,-0.0008224650890351678
KKR,2021-02-19,000140491221000008,2021,24950,-0.00039953043589129755,-0.0010729359800871125
KKR,2022-02-28,000140491222000004,2022,36754,-0.00034292316872583574,-0.0003809152399669546
KKR,2023-02-27,000140491223000005,2023,39691,-0.0002612090533653845,-0.00015553040480132508
KKR,2024-02-29,000140491224000005,2024,40578,-0.00026341584156878436,-0.00027730153021992144
KKR,2025-02-28,000140491225000015,2025,38528,-6.64202986710292e-05,-0.0004614269440287737
KMI,2016-02-16,000150630716000072,2016,15410,3.980248461816726e-05,-0.0014146758257749027
KMI,2017-02-10,000150630717000008,2017,14598,4.384398405752067e-05,0.00030160348283073975
KMI,2018-02-09,000150630718000010,2018,17071,8.268642663186706e-05,-4.418694653523064e-06
KMI,2019-02-08,000150630719000033,2019,16354,3.885505189904694e-06,-0.0004306937820483852
KMI,2020-02-12,000150630720000022,2020,12518,0.00016989837555317401,-0.000121947004238065
KMI,2021-02-05,000150630721000022,2021,13464,-4.1460506207784036e-05,-0.0005373043126215844
KMI,2022-02-07,000150630722000018,2022,12455,1.8746205806530678e-07,-0.0004184391919597399
KMI,2023-02-08,000150630723000023,2023,10119,-0.00012261248225155761,0.0001503453828552776
KMI,2024-02-20,000150630724000011,2024,11349,-0.0002470137187659337,-0.00012571390351395596
KMI,2025-02-13,000150630725000008,2025,10592,2.1734573015367302e-05,-0.00028238544638005126
LNG,2016-02-19,000000357016000284,2016,11639,3.931128128494499e-05,-0.0007391927101481885
LNG,2017-02-24,000000357017000052,2017,13034,-0.00013631616116862655,0.00019392106202412076
LNG,2018-02-21,000000357018000031,2018,13886,-0.0002217680327181767,0.00012262549464135968
LNG,2019-02-26,000000357019000030,2019,13218,-0.0001980663000580683,-0.0002671597379427368
LNG,2020-02-25,000000357020000043,2020,13329,-0.00012798612174310056,-9.722651665055312e-06
LNG,2021-02-24,000000357021000039,2021,15262,-7.51598295437382e-05,0.00045094352412842733
LNG,2022-02-24,000000357022000024,2022,16791,-0.0005523061474242434,-0.00043687127853205666
LNG,2023-02-23,000000357023000042,2023,10140,-0.0002717960444477955,0.0003000157975593154
LNG,2024-02-22,000000357024000040,2024,9203,-0.0004054857579505116,0.0008109372615571493
LNG,2025-02-20,000000357025000033,2025,8168,-0.0002482774205230704,-0.00019820665441418862
LRCX,2016-08-17,000070754916000050,2016,8038,2.3591789579458658e-05,-0.0014187204067855088
LRCX,2017-08-15,000070754917000100,2017,7220,-0.00021765314650447709,-0.00015889002721861898
LRCX,2018-08-14,000070754918000115,2018,7661,-0.0002838155743526975,1.1550224523519498e-05
LRCX,2019-08-20,000070754919000124,2019,7032,-0.00021596772384939813,-0.0005136613526238637
LRCX,2020-08-18,000070754920000138,2020,7162,8.687486779842302e-06,-0.00024189002315953392
LRCX,2021-08-17,000070754921000136,2021,6991,-0.0002749225757465169,-0.0006257213061323225
LRCX,2022-08-24,000070754922000107,2022,5151,-0.00041451971163647335,-0.0008022242225560519
LRCX,2023-08-15,000070754923000102,2023,5363,-0.0003640518755070278,1.5210954101645963e-05
LRCX,2024-08-29,000070754924000106,2024,4098,-0.0004130835384546626,-0.00022534090202540688
LRCX,2025-08-11,000070754925000075,2025,4278,-0.00026265750544243965,-0.00022328679812221695
LVS,2016-02-26,000130051416000023,2016,11289,-2.0314410681503082e-05,-0.0006357792384541468
LVS,2017-02-24,000130051417000005,2017,11273,-0.00016228885011175341,5.519861488515668e-05
LVS,2018-02-23,000130051418000022,2018,11322,-8.383653392569045e-06,0.0004974297472342571
LVS,2019-02-22,000130051419000021,2019,11758,-0.00018087971148756914,0.00012956429997685077
LVS,2020-02-07,000130051420000011,2020,9403,2.746035736789752e-06,0.0003952794573240353
LVS,2021-02-05,000130051421000033,2021,11483,-0.00012174486424591403,0.000724428051321986
LVS,2022-02-04,000130051422000007,2022,12225,-0.0001645145719694226,-9.659011514027406e-05
LVS,2023-02-03,000130051423000021,2023,12940,-2.2075258646635123e-05,0.00021698828419849432
LVS,2024-02-07,000130051424000048,2024,11070,-0.00032036136005368074,0.0004295415713313701
LVS,2025-02-07,000130051425000040,2025,11169,0.00022248984803366884,0.0008285787171051805
LYV,2016-02-25,000133525816000167,2016,15747,8.819461078339415e-05,-0.0008744978785356573
LYV,2017-02-23,000133525817000031,2017,12481,-0.0002950927386395581,4.117033632557088e-05
LYV,2018-02-27,000133525818000023,2018,13167,-0.00022614015143297998,0.0004605941793708578
LYV,2019-02-28,000133525819000024,2019,12667,-0.0003647297821103047,-0.0005946313991751467
LYV,2020-02-27,000133525820000028,2020,11532,8.616362296497385e-05,-0.0002005015283986279
LYV,2021-03-01,000133525821000009,2021,9483,-0.00031407195052998135,-0.0002824467661920672
LYV,2022-02-23,000133525822000019,2022,10308,-0.0007135247654325617,-0.0006774349601338168
LYV,2023-02-23,000133525823000014,2023,8676,1.845097962431473e-06,2.948809709153514e-05
LYV,2024-02-22,000133525824000017,2024,8326,-0.0003744443485103194,-0.0002171726166834309
LYV,2025-02-21,000133525825000028,2025,8573,7.463000537219174e-05,-0.00011007088781499732
MDLZ,2016-02-19,000119312516469394,2016,16712,-0.0001817709463418128,-0.0027759349747684243
MDLZ,2017-02-24,000119312517055858,2017,18749,-0.00033747794121739735,-0.0013140509570571592
MDLZ,2018-02-09,000119312518037332,2018,18180,-0.00029851274822785166,-0.0006753625418472756
MDLZ,2019-02-08,000110398219000005,2019,16532,-0.00039347864871003605,-0.0014943555459433107
MDLZ,2020-02-07,000110398220000003,2020,15929,-0.00020238221694162702,-0.0011117934164200842
MDLZ,2021-02-05,000110398221000004,2021,18727,-0.00038667146834652015,-0.00113318352037999
MDLZ,2022-02-04,000110398222000003,2022,19455,-0.0007875174730067857,-0.0014843083286517364
MDLZ,2023-02-03,000110398223000006,2023,16079,-0.0006886844225842918,0.00011506038727119975
MDLZ,2024-02-02,000110398224000019,2024,14562,-0.0007327123495807926,-0.001069311991561305
MDLZ,2025-02-05,000110398225000030,2025,15331,-0.00031399327828169395,-0.0016523603183825626
MELI,2016-02-26,000156276216000352,2016,18940,-4.2102110439665155e-05,-0.0005071366074439266
MELI,2017-02-24,000156276217000024,2017,16122,-0.00018737171023131346,0.00012305605913899518
MELI,2018-02-23,000156276218000040,2018,16674,-0.00010404665575603271,-1.0474631643264096e-05
MELI,2019-02-28,000156276219000047,2019,14511,-0.00010327163777700162,-0.0003254332969780102
MELI,2020-02-14,000156276220000055,2020,10502,0.0001497411934008556,-0.00012600593453184828
MELI,2021-03-01,000156276221000079,2021,12645,8.050721545752395e-05,0.00077010556781195
MELI,2022-02-23,000156276222000049,2022,12164,-0.0003208688258132681,-0.0007370279900642758
MELI,2023-02-24,000109959023000007,2023,12295,-0.00036633537844244304,0.00021478660807816197
MELI,2024-02-23,000109959024000008,2024,12597,-0.00032931794339148817,0.00041424587863322037
MELI,2025-02-21,000109959025000007,2025,13747,0.00010240724286530242,0.0005522855408170071
MLM,2020-02-21,000156459020005784,2020,19256,2.8992718795032975e-05,9.112262588004717e-05
MLM,2021-02-19,000156459021006959,2021,18871,-0.0004930066269067118,-0.0001279213198939723
MLM,2022-02-22,000156459022005965,2022,18906,-0.0006151099316961263,9.994360104280235e-05
MLM,2023-02-24,000095017023004361,2023,3741,-3.726426157559777e-05,0.0010114847144454234
MLM,2024-02-23,000095017024019275,2024,15542,-0.00018801821152490903,-0.0001372550553556327
MLM,2025-02-21,000095017025024770,2025,5707,0.00035055243984588884,0.00022055177337126051
MNST,2016-02-29,000110465916100960,2016,14080,0.0002300945702217418,-0.001268959715833649
MNST,2017-03-01,000110465917013048,2017,14368,-0.000218599500798768,-0.002686528049111697
MNST,2018-03-01,000110465918014057,2018,14388,-0.00011594262854472333,0.0004387219817530745
MNST,2019-02-28,000110465919011581,2019,13422,-0.00018886317811705813,-0.001177008280026466
MNST,2020-02-28,000110465920027209,2020,13457,-0.00010543311387082182,-0.0024421360500637554
MNST,2021-03-01,000110465921029943,2021,15157,-0.00041766549763256494,-0.0012190664765813594
MNST,2022-02-28,000110465922028182,2022,11728,-0.0005382737136052859,-0.0015356807507777746
MNST,2023-03-01,000110465923027245,2023,12085,-0.00029191188793516263,-1.166928322996786e-05
MNST,2024-02-29,000110465924029425,2024,11784,-0.00043306529746108295,-0.0009568196473070096
MNST,2025-02-28,000141057825000248,2025,11833,-0.00010563566687861883,-0.002515186891999189
MO,2016-02-25,000076418016000128,2016,17880,2.9615296728719412e-05,0.00017070146886043365
MO,2017-02-27,000076418017000028,2017,18549,-0.0001202248965480119,-0.00024580544320913463
MO,2018-02-27,000076418018000028,2018,18687,-0.00011193675042105534,0.00010091389140371804
MO,2019-02-26,000076418019000023,2019,19410,-6.9010410777983e-05,-0.0005344051318333786
MO,2020-02-25,000076418020000018,2020,21064,3.0515812755746986e-05,-5.494743182022975e-05
MO,2021-02-26,000076418021000037,2021,24997,-0.00011837872863562144,0.00043151422600501833
MO,2022-02-25,000076418022000019,2022,22687,-0.00035830391530761857,-0.0007176962779228555
MO,2023-02-27,000076418023000020,2023,21401,-0.0001949276200160909,0.00025483305093964903
MO,2024-02-27,000076418024000018,2024,21211,-0.00023625191979723215,0.004189224731390746
MO,2025-02-26,000076418025000019,2025,22676,-8.156379991461037e-05,0.0009986250437961912
MSCI,2016-02-26,000119312516482334,2016,12004,-7.74871340075291e-05,-0.0009642763714286907
MSCI,2017-02-24,000156459017002336,2017,12231,-0.00023218254993460132,-0.0007928621192937143
MSCI,2018-02-26,000156459018003147,2018,13128,-0.000354949895274672,-0.0007490781427352674
MSCI,2019-02-22,000156459019003885,2019,12285,-0.00023998790165826567,-0.0006298041388278969
MSCI,2020-02-18,000156459020004992,2020,8759,-2.8042285820674535e-05,-0.0008765470666963163
MSCI,2021-02-12,000156459021005811,2021,8759,-0.00042678169979888214,-0.0006461649894423032
MSCI,2022-02-11,000156459022004803,2022,11257,-0.00041952020080423386,-0.000990461033947739
MSCI,2023-02-10,000140819823000011,2023,9311,-0.000419564602955551,-2.910729680659743e-05
MSCI,2024-02-09,000140819824000030,2024,9598,-0.0003552417933838767,-0.0006401363728170886
MSCI,2025-02-07,000140819825000053,2025,9983,-6.320012009376947e-05,-0.0007431062493037966
MTD,2016-02-04,000103764616000043,2016,8369,0.00018822794549608633,-0.0007364374715588516
MTD,2017-02-02,000103764617000004,2017,7854,-0.00013411047795965623,-0.0006667002956184038
MTD,2018-02-09,000103764618000006,2018,8353,-0.0004499062064652132,-0.00010319128685858244
MTD,2019-02-08,000103764619000010,2019,8127,-0.000461715906608079,-0.00047779065312613474
MTD,2020-02-07,000103764620000005,2020,8364,-6.471483882848878e-05,-4.901457332791379e-05
MTD,2021-02-08,000103764621000008,2021,8552,-0.0004353557192085441,-0.00012040384278194561
MTD,2022-02-11,000103764622000008,2022,7703,-0.0007546294052900565,-0.000339689373398987
MTD,2023-02-10,000103764623000005,2023,7645,-0.0006645027203117417,-0.00010861711707144634
MTD,2024-02-09,000103764624000007,2024,7469,-0.0007284117291932131,-2.3775033993617622e-05
MTD,2025-02-07,000103764625000012,2025,7332,-0.00023767386762626596,-0.0003556783351228091
NKE,2016-07-21,000032018716000336,2016,16013,-0.00011668020963114037,-0.0008533123083278724
NKE,2017-07-20,000032018717000090,2017,14856,-0.0003973788937270403,-0.00035164454521513256
NKE,2018-07-25,000032018718000142,2018,13106,-0.00045066317094015826,-0.00038443386157434485
NKE,2019-07-23,000032018719000051,2019,10567,-0.00021095953232617404,-0.0005242876890551588
NKE,2020-07-24,000032018720000047,2020,13103,3.9750209515936586e-05,-0.0005758497964793092
NKE,2021-07-20,000032018721000028,2021,12584,-0.0006059815967527639,-0.0003559228292816529
NKE,2022-07-21,000032018722000038,2022,11740,-0.0004071741774180998,-0.00021377807629830678
NKE,2023-07-20,000032018723000039,2023,9824,-0.00033822278176071736,2.818515750624546e-05
NKE,2024-07-25,000032018724000044,2024,9428,-0.0002178895284975965,-0.0004162958085952498
NKE,2025-07-17,000032018725000047,2025,8647,-1.766986059442617e-05,-0.0006697463702898557
NTAP,2016-06-22,000156459016020754,2016,11344,6.287822739091221e-05,-0.0002420075740630693
NTAP,2017-06-20,000156459017012758,2017,11775,-0.00021326829850815747,0.0001778358188652237
NTAP,2018-06-19,000156459018015820,2018,12129,-6.692212755623426e-05,0.0003629765967149355
NTAP,2019-06-18,000156459019022779,2019,11527,-2.4905093069611716e-05,0.00013063566117583312
NTAP,2020-06-15,000156459020029349,2020,11068,0.00010779783086288241,9.905478152756988e-05
NTAP,2021-06-21,000156459021033645,2021,10105,-0.0005103513418677387,-0.0002121473867568857
NTAP,2022-06-16,000095017022011708,2022,9459,-0.0003039631097871014,-9.087814719336987e-06
NTAP,2023-06-14,000095017023027948,2023,9469,-0.000267684790220475,-2.0595187870975906e-05
NTAP,2024-06-10,000095017024071327,2024,8765,-0.0001878257952217946,0.0002326238887375962
NTAP,2025-06-09,000095017025083705,2025,8069,-0.00013039339227001353,-0.0003373684061578774
NUE,2020-02-28,000156459020007794,2020,9844,0.00016545590926046527,-0.00023483364798205613
NUE,2021-02-26,000156459021009503,2021,11023,-0.000927106874021808,-0.0006390976910464264
NUE,2022-02-28,000156459022007679,2022,9453,-0.0004096714761735531,-0.001018481870572542
NUE,2023-03-01,000156459023002793,2023,9368,-0.00039901261306032854,0.0003286570062925034
NUE,2024-02-27,000095017024021195,2024,8136,-0.000297686406466283,1.3999854614625242e-05
NUE,2025-02-27,000095017025028427,2025,7926,-0.00028508372347108284,-0.00034654059970587713
O,2016-02-11,000110465916095923,2016,8944,-0.00011940274616810829,-0.0012651691104063646
O,2017-02-23,000110465917011170,2017,8798,-0.00035626916352332686,-0.0009635475713621158
O,2018-02-22,000110465918011376,2018,8585,-0.0004823278157509228,-0.0009214137578811493
O,2019-02-22,000072672819000038,2019,8744,-0.00036402672481144707,-0.0007579169335694563
O,2020-02-24,000072672820000033,2020,8907,-0.0001544781973255449,-0.0003062659779646821
O,2021-02-23,000072672821000043,2021,10391,-0.00036701390987401366,-0.0013742825133694482
O,2022-02-23,000072672822000046,2022,12255,-0.00045417129978865973,-0.0008766002043521658
O,2023-02-22,000072672823000044,2023,11007,-0.00025337296425970656,-2.9401776094004734e-05
O,2024-02-21,000072672824000047,2024,9358,-0.000390921634671439,-0.0011736518272469387
O,2025-02-25,000072672825000055,2025,9454,-0.00029996893462960685,-0.0010441583471592758
ODFL,2016-02-29,000087892716000055,2016,6044,-0.00010360925825274856,-0.0005462347722954808
ODFL,2017-02-27,000087892717000005,2017,5743,-0.00014519550736342008,-3.248323275882677e-05
ODFL,2018-02-27,000087892718000005,2018,5859,-0.00030565612422275097,-0.0003794647774373351
ODFL,2019-02-27,000156459019004755,2019,5784,-0.0003320372280296859,-0.0003085808061713291
ODFL,2020-02-26,000156459020006626,2020,5537,-0.00011954628671055143,0.0005250310430073832
ODFL,2021-02-24,000156459021008056,2021,4984,-0.0005744548358571335,-0.0002646504310321458
ODFL,2022-02-23,000156459022006303,2022,4805,-0.0009023668250928865,-0.00030200487910488267
ODFL,2023-02-22,000095017023003783,2023,4631,-0.00031637648185378186,0.0001637557643387157
ODFL,2024-02-26,000095017024020176,2024,4759,-0.0003806895685471212,5.188921929593718e-05
ODFL,2025-02-25,000095017025026661,2025,4948,-0.00011084201383284396,-2.2180461810619057e-05
ORCL,2016-06-22,000119312516628942,2016,20917,5.4968771876172834e-05,-0.0008755066387878189
ORCL,2017-06-27,000119312517214833,2017,20695,-2.0678792932476695e-05,-0.0004372291983853871
ORCL,2018-06-22,000119312518201034,2018,18081,-3.8784907893039346e-05,-0.00041843005653973054
ORCL,2019-06-21,000156459019023119,2019,12666,-5.761752725263244e-05,-0.0008314484961351301
ORCL,2020-06-22,000156459020030125,2020,12325,9.6288676961604e-05,-0.0005000475879293841
ORCL,2021-06-21,000156459021033616,2021,12003,-0.0002022750672947735,-0.0005965711625979627
ORCL,2022-06-21,000156459022023675,2022,12055,-0.0001765552489528911,-0.0007771367423836499
ORCL,2023-06-20,000095017023028914,2023,11766,-8.758250636003447e-05,-4.302131975881165e-06
ORCL,2024-06-20,000095017024075605,2024,9772,-0.00015725695255186298,-0.0005727299402989004
ORCL,2025-06-18,000095017025087926,2025,9981,-0.00012372827789313578,-0.0006324419126905733
P,2016-03-25,000156459016015322,2016,8478,0.00029357729981749114,-0.00033457222271291126
P,2017-03-29,000162828017003034,2017,8034,4.5884989643464735e-05,0.00011791958475230438
P,2018-03-26,000162828018003579,2018,7645,-8.357290744539182e-05,0.0003343779014822557
P,2019-03-26,000162828019003437,2019,7636,0.0001455893658284335,-0.00010383137830215757
P,2020-03-27,000162828020004133,2020,5243,6.932501370926123e-05,-0.00048531103763321007
P,2021-03-25,000162828021005538,2021,6455,-0.0007423684770159763,-0.0011958111840960608
P,2022-04-07,000162828022008643,2022,5649,-0.00027471104530137866,-0.0009598776190475892
P,2023-04-03,000162828023010275,2023,5460,-0.0001967640616403585,1.83044034112333e-05
P,2024-04-01,000162828024013860,2024,4070,-0.0006397677700061617,-0.0014400262247018136
P,2025-03-27,000162828025015044,2025,4447,0.0003099218795786873,-0.0004325654900751507
PAYX,2017-07-21,000072353117000023,2017,8864,-0.00023181072372325777,0.00039963773499042166
PAYX,2018-07-20,000072353118000026,2018,8526,-0.0001785933505565503,0.0007028585318045097
PAYX,2019-07-24,000072353119000032,2019,8883,-0.00014480086764141477,0.00027353783866897923
PAYX,2020-07-17,000072353120000048,2020,8144,0.00042646442776733326,0.0005629877180076071
PAYX,2021-07-16,000072353121000035,2021,7597,-0.0004213308601746928,-0.0004197447027322536
PAYX,2022-07-15,000095017022012734,2022,6898,-0.00035718200048214725,0.0007299535876945841
PAYX,2023-07-14,000095017023032988,2023,6230,1.2128631446832634e-05,0.0003212714231551852
PAYX,2024-07-11,000095017024082958,2024,7168,-0.0002585269433802174,0.00027453197220645516
PAYX,2025-07-11,000095017025095300,2025,7751,3.583267742955237e-05,0.0004881605554156094
PEG,2016-02-26,000078878416000014,2016,12946,-2.3154444122089273e-05,-0.0013944943721327528
PEG,2017-02-27,000078878417000003,2017,2720,-0.0007315420027236153,-0.0010714324669655465
PEG,2018-02-26,000078878418000004,2018,3350,-0.000592431120166969,-0.0004686546882891404
PEG,2019-02-28,000078878419000005,2019,15651,-0.00040003091969108913,-0.0005294969732242929
PEG,2020-02-26,000078878420000004,2020,13048,6.293512854182396e-05,4.882035192082446e-05
PEG,2021-03-01,000078878421000007,2021,15817,-0.000661532150398365,0.0003473911206153278
PEG,2022-02-24,000162828022003860,2022,15588,-0.0006222162530763118,-0.0002131346984688694
PEG,2023-02-22,000162828023004411,2023,13241,-0.00014859578223285158,9.07692779546402e-05
PEG,2024-02-26,000162828024006885,2024,11506,-0.00018974562895596056,-0.0006310986703219458
PEG,2025-02-25,000095017025026874,2025,11387,0.00019390742338795506,-0.00025777343806060156
PEP,2016-02-11,000007747616000066,2016,30265,0.00012058490033517819,-0.0016971886494823408
PEP,2017-02-15,000007747617000010,2017,32630,-0.00020577485782054567,-0.000841413745017866
PEP,2018-02-13,000007747618000012,2018,33240,-0.0002609626192338589,-0.000615540528416503
PEP,2019-02-15,000007747619000017,2019,32495,-0.0001475157254035909,-0.0012541267013979995
PEP,2020-02-13,000007747620000015,2020,32296,0.00014352672370309034,-0.0007712555762157581
PEP,2021-02-11,000007747621000007,2021,33351,-0.0002534186132335003,-0.0008754608424650318
PEP,2022-02-10,000007747622000010,2022,31953,-0.0003339550370522964,-0.0010003771742902162
PEP,2023-02-09,000007747623000007,2023,33818,-0.0002706148226848604,2.8738065148418722e-05
PEP,2024-02-09,000007747624000008,2024,33745,-0.0003021857876524016,-0.0004700976950491193
PEP,2025-02-04,000007747625000007,2025,33226,-0.00012610567912959032,-0.0013179897697701958
PSX,2016-02-19,000153470116000119,2016,15666,0.00019946738417087577,-0.0008709724729623943
PSX,2017-02-17,000153470117000051,2017,15825,-0.0001190170507913172,-0.0004931926610804687
PSX,2018-02-23,000153470118000065,2018,16473,-4.600218053526036e-05,-0.0001833566919009916
PSX,2019-02-22,000153470119000063,2019,15001,-0.0003118087665693503,-0.0005485514733155217
PSX,2020-02-21,000153470120000070,2020,14944,0.00014083188116132368,1.0407846771617448e-06
PSX,2021-02-24,000153470121000074,2021,15782,-0.00021652875386473391,-0.0011704879970609388
PSX,2022-02-18,000153470122000078,2022,15863,-0.00041873614849406314,-0.0009287197650226123
PSX,2023-02-22,000153470123000053,2023,16382,-0.0003492337893956759,0.00010887683634850832
PSX,2024-02-21,000153470124000078,2024,15873,-0.00027762966371218416,-0.0004603183987862659
PSX,2025-02-21,000153470125000074,2025,17468,7.723372705667762e-05,-0.0004991487682186719
PWR,2016-02-29,000119312516485494,2016,27686,-0.00010546773959307847,7.613367658932807e-05
PWR,2017-03-01,000119312517064821,2017,29690,-0.00021611044685507471,0.000588415171476848
PWR,2018-02-28,000105091518000003,2018,25299,-0.00013343302381398146,0.00016734208009939946
PWR,2019-02-28,000105091519000014,2019,22617,-9.259286699444386e-05,0.0007319009638405305
PWR,2020-02-28,000105091520000020,2020,14595,0.00014102651101224428,0.0016848189574557098
PWR,2021-03-01,000105091521000009,2021,15768,-2.0761614428493646e-05,0.001094125685462635
PWR,2022-02-25,000105091522000008,2022,13471,-0.00027062032499444423,0.00017183354729735726
PWR,2023-02-23,000105091523000010,2023,8652,-0.00023273781934515602,0.00030124156066294527
PWR,2024-02-22,000105091524000009,2024,9250,-0.00016551450123081704,0.0009566328816048334
PWR,2025-02-20,000105091525000005,2025,8765,0.00010340533525100978,0.0025326072174498625
ROP,2016-02-26,000088283516000035,2016,5456,-2.065115582164574e-05,-0.0011888112003743785
ROP,2017-02-27,000088283517000006,2017,6037,-0.00015326438580059892,-0.0008371841538816121
ROP,2018-02-23,000088283518000011,2018,5312,-6.52509801662215e-05,-0.0005067196327280063
ROP,2019-02-25,000088283519000010,2019,5511,-2.3391794607764387e-05,-0.0008152772314324762
ROP,2020-02-28,000088283520000006,2020,5305,1.1226808967802005e-05,-0.0005137702427171579
ROP,2021-02-22,000088283521000011,2021,4879,-0.00015909195181618401,-0.0008954750575917553
ROP,2022-02-22,000088283522000012,2022,5085,-0.00015332431844799176,-0.0011295789784475396
ROP,2023-02-27,000088283523000016,2023,5261,-0.00044529770865878236,-2.111255887570099e-05
ROP,2024-02-22,000088283524000008,2024,4407,-0.0004576342506190892,-0.00108667256925245
ROP,2025-02-24,000088283525000008,2025,4535,-0.00013147002349660322,-0.0011805763730360593
ROST,2016-03-29,000074573216000037,2016,4449,-3.145353590236421e-05,-0.00033127572637023405
ROST,2017-03-28,000074573217000009,2017,4659,-0.0002808947331313732,-0.00028896888773870407
ROST,2018-04-03,000074573218000004,2018,5114,-0.0003710151760829578,-0.0002891743149036069
ROST,2019-04-02,000074573219000009,2019,5193,-0.00027459302474103274,-0.00039408752730019374
ROST,2020-03-31,000074573220000016,2020,6436,-1.3583869405116173e-05,-0.0002503087759125716
ROST,2021-03-30,000074573221000017,2021,6973,-0.0004322595994174691,-0.0007875026026097051
ROST,2022-03-29,000074573222000014,2022,6351,-0.0004583682118383605,-0.000591089175410194
ROST,2023-03-28,000074573223000013,2023,4782,-0.0003104009838996944,-0.0002974315345824067
ROST,2024-04-02,000074573224000009,2024,3670,9.116300677981928e-05,0.0003959025078007659
ROST,2025-04-01,000074573225000010,2025,3697,-0.0002961320867420225,-0.0005025163014054552
SBUX,2016-11-18,000082922416000083,2016,10837,-9.874209154121857e-06,-0.0007411584623224342
SBUX,2017-11-17,000082922417000049,2017,7707,-0.0004924195607334466,-0.0012411032254757194
SBUX,2018-11-16,000082922418000052,2018,8514,-0.00044781526706567254,-0.0010058834599463704
SBUX,2019-11-15,000082922419000051,2019,6132,-0.00017187280410249737,-0.0011469330056903951
SBUX,2020-11-12,000082922420000078,2020,6777,-0.00015789959988368453,-0.0016156617941993094
SBUX,2021-11-19,000082922421000086,2021,8233,-0.0005041455091052044,-0.000578450932382165
SBUX,2022-11-18,000082922422000058,2022,7657,-0.0003661635912154936,-0.0004454231617848328
SBUX,2023-11-17,000082922423000058,2023,7138,-0.00015027178269429644,-1.671418024187952e-05
SBUX,2024-11-20,000082922424000057,2024,7361,-0.00011105001356474042,-0.00040304060679074955
SBUX,2025-11-14,000082922425000114,2025,7775,-0.00044080686006948527,-0.0009197822174605025
SCCO,2016-02-26,000110465916100568,2016,11667,-2.4032041080014278e-05,-0.00010310797852695387
SCCO,2017-03-01,000104746917001143,2017,10981,-0.0001564460141682983,0.00026761232643754185
SCCO,2018-03-01,000104746918001211,2018,11452,-0.0002085602981649594,7.628595884016382e-05
SCCO,2019-03-01,000104746919000845,2019,11349,-0.00020616482035368722,-0.00040538685870334897
SCCO,2020-02-28,000155837020001781,2020,11656,-5.750196045645339e-07,-0.0001839686293415492
SCCO,2022-03-07,000155837022002968,2022,14130,-6.98741864701756e-05,-0.0002619914764204219
SCCO,2023-02-28,000155837023002328,2023,13056,1.395431671920953e-05,9.757306452391153e-05
SCCO,2024-02-29,000155837024002119,2024,11689,-0.0002049692499157862,0.0008199471237968265
SCCO,2025-03-03,000155837025002017,2025,11592,-0.00042283243786038873,-8.841091208673053e-06
SNPS,2016-12-12,000088324116000027,2016,8175,5.7351931989845684e-05,-0.00035990402703931564
SNPS,2017-12-14,000088324117000014,2017,9105,-0.00022399611152202877,-0.00022265031975466612
SNPS,2018-12-17,000088324118000012,2018,8685,-0.00023189840073358121,-0.00019323452901219947
SNPS,2019-12-20,000088324119000019,2019,7511,-0.00012408208090327775,-0.0002426117839390729
SNPS,2020-12-15,000088324120000015,2020,7332,-4.677884358527061e-05,-0.000262439839250853
SNPS,2021-12-13,000088324121000022,2021,6188,-0.0005813561890306469,2.0659750820811136e-05
SNPS,2022-12-12,000088324122000017,2022,6383,-0.0006338255729971593,-0.0007784273440216627
SNPS,2023-12-12,000088324123000019,2023,6739,-0.00034655971637743315,0.00029084726697428806
SNPS,2024-12-19,000088324124000024,2024,8553,-0.00033415775176687224,-0.0004914067239842078
SNPS,2025-12-22,000088324125000028,2025,9603,-0.0001761557875866524,-0.0010162937873503248
SPG,2016-02-26,000104746916010465,2016,10208,-4.340737190395303e-05,-0.0009451620842255019
SPG,2017-02-24,000155837017000934,2017,11081,-0.0003598444971520084,-0.0004932173846040612
SPG,2018-02-23,000155837018000981,2018,10610,-0.0005167254085562245,-0.00019119571818294667
SPG,2019-02-22,000155837019000875,2019,10305,-0.0004478821275289471,-0.0003923544967701987
SPG,2020-02-21,000155837020001135,2020,9865,-0.00020151149608927754,-0.00028908714981946054
SPG,2021-02-25,000155837021001700,2021,11346,-0.0004065134850779669,-0.0006827694241963937
SPG,2022-02-24,000155837022001845,2022,12142,-0.00040224249071758807,-0.000797893042417058
SPG,2023-02-23,000155837023001840,2023,11993,-0.0002916807693190939,2.3207459345593907e-05
SPG,2024-02-22,000155837024001532,2024,11136,-0.00031756467866324057,-0.00044166677610137274
SPG,2025-02-21,000155837025001271,2025,11501,-0.00015803560228948657,-0.0006061934036498058
TDY,2016-03-01,000109428516000177,2016,13500,-4.421229875177971e-05,-0.0009255884474382696
TDY,2017-03-02,000109428517000031,2017,13826,-0.00022231456352647376,-0.0002458632306731789
TDY,2018-02-27,000109428518000053,2018,14154,-0.0002838468433445859,-0.00021227843206556406
TDY,2019-02-25,000109428519000064,2019,14023,-0.00019646733880272196,-0.00046404072324975515
TDY,2020-02-24,000109428520000045,2020,12058,-4.605484393662062e-05,-0.0002322792803029894
TDY,2021-02-26,000109428521000066,2021,12135,-0.00040588953828255627,-0.0002518829232438314
TDY,2022-02-25,000109428522000049,2022,13265,-0.00042146094331514997,-0.0005005815801497256
TDY,2023-02-24,000109428523000053,2023,9564,-0.00022650364211891245,-0.00031457927444745483
TDY,2024-02-23,000109428524000044,2024,500,-0.0017569512178139523,-0.0001832083860980687
TER,2016-02-29,000119312516484381,2016,8544,-2.725470981944264e-05,-0.00044794951647172775
TER,2017-03-01,000119312517064638,2017,10151,-0.00019787552252436367,-0.00037189691635263026
TER,2018-03-01,000119312518066579,2018,9706,-0.00033796315918420514,6.86402862097237e-05
TER,2019-03-01,000119312519059974,2019,9327,-0.0002397842141425975,-0.0005081861064553663
TER,2020-03-02,000119312520058676,2020,7550,-1.8270521960106948e-05,-5.9588972340885975e-05
TER,2021-02-22,000119312521050735,2021,8348,-0.00015183952526613275,7.327315676983922e-06
TER,2022-02-23,000119312522049828,2022,6888,-0.0004175961691565709,0.0007400942464841884
TER,2023-02-22,000119312523044711,2023,7296,-0.00019520071871449143,0.0002620360915561248
TER,2024-02-22,000095017024018701,2024,6713,-0.00048821271940200506,0.0005925162608603013
TER,2025-02-20,000095017025023784,2025,6449,-0.00011326522967085047,-0.0005581838242771827
TJX,2016-03-29,000119312516521424,2016,7462,-0.00038811322552031384,-0.000898582055971039
TJX,2017-03-28,000119312517099642,2017,7657,-0.0002246920211457309,-0.0005395604056426366
TJX,2018-04-04,000119312518107423,2018,8446,-0.00021781493720795996,-0.0003398551144359909
TJX,2019-04-03,000162828019003834,2019,7354,-2.6642830779414724e-06,-0.0007682758732022647
TJX,2020-03-27,000010919820000004,2020,7026,-0.00011566632519138071,-0.0003421414452768424
TJX,2021-03-31,000010919821000006,2021,9108,-0.0003269484430945966,-0.0009764478198447817
TJX,2022-03-30,000010919822000008,2022,7230,-0.000606864080725382,-0.0006655814926761942
TJX,2023-03-29,000010919823000004,2023,5997,-0.00014380686324812228,0.00010341649548454676
TJX,2024-04-03,000010919824000014,2024,5810,0.0001131862680994926,-0.0004107297685988269
TJX,2025-04-02,000010919825000010,2025,5896,-0.00015824740459848585,-0.0003249925247815765
TTWO,2016-05-19,000104746916013278,2016,13689,-3.5535538996428054e-05,-0.00016741827611474415
TTWO,2017-05-24,000162828017005833,2017,14238,-8.005240284525574e-05,0.00037788816971407114
TTWO,2018-05-17,000162828018006877,2018,8940,-0.00018349611325558176,0.0017672773939982438
TTWO,2019-05-14,000162828019006691,2019,10567,-0.00023353118666592966,-0.0006440097576665741
TTWO,2020-05-22,000162828020008291,2020,7368,0.0003428080128547991,0.0015441284820981649
TTWO,2021-05-19,000162828021010627,2021,6011,-0.0002398251119068444,-0.00019271243511691022
TTWO,2022-05-17,000162828022014580,2022,7376,-0.00036042837585745474,0.00042796009582526907
TTWO,2023-05-26,000162828023019851,2023,7620,2.454760518060962e-05,-1.2924562598243239e-05
TTWO,2024-05-22,000162828024024623,2024,7712,-0.00018591016452535768,0.000298719707551912
TTWO,2025-05-20,000162828025026694,2025,5609,0.00018841287873431296,0.0008909732082958185
UI,2016-08-22,000151173716000040,2016,7960,-0.000381589387747493,0.00011679010013776941
UI,2017-08-25,000162828017008894,2017,7741,-5.363395118374893e-05,0.0024340187537450525
UI,2018-08-24,000151173718000012,2018,7432,-0.0002632807308075555,0.002334145469421592
UI,2019-08-21,000151173719000026,2019,6035,7.164072642209813e-05,0.0021979120557761105
UI,2020-08-21,000151173720000022,2020,6187,0.00044998220839196094,0.003018352913663435
UI,2021-08-27,000151173721000036,2021,6269,0.0003714213642561857,0.002627305425530147
UI,2022-08-26,000151173722000049,2022,6665,0.00029610051465178987,0.0036000201916819787
UI,2023-08-25,000151173723000061,2023,6072,0.00030901890658936515,-2.101286465170307e-05
UI,2024-08-23,000151173724000053,2024,6205,0.0003600479032405875,0.0058535785705171005
UI,2025-08-22,000151173725000053,2025,6404,0.00022563234771655487,0.0022412671319238034
ULTA,2016-03-30,000119312516523101,2016,6954,9.602388451020844e-05,-0.00037911953222349675
ULTA,2017-03-28,000119312517099261,2017,6117,-0.0004625992367329908,-0.00011734847017422491
ULTA,2018-04-03,000155837018002733,2018,6402,-0.00042496902782247125,-0.00017174351973466974
ULTA,2019-04-02,000155837019002739,2019,6217,-0.00010111569849766399,-0.0002232302981497685
ULTA,2020-03-27,000155837020003272,2020,6102,-8.667749487868229e-05,-0.00016284839430754175
ULTA,2021-03-26,000155837021003523,2021,6674,-0.0006063435647022652,-0.0010671701014274909
ULTA,2022-03-25,000155837022004330,2022,6243,-0.00028513053142395267,-0.0009167505427193528
ULTA,2023-03-24,000155837023004581,2023,5995,-0.00018985978894156698,4.1850467095378686e-05
ULTA,2024-03-26,000155837024003941,2024,5865,-0.0002659344156846111,-0.00043611553558009974
ULTA,2025-03-27,000155837025003810,2025,5685,-0.00023813523143473506,-0.00033652105765952673
URI,2016-01-27,000106770116000039,2016,12134,5.30718692562667e-05,-0.000305727448032619
URI,2017-01-25,000106770117000006,2017,11637,-0.0001190658583070823,-0.0006125667812520565
URI,2018-01-24,000106770118000006,2018,11646,-0.00010024873915611809,-0.00013592018555782248
URI,2019-01-23,000106770119000007,2019,12642,-0.0001607708026642459,-0.0005640708930383818
URI,2020-01-29,000106770120000008,2020,11508,0.0001766150331456211,-3.290423608155078e-05
URI,2021-01-27,000106770121000008,2021,14046,7.639161893427499e-05,-0.00040038254305940963
URI,2022-01-26,000106770122000008,2022,11423,-0.00023839398159721523,6.724668947124766e-05
URI,2023-01-25,000106770123000010,2023,11899,-0.00016277103426109987,1.8896378059190087e-05
URI,2024-01-24,000106770124000007,2024,11628,-0.00027013733917959835,-0.00038018423214028284
URI,2025-01-29,000106770125000008,2025,10917,0.00018064386968717438,-0.0001398729619023263
V,2016-11-15,000140316116000058,2016,9731,8.861131788658666e-05,-0.0012398709466369953
V,2017-11-17,000140316117000044,2017,9487,5.050099686862139e-06,-0.0005424224606332965
V,2018-11-16,000140316118000055,2018,1131,-0.00039140175845014984,-0.001390924073027342
V,2019-11-14,000140316119000050,2019,4815,-5.038224895057103e-05,-0.001185857007753999
V,2020-11-19,000140316120000070,2020,3994,8.512045871232961e-05,-0.0009953955332776784
V,2021-11-18,000140316121000060,2021,3566,-0.00018195645109265608,-0.0011977025102193049
V,2022-11-16,000140316122000081,2022,3450,-0.00019004275045911338,-0.0009573984703785646
V,2023-11-15,000140316123000099,2023,5584,-0.0002504188952104744,3.999814907953571e-05
V,2024-11-13,000140316124000058,2024,6054,-0.00012054746585235162,-0.0017687661440787218
V,2025-11-06,000140316125000089,2025,6088,0.00014838952702564282,-0.0009147299014420335
VLO,2016-02-25,000103500216000069,2016,10803,5.9276737632245953e-05,-0.0005998034507522928
VLO,2017-02-23,000103500217000009,2017,12069,-0.00028654786937402585,-0.00037044599389641597
VLO,2018-02-28,000103500218000010,2018,12223,-0.0002984329978120471,-6.619566707738248e-05
VLO,2019-02-28,000103500219000008,2019,12639,-0.0003279006654146912,-0.0004262959519930281
VLO,2020-02-26,000103500220000007,2020,11293,4.400910549137518e-05,0.00024224356241804264
VLO,2021-02-23,000103500221000051,2021,11408,-0.0002840939253232705,-0.00042688468104006293
VLO,2022-02-22,000103500222000007,2022,10331,-0.0002283405677732176,-0.0005284158888792646
VLO,2023-02-23,000103500223000027,2023,9901,-0.0001700269862416805,0.00010960230500915498
VLO,2024-02-22,000103500224000007,2024,9197,-0.00039215279373322313,-0.00042806299347664426
VLO,2025-02-26,000103500225000005,2025,8713,4.838500046126228e-05,-0.000200888856240921
VMC,2016-02-25,000139600916000044,2016,313,0.0,-0.0006020090997587221
VMC,2017-02-24,000139600917000005,2017,322,-0.00021812290922874593,-0.0008765556037583274
VMC,2018-02-27,000139600918000011,2018,319,-0.00010972884078794539,0.0005584299441220554
VMC,2019-02-26,000139600919000021,2019,11182,-0.00021518483314896894,-0.0005742042984099946
VMC,2020-02-26,000139600920000006,2020,11494,0.000333543752861754,-0.00014288515673124217
VMC,2021-02-25,000139600921000009,2021,11448,-0.0005945300017979235,-0.0006867719900315622
VMC,2022-02-25,000139600922000010,2022,12607,-0.00048351675950196677,-0.0004718561393324708
VMC,2023-02-24,000139600923000007,2023,12281,-0.00044852255959635084,-0.00014956680843280186
VMC,2024-02-22,000139600924000006,2024,11931,-0.00030339184611585655,-0.0003364919041696329
VMC,2025-02-20,000139600925000005,2025,3558,0.00046348239632904194,-0.0010626036916938086
VMRK,2016-02-25,000090610716000029,2016,14693,-0.0001108855393166147,-0.000460010002121878
VMRK,2017-02-23,000090610717000007,2017,15442,-0.0003484300819364952,-0.0002463883613679739
VMRK,2018-02-22,000156459018002873,2018,10810,-0.0004353609194432225,0.0003317688874686778
VMRK,2019-02-21,000156459019003683,2019,10681,-0.0002521251932298942,3.449622315247467e-05
VMRK,2020-02-20,000156459020005562,2020,9351,0.00010945750117831149,0.0003136826222683185
VMRK,2021-02-18,000156459021006679,2021,10709,-0.0007079927331876742,0.00010677733919451099
VMRK,2022-02-17,000156459022005566,2022,7191,-0.0004501684735220818,0.00023807881524608084
VMRK,2023-02-16,000095017023003060,2023,7054,-0.0003381878929570313,-3.0067520143131446e-05
VMRK,2024-02-15,000095017024015907,2024,7186,-0.00020988788016143312,0.00030694708575688473
VMRK,2025-02-13,000095017025019894,2025,6799,-0.000151067375182868,0.00019903228662805175
WAT,2017-02-24,000119312517056239,2017,9353,-0.00015446733762773681,-0.0005615506563258329
WAT,2018-02-27,000119312518060830,2018,10723,-0.00039048094027763344,-4.765018957400562e-05
WAT,2019-02-26,000119312519051872,2019,11170,-4.204678122013019e-05,-0.000567632356391932
WAT,2020-02-25,000119312520048303,2020,10087,8.821833753276396e-05,-0.0004816247069729738
WAT,2021-02-24,000119312521054385,2021,10476,-3.283981417864051e-05,-0.0009063507417472249
WAT,2022-02-24,000119312522051509,2022,9292,-0.00043444337065133153,-0.0008571141525380056
WAT,2023-02-27,000119312523050827,2023,8268,-0.0003250660717280093,8.941455982365882e-05
WAT,2024-02-27,000119312524047491,2024,7969,-0.00014843140251960294,-0.00028621884001429177
WAT,2025-02-25,000119312525034579,2025,8013,6.093733935443114e-05,-0.0004302450542880033
WELL,2019-02-25,000076670419000014,2019,9602,-0.00015941502646008547,0.0004792411447325218
WELL,2020-02-14,000076670420000015,2020,9268,8.810917081804488e-05,0.000571533904493196
WELL,2021-02-10,000076670421000018,2021,11250,-0.00032847917820681834,2.2363610685615797e-05
WELL,2022-02-16,000076670422000013,2022,11919,-0.0002966377319329193,0.00011207694258350574
WELL,2023-02-21,000076670423000010,2023,12229,-0.00016004213878127992,0.00010565240264141519
WELL,2024-02-15,000076670424000008,2024,11488,-0.00018833293642236487,0.000551823731954846
WELL,2025-02-12,000076670425000009,2025,11583,-5.263173498105935e-05,-0.0002031369373678126
WRB,2016-02-22,000001154416000086,2016,12212,-1.494165990880303e-05,-0.0021696933571921633
WRB,2017-02-28,000001154417000009,2017,11878,-0.00027618900325310485,-0.0002682641904456517
WRB,2018-02-23,000001154418000012,2018,12224,-0.0002970007975618883,-0.00016375059736600564
WRB,2019-02-22,000001154419000016,2019,12136,-0.00021079061130662547,-0.001139622275883872
WRB,2020-02-20,000001154420000016,2020,12657,7.381704508826193e-05,-7.231826049891121e-05
WRB,2021-02-18,000001154421000013,2021,12427,-0.0003303059946137602,-0.0011386545138806113
WRB,2022-02-24,000001154422000007,2022,12234,-0.00019755963279491782,-0.0009917854357763126
WRB,2023-02-24,000001154423000004,2023,12393,-0.00016952156946458958,0.00028412349472078577
WRB,2024-02-23,000001154424000005,2024,12010,-0.0002366036936227219,-3.381240596039028e-05
WRB,2025-02-24,000001154425000005,2025,11691,-3.231241659169314e-05,-0.0009608171272672832
WSM,2016-03-31,000119312516525847,2016,4730,-4.693503702965591e-05,-0.0018841694449708431
WSM,2017-03-30,000119312517104341,2017,4791,-0.0003244766031326737,-0.0013274527243447595
WSM,2018-03-29,000119312518102232,2018,5433,-0.0005779954543741455,-0.0009245189923807465
WSM,2019-04-04,000119312519097973,2019,6155,0.00029461674587089026,-0.0009447014634340726
WSM,2020-03-27,000119312520088937,2020,5611,0.00012317668955876769,-0.000927864682548635
WSM,2021-03-30,000119312521100319,2021,5664,-0.00019828523633296468,-0.0010047050563529905
WSM,2022-03-28,000162828022007494,2022,4964,-0.0003320876483724201,-0.0009600001414541838
WSM,2023-03-24,000162828023009175,2023,5090,4.08295060202442e-05,-2.5955735524569976e-05
WSM,2024-03-20,000162828024012221,2024,5317,-0.0004120422429652448,-0.001111046012433924
WSM,2025-03-27,000162828025015037,2025,5013,-6.486213348932043e-05,-0.0012251829958462306
WST,2016-02-26,000010577016000060,2016,7285,-9.230027786251481e-06,-0.0009030155495725289
WST,2017-02-28,000010577017000011,2017,6484,-0.0001458848049272345,-0.0003628537769132548
WST,2018-02-26,000010577018000006,2018,6150,-0.00040749834216522135,-0.00031640817242284554
WST,2019-02-28,000010577019000012,2019,6763,-0.00026439527037601287,-0.0006774252739090619
WST,2020-02-24,000010577020000015,2020,6852,1.10347107946704e-06,-0.00042458372942709985
WST,2021-02-23,000010577021000008,2021,6625,-0.00044662124482456483,-0.0007756500305169829
WST,2022-02-22,000162828022003342,2022,6432,-0.00041176052137242446,-0.00048812733435979385
WST,2023-02-21,000010577023000012,2023,5794,-3.090113706022636e-05,8.418347312187133e-05
WST,2024-02-20,000010577024000015,2024,5555,-9.379135405277497e-05,0.00036663836430794614
WST,2025-02-18,000010577025000013,2025,5101,1.2821789011985756e-05,-0.00045888202820865284
XYL,2016-02-26,000152447216000027,2016,10885,-0.00012586996847431731,-0.0017980586845980507
XYL,2017-02-23,000152447217000008,2017,11065,-0.00020156783388191346,-0.0007848788227458747
XYL,2018-02-23,000152447218000006,2018,12706,-0.00024425331990243613,-0.0002839646187585373
XYL,2019-02-22,000152447219000009,2019,13639,-0.00025239509043309736,-0.0008306383266844812
XYL,2020-02-28,000152447220000006,2020,10351,4.355797877595383e-05,-0.0004034328782836716
XYL,2021-02-26,000152447221000008,2021,11792,-0.00013044543228229002,-0.0008610293305614454
XYL,2022-02-25,000152447222000009,2022,10936,-0.0004950783458673411,-0.0007432395720770262
XYL,2023-02-24,000152447223000009,2023,10428,-0.0005891618057440193,9.925107155849783e-05
XYL,2024-02-28,000152447224000006,2024,9892,-0.0006049255458098846,-0.0006640758617487386
XYL,2025-03-03,000152447225000013,2025,12161,-0.00016882606536180393,-0.0009709917116650204
