event_time,n,mean_rank,expected_rank,estimation_rank_sd,corrado_z,corrado_p
-5,969,128.0639834881321,125.5,2.4988303782608363,1.02607344237451,0.3048569674409275
-4,969,126.89783281733746,125.5,2.4988303782608363,0.5593948390808097,0.5758922827893336
-3,969,128.10423116615067,125.5,2.4988303782608363,1.042180049036858,0.2973282110513832
-2,969,122.60990712074303,125.5,2.4988303782608363,-1.1565782553309791,0.247444710502555
-1,969,128.08668730650155,125.5,2.4988303782608363,1.0351592204917313,0.3005945597059261
0,969,131.44788441692467,125.5,2.4988303782608363,2.380267371755077,0.01730008039513844
1,969,132.4262125902993,125.5,2.4988303782608363,2.7717818106244847,0.005575039158493871
2,969,123.82146542827657,125.5,2.4988303782608363,-0.6717280958028361,0.501756811609152
3,969,125.18782249742002,125.5,2.4988303782608363,-0.12492944911181113,0.9005794039867955
4,969,124.62745098039215,125.5,2.4988303782608363,-0.34918297264143705,0.7269519485177749
5,969,124.25386996904025,125.5,2.4988303782608363,-0.49868532166118573,0.6180010868209287
