ticker,filing_date,accession_number,car_p5_p5,car_p5_p10,car_p5_p22
AAPL,2025-10-31,000032019325000079,-0.006515020728354848,0.00777735509638992,0.027256492033336785
AAPL,2024-11-01,000032019324000123,-0.004859433284339612,0.009423550050265645,0.051955013385917334
AAPL,2023-11-03,000032019323000106,0.0035497024204474738,-0.008095717516602563,-0.007786817986655923
AAPL,2022-10-28,000032019322000108,-0.019966235982453256,-0.015828453222023912,-0.06653048229763327
AAPL,2021-10-29,000032019321000105,-0.0012087371543922153,-0.004086638378189194,0.14385646204200694
AAPL,2020-10-30,000032019320000096,-0.0028475019423414476,-0.03177391798553508,-0.04958557914282409
AAPL,2019-10-31,000032019319000119,0.006928116645701287,0.011744483207743435,-0.002642705046651309
AAPL,2018-11-05,000032019318000145,-0.029453693023398977,-0.06200155991760055,-0.14438666859433608
AAPL,2017-11-03,000032019317000070,-0.0030484353655019325,-0.031715724427929505,-0.07292022484699073
AAPL,2016-10-26,000162828016020309,-0.006039549660755199,-0.06266118661818863,-0.04506963037455872
V,2025-11-06,000140316125000089,-0.017716799958393037,-0.00869415869067521,-0.04954213283770152
V,2024-11-13,000140316124000058,0.004724620023161643,0.011940261552693862,0.018309805428758576
V,2023-11-15,000140316123000099,0.0014814779904428388,0.0020905319304032888,-0.01803133258554213
V,2022-11-16,000140316122000081,0.009055554665041968,0.01142567863960454,0.004498433978772131
V,2021-11-18,000140316121000060,-0.019892966116447884,0.03282139236774172,0.09369986335116993
V,2020-11-19,000140316120000070,0.0020222875690459638,-0.008787902979159053,-0.043758051266784295
V,2019-11-14,000140316119000050,-0.008406970714473778,0.0006204490778190632,-0.01870070164981298
V,2018-11-16,000140316118000055,-0.005152243508889723,0.0032625584976026523,0.020527097818552477
V,2017-11-17,000140316117000044,0.0032890286324839466,-0.059974982587433584,-0.04244638972430944
V,2016-11-15,000140316116000058,-0.0055800790045610355,-0.05144925259993105,-0.05585387675265337
ORCL,2025-06-18,000095017025087926,-0.02031693887606064,0.06534799221951385,0.07241393405647238
ORCL,2024-06-20,000095017024075605,0.013207386044419957,0.012516881178843711,0.011769693032059884
ORCL,2023-06-20,000095017023028914,-0.012695100781039019,-0.03769664807807591,-0.05979487947344306
ORCL,2022-06-21,000156459022023675,-0.005839105584280985,0.03237180465676648,0.051922846280210336
ORCL,2021-06-21,000156459021033616,-0.006306004916624622,0.07831619079388441,0.08221988550074555
ORCL,2020-06-22,000156459020030125,-0.005415844483813808,-0.0006774874403207226,-0.024146915471340284
ORCL,2019-06-21,000156459019023119,0.01037089534036317,0.029626991312589588,-0.0030448873518939597
ORCL,2018-06-22,000119312518201034,0.01769785409119457,0.04032013016476231,0.07608004629264148
ORCL,2017-06-27,000119312517214833,-0.0041792578763463015,0.012082394930745775,-0.0011102294625161113
ORCL,2016-06-22,000119312516628942,-0.0051618015652422425,-0.018357580225522734,-0.034980698372093666
COST,2025-10-08,000090983225000101,0.006854974220783502,-0.005286246796431346,-0.02812786676550211
COST,2024-10-09,000090983224000049,-0.013077406645137764,0.0022515919431665265,0.01201213856132045
COST,2023-10-11,000090983223000042,0.011604947258328993,-0.008161316396401016,-0.007443374456306821
COST,2022-10-05,000090983222000021,-0.009974096253228815,-0.036079952829730096,-0.03495507059807384
COST,2021-10-06,000090983221000014,-0.005744035016569584,0.021817530125425085,0.08655562867993132
COST,2020-10-07,000090983220000017,-0.002600720121576396,0.0032582865807387045,0.008144126306241423
COST,2019-10-11,000090983219000019,0.004054730835842433,-0.031994573267471314,-0.04621616282599039
COST,2018-10-26,000090983218000013,0.006218076556171032,0.018274621784693128,-0.016368995743947134
LRCX,2025-08-11,000070754925000075,0.025604478858129838,0.0431507865871131,0.13681143725566647
LRCX,2024-08-29,000070754924000106,0.009038290929930918,-0.023941114312330536,-0.005462950872124641
LRCX,2023-08-15,000070754923000102,-0.0030374949568006196,-0.026910316840761485,-0.09353435896532183
LRCX,2022-08-24,000070754922000107,-0.018655825132015903,-0.02033879148983834,-0.001358306750246039
LRCX,2021-08-17,000070754921000136,0.0004155553956778175,0.0034904719845775516,0.0440981756756723
LRCX,2020-08-18,000070754920000138,-0.01972934933412376,-0.04058808567807117,-0.06756010625526002
LRCX,2019-08-20,000070754919000124,0.0064922403891923015,0.06553265358703235,0.09476710798616778
LRCX,2018-08-14,000070754918000115,-0.0064661594454262505,-0.04117349797326536,-0.13755178831811704
LRCX,2017-08-15,000070754917000100,-0.00902465620290634,-0.004193924672941772,0.025337135035836345
LRCX,2016-08-17,000070754916000050,-0.006534347429111111,-0.00033934506965700544,0.0018370524249113063
AMAT,2025-12-12,000162828025056742,-0.0019638730481928313,-0.00941468538949503,
AMAT,2024-12-13,000000695124000044,0.008339427238072177,0.024846560558082077,0.15419657088679062
AMAT,2023-12-15,000000695123000041,0.006177705367769193,-0.054229199939998946,-0.005017432129893701
AMAT,2022-12-16,000000695122000043,-0.0124457356569347,0.017829672267762487,0.08648969018536368
AMAT,2021-12-17,000000695121000043,-0.01741933637694912,-0.03145988590947657,-0.006198094487732363
AMAT,2020-12-11,000000695120000048,-0.012145338390491365,-0.041638896154631476,0.1479157659398569
AMAT,2019-12-13,000000695119000046,-0.014403275579374344,-0.02417748196037581,-0.05924389433181096
AMAT,2018-12-13,000000695118000041,0.0171164817979035,0.040128845105940454,0.031197627582407156
AMAT,2017-12-15,000000695117000038,-0.01794257036540332,0.011298286448703222,-0.01846243900153478
AMAT,2016-12-15,000000695116000068,-0.0071853150518345656,-0.04220554939384315,-0.01608836995436049
APH,2025-02-07,000155837025000714,-0.0019867854328820514,-0.013943809778102766,0.05849313235149747
APH,2024-02-07,000155837024000866,0.008600393608886557,0.011892281279691726,0.02022221352750342
APH,2023-02-08,000155837023001036,0.01293507780022574,-0.01899166185855008,0.0008318814833376438
APH,2022-02-09,000155837022000961,0.007738759742100962,0.02366408687798569,0.013545113441937644
APH,2021-02-10,000155837021000881,0.014340947979047143,-0.014380687767921807,-0.019188589494091638
APH,2020-02-12,000155837020000728,-0.005049012973172097,0.047496899093827816,-0.0021151412454069665
APH,2019-02-13,000155837019000636,0.004282273271280155,0.008280005420312502,0.005986763128031676
APH,2018-02-21,000155837018000871,-0.014471512848283106,-0.020344242240775544,-0.034506833892287966
APH,2017-02-17,000155837017000659,-0.011456842638747966,-0.005823019083450632,0.015227727131188059
APH,2016-02-19,000110465916098503,0.010807298705171954,0.04107341336545177,0.027771719797607418
DE,2025-12-18,000110465925122321,0.0033717505447061467,0.0036351987291090865,
DE,2024-12-12,000155837024016169,0.0018124037819757075,-0.0011957122302011934,0.026402079410456993
DE,2023-12-15,000155837023019812,0.00865908266421354,0.031275962709094704,-0.01737443969511926
DE,2022-12-15,000155837022018703,-0.003770291632702056,-0.029985788022035036,-0.10991816478142866
DE,2021-12-16,000155837021016864,-0.0010264166053913348,-0.027699626174406623,0.11893411934940204
DE,2020-12-17,000155837020014436,-0.0002468348900653691,-0.008764210828697213,0.06913146015732512
DE,2019-12-19,000155837019011614,0.006282876021197673,0.016667708830165086,-0.03493728287641139
DE,2018-12-17,000104746918007694,-0.0020033897946312024,-0.01153975047613589,0.010789499178647927
DE,2017-12-18,000104746917007719,0.00813976331246044,-0.007198745762061164,0.001322596898540378
DE,2016-12-19,000104746916017244,0.004520739082092705,0.0225233309362539,0.024100160613223263
PEP,2025-02-04,000007747625000007,0.009166410624439738,0.011558162094589437,0.08293563129522252
PEP,2024-02-09,000007747624000008,-0.007062440152523072,0.0009946724525611416,-0.013044827992904608
PEP,2023-02-09,000007747623000007,0.0038336769208254747,0.019643152093533317,0.014559944770659822
PEP,2022-02-10,000007747622000010,0.011255127817628063,0.01590227242214209,-0.032986484578968314
PEP,2021-02-11,000007747621000007,-0.018875775135893884,-0.019370456577517355,-0.0023318828863655196
PEP,2020-02-13,000007747620000015,0.009505397164639377,-0.029878886501948674,0.033095078063055366
PEP,2019-02-15,000007747619000017,-0.000725102164973714,0.007161125390721048,0.02322009116126489
PEP,2018-02-13,000007747618000012,0.011204875585038795,0.012229813692509538,0.026817312463497087
PEP,2017-02-15,000007747617000010,0.0017644783096370975,0.011281472472723668,0.03035181858514645
PEP,2016-02-11,000007747616000066,-0.007821454059919113,-0.02510480211422498,-0.026320736806546077
SCCO,2025-03-03,000155837025002017,0.0018475280591072687,0.09256445674470921,0.05819244823119827
SCCO,2024-02-29,000155837024002119,0.025910100842087495,0.17293739742437442,0.2704817836234098
SCCO,2023-02-28,000155837023002328,-0.04257086785812843,-0.013551692474889259,-0.016452111269530237
SCCO,2022-03-07,000155837022002968,-0.03788143108366808,0.0183144820873933,-0.01600568377425003
SCCO,2020-02-28,000155837020001781,0.02628607310305231,0.08576574560134448,0.010182156291659951
SCCO,2019-03-01,000104746919000845,0.020681788107272173,0.03926753088351356,0.10380852135401124
SCCO,2018-03-01,000104746918001211,-0.009736328107724916,0.0012872612423525066,0.049527732325051484
SCCO,2017-03-01,000104746917001143,-0.02701616757240209,-0.015534667041106861,-0.010032040408282763
SCCO,2016-02-26,000110465916100568,-0.00045330457822996344,-0.011984009851431351,0.000504274774857023
WELL,2025-02-12,000076670425000009,0.0037949922287878355,0.021129059040164534,0.011709823521521806
WELL,2024-02-15,000076670424000008,-0.0046053974869060595,-0.020475181739010237,-0.016671928770330587
WELL,2023-02-21,000076670423000010,-0.010844567956412463,0.005596585240174732,-0.08702958089642168
WELL,2022-02-16,000076670422000013,0.002615153295291061,0.035721396106585174,0.096819225808494
WELL,2021-02-10,000076670421000018,0.016331196885823913,0.05358793220602302,0.08610367168945884
WELL,2020-02-14,000076670420000015,-0.0011498436567094813,-0.13544217077769272,-0.8352072473515118
WELL,2019-02-25,000076670419000014,0.006824054045058939,0.024592731874747614,0.022596082435457784
TJX,2025-04-02,000010919825000010,-0.008428796810152142,0.010438222349497909,-0.01928092259585052
TJX,2024-04-03,000010919824000014,-0.0024332766818200282,-0.019230783395747842,-0.017451817051555026
TJX,2023-03-29,000010919823000004,-0.00723361118094383,-0.03564582405905786,-0.0428104612602362
TJX,2022-03-30,000010919822000008,-0.00752071339746436,0.056168501374247434,0.12089358071155276
TJX,2021-03-31,000010919821000006,0.013975213513310828,-0.0015357516482161025,0.03572129215951509
TJX,2020-03-27,000010919820000004,-0.04942644352296663,0.009525796437152647,0.030493398560475213
TJX,2019-04-03,000162828019003834,0.007922054901421633,0.011300584249711042,-0.02424060714612004
TJX,2018-04-04,000119312518107423,-0.0007453489489168104,-0.0013332664014701467,0.004180391217589955
TJX,2017-03-28,000119312517099642,-0.020819874218846436,-0.012570679125476734,0.0013567755177914696
TJX,2016-03-29,000119312516521424,-0.011031232807998316,-0.033228942668020144,-0.0451182054580525
BKNG,2025-02-20,000107553125000010,0.0031730847425746854,-0.038317843777976535,-0.02618835016507725
BKNG,2024-02-22,000107553124000014,-0.0005072373316026713,-0.001993906339466422,0.023735406253109357
BKNG,2023-02-23,000107553123000016,-0.0041398632561282685,-0.010406219538090424,-0.034127039663070916
BKNG,2022-02-23,000107553122000008,-0.021909988669195173,-0.018869468420035833,0.01546626863186541
BKNG,2021-02-24,000107553121000019,-0.00952919843581252,0.0013590075114905745,-0.013353737401964142
BKNG,2020-02-26,000107553120000011,-0.009927595524010985,-0.03503839771169212,-0.0681434735672071
BKNG,2019-02-27,000107553119000009,-0.006289635162387241,-0.015180668387050372,-0.021791673109213462
BKNG,2018-02-27,000107553118000015,0.01845619822652136,0.0424605112917312,0.023915944359623652
BKNG,2017-02-27,000107553117000009,0.007973955054296851,0.028327626219153967,0.03772810604165483
BKNG,2016-02-17,000107553116000084,-0.0024813107917237153,-0.002235532375972106,0.0016782113093066113
MO,2025-02-26,000076418025000019,-0.007563429491277538,0.016876241440138263,0.021879337438295156
MO,2024-02-27,000076418024000018,0.011075734632595669,0.08093374950441089,0.11747817655698985
MO,2023-02-27,000076418023000020,0.013919733497408382,0.02162263787426599,-0.02076561716172979
MO,2022-02-25,000076418022000019,0.008807382589189856,-0.03880448221981313,-0.040648234679412205
MO,2021-02-26,000076418021000037,0.0054219795632126,0.06412211740531286,0.13629649284177708
MO,2020-02-25,000076418020000018,0.026684803880756138,0.020436161410956652,0.010202487980570236
MO,2019-02-26,000076418019000023,0.009395190283578618,0.06707976500728749,0.10588089967198792
MO,2018-02-27,000076418018000028,-0.009510514255919447,-0.003782394826203253,0.0012687662760393972
MO,2017-02-27,000076418017000028,0.0005957519346405302,0.006830882463354389,-0.03463602233723567
MO,2016-02-25,000076418016000128,0.00848050521846928,0.017710041136420485,-0.022541617946070677
VLO,2025-02-26,000103500225000005,-0.05052145086626901,-0.0019921649092790265,0.05249500218685494
VLO,2024-02-22,000103500224000007,0.012570008334574684,0.05790049795349651,0.17759042559336474
VLO,2023-02-23,000103500223000027,-0.008139531123006466,-0.06213455779593777,-0.10497383262527656
VLO,2022-02-22,000103500222000007,-0.019329323466578174,0.12968248276476851,0.10957830524366578
VLO,2021-02-23,000103500221000051,-0.002502427497074057,-0.0026195701125777127,-0.06375207886173893
VLO,2020-02-26,000103500220000007,-0.06415243589291987,-0.033567328604939876,-0.05350887473227009
VLO,2019-02-28,000103500219000008,-0.008037342747645487,0.028784347032930927,0.007823956070400841
VLO,2018-02-28,000103500218000010,0.0030225398395034232,-0.0033048396176901373,0.03803353010273683
VLO,2017-02-23,000103500217000009,-0.023019440687480318,-0.013461180098818045,-0.003468271886180759
VLO,2016-02-25,000103500216000069,0.023297797582368947,0.028832529756101982,-0.0016301792029204416
SBUX,2025-11-14,000082922425000114,-0.03873921325249202,-0.029955770534497397,0.041468986618281065
SBUX,2024-11-20,000082922424000057,0.005562786821507458,-0.022270315068000986,-0.11597381327803943
SBUX,2023-11-17,000082922423000058,-0.012400075001613076,-0.07165266903343388,-0.10852703076842532
SBUX,2022-11-18,000082922422000058,0.0014142341512352738,0.03856984765096639,0.02488072156851584
SBUX,2021-11-19,000082922421000086,0.008306214168027097,0.04452633858571069,0.007302749358013885
SBUX,2020-11-12,000082922420000078,-5.1359861089167805e-05,-0.009776939678064712,0.0196784627221818
SBUX,2019-11-15,000082922419000051,0.00240876826991735,0.02273614179172924,0.031773867555066684
SBUX,2018-11-16,000082922418000052,0.0030798895381030753,0.003308975872634288,-0.014977877069900631
SBUX,2017-11-17,000082922417000049,0.005737370296524659,0.05423732259967341,0.013461297005962916
SBUX,2016-11-18,000082922416000083,0.009395915277388566,-0.0032309982731403325,-0.022224184955483808
FCX,2025-02-14,000083125925000006,-0.0036478271841999445,-0.018001904569144682,0.17239496792422004
FCX,2024-02-16,000083125924000011,-0.015989145940678864,-0.020590347279070484,0.155816146160221
FCX,2023-02-15,000083125923000013,-0.0034059263334843114,0.061578454014086056,-0.05838666408126451
FCX,2022-02-15,000083125922000009,0.0332019654270651,0.09883399145268294,0.0734501585685897
FCX,2021-02-16,000083125921000009,-0.01190959816537463,-0.09774402175276654,-0.14608272913330955
FCX,2020-02-14,000083125920000004,0.004274829659792076,0.022176508069013612,-0.16098492712484958
FCX,2019-02-15,000083125919000009,0.002623657561484266,-0.024733274287639048,-0.019405148312324684
FCX,2018-02-20,000083125918000008,-0.00850385081451607,-0.045079475386166995,-0.00040804838138419966
FCX,2017-02-24,000083125917000012,-0.010413792578049051,-0.06706709533420292,-0.041787230870824615
FCX,2016-02-26,000083125916000062,0.01249405467955473,0.025177034233541264,0.05967532902945222
PSX,2025-02-21,000153470125000074,0.00948345114663975,0.0054018861955012,0.008974946738087075
PSX,2024-02-21,000153470124000078,0.005227798471056444,0.03981002180977726,0.06911956264202997
PSX,2023-02-22,000153470123000053,-0.020295873366894424,-0.0617195163895311,-0.13846228580115558
PSX,2022-02-18,000153470122000078,-0.01191216197306838,0.039754245292943496,-0.06543876629447323
PSX,2021-02-24,000153470121000074,0.03738953071191565,0.06512997850774638,-0.003422649527798442
PSX,2020-02-21,000153470120000070,0.01798938996466871,-0.06224182707926368,-0.2228233240349847
PSX,2019-02-22,000153470119000063,0.004691068101966064,-0.00858903089373091,0.0009042616206922233
PSX,2018-02-23,000153470118000065,0.0005398161071019161,0.01575856994650957,0.06750695558984779
PSX,2017-02-17,000153470117000051,0.010286171878828708,0.0098943628231708,0.03370085607496102
PSX,2016-02-19,000153470116000119,0.005895999827962507,0.0509882233952719,0.061151345308322905
PWR,2025-02-20,000105091525000005,-0.009653073293712816,-0.04762220850316105,0.09141361347894907
PWR,2024-02-22,000105091524000009,0.005658237303673489,0.002467141335454728,0.03262917518118285
PWR,2023-02-23,000105091523000010,-0.006146755250993544,0.00301643550980558,-0.018140708359944364
PWR,2022-02-25,000105091522000008,0.034468403608506226,0.1734058243568615,0.09557448994806339
PWR,2021-03-01,000105091521000009,0.006143591072423564,0.018181808331079408,-0.017390479080679352
PWR,2020-02-28,000105091520000020,-0.043540760560559055,-0.01698020370079195,0.015606953001573165
PWR,2019-02-28,000105091519000014,0.00790935080167374,0.03617514742945599,0.053757628914659315
PWR,2018-02-28,000105091518000003,-0.004611587683496209,-0.008588795061057974,0.03996101753731941
PWR,2017-03-01,000119312517064821,0.0012149944908905297,-0.015221481529349169,-0.029662515341827574
PWR,2016-02-29,000119312516485494,0.011094430705885176,-0.004288927529034165,0.007908390077385825
MELI,2025-02-21,000109959025000007,-0.00868789792702738,-0.03579138140857643,0.010393765404500953
MELI,2024-02-23,000109959024000008,-0.030895708028426755,-0.035569710465499046,-0.09412684074480204
MELI,2023-02-24,000109959023000007,0.020826084413489796,0.04430386549879432,-0.020328817934697055
MELI,2022-02-23,000156276222000049,-0.026655126549088776,-0.12533909160492315,0.042248869163683
MELI,2021-03-01,000156276221000079,0.04334613870066673,0.07316276162081786,-0.009969096708785378
MELI,2020-02-14,000156276220000055,-0.013032112149659908,0.04435494869578361,0.11090174345348885
MELI,2019-02-28,000156276219000047,-0.008472321779340966,0.048859776909182556,0.06279663909558786
MELI,2018-02-23,000156276218000040,-0.014025117303513832,-0.008298618880052833,-0.11025345000894987
MELI,2017-02-24,000156276217000024,-0.005859083561404821,-0.0031242971535630753,0.005319131328422462
MELI,2016-02-26,000156276216000352,0.013334118025633604,0.0440333920823403,0.04993894276717428
KKR,2025-02-28,000140491225000015,-0.01587975027944255,0.034063063716853394,0.07757298752529423
KKR,2024-02-29,000140491224000005,0.016096246875587708,-0.00678997808519242,-0.017837390552232563
KKR,2023-02-27,000140491223000005,0.0024847188574734537,-0.06361218067987884,-0.11652186998533412
KKR,2022-02-28,000140491222000004,-0.041775356566580706,-0.037752189757785534,-0.02543973867720928
KKR,2021-02-19,000140491221000008,-0.015085877140632135,0.022448053210420402,0.006790199180033634
KKR,2020-02-18,000140491220000006,-0.004937665159911474,0.004627308613490953,-0.03677868344540771
KKR,2019-02-15,000140491219000006,0.00040339164656446875,0.003556662396258835,0.037584795338164535
KKR,2018-02-23,000140491218000005,0.002461374057894525,-0.001007910064149345,-0.01967621947354738
KKR,2017-02-24,000140491217000005,0.0016172897503330332,0.013013532039584629,-0.012382753526532116
KKR,2016-02-26,000140491216000009,0.04007512219186595,0.05044918664297524,0.09029470941878626
CSX,2025-02-27,000027794825000008,0.013175494660912578,-0.01525771581385241,-0.002262666883293003
CSX,2024-02-14,000027794824000010,0.004999221706266908,0.007080257325474597,-0.020127022066551956
CSX,2023-02-15,000027794823000006,0.01742656175064955,0.047783144210745795,-0.015448680766482266
CSX,2022-02-16,000027794822000009,-0.008219454626233967,0.028647525310389922,0.05518388715312409
CSX,2021-02-10,000027794821000014,0.005398868112893974,0.05736424195955444,0.029624046224280266
CSX,2020-02-12,000027794820000008,0.0007464433979548334,0.016599218622125274,-0.06113691973287769
CSX,2019-02-06,000027794819000011,-0.004043766190989178,0.0029476174127887143,-0.002994614184414439
CSX,2018-02-07,000027794818000009,0.011685280334306752,0.007156059890281459,0.020691448695615296
CSX,2017-02-14,000027794817000009,-0.01147928017214769,-0.019085908232193645,-0.08381226855842129
CSX,2016-02-10,000027794816000046,0.006557561912097895,-0.01873897177562133,0.028027965097085553
EMR,2025-11-10,000003260425000087,0.00946157720106206,0.016017520677448074,0.05222402174787552
EMR,2024-11-12,000003260424000041,-0.0010731011369065988,0.006956334374933571,-0.019601605662215655
EMR,2023-11-13,000003260423000044,0.00012662992219261574,-0.0036703241122107684,0.04873935885069755
EMR,2022-11-14,000003260422000041,0.0013859859737143758,-0.022194620537252234,0.011464799584504838
EMR,2021-11-15,000003260421000038,-0.0013884583280904664,-0.04170297278355185,-0.021334759831411643
EMR,2020-11-16,000003260420000041,0.018146174034584156,-0.03330375751543318,0.024092668752322625
EMR,2019-11-18,000003260419000048,-0.001481273382680048,-0.00273386466977323,-0.005650823657507279
EMR,2018-11-19,000003260418000044,-0.0019787584285059657,-0.026507011506777797,-0.04325681734428005
EMR,2017-11-20,000003260417000046,0.02453520437860444,0.03336758561236587,0.08468775903774725
EMR,2016-11-16,000003260416000105,-0.0015846894245174323,0.028895372547538177,0.0017453193423581145
ELV,2025-02-20,000115603925000010,0.024186518896932838,0.062237912125803735,0.1387366924998246
ELV,2024-02-21,000115603924000015,-0.00625726569308087,-0.008083705773104506,0.00346289301375246
ELV,2023-02-15,000115603923000007,-0.011632567764374224,-0.040674420953377755,-0.03924654565015615
ELV,2022-02-16,000115603922000009,0.012431237162625265,0.06287998885891759,0.014564212180981695
ELV,2021-02-18,000115603921000012,0.01591254824178867,0.104490532353295,0.1454982347757439
ELV,2020-02-19,000115603920000003,0.007091691998767282,0.11946126602151783,-0.010772378691439849
ELV,2019-02-20,000115603919000004,-0.036470471782874096,-0.07271064817524597,-0.06900741626780045
ELV,2018-02-21,000115603918000003,0.0021358966721347966,-0.02307221798528623,-0.05369918396306671
ELV,2017-02-22,000115603917000002,-0.0008376019156497386,0.0068452572889052266,-0.007137410234682704
ELV,2016-02-19,000115603916000018,0.0037759826942734597,-0.018780880151217483,0.03120969018411813
MNST,2025-02-28,000141057825000248,0.01660078902856443,0.025669333903092097,0.08585063825354652
MNST,2024-02-29,000110465924029425,0.0017115918440775884,0.025910107504034344,-0.05961304502287201
MNST,2023-03-01,000110465923027245,-0.0034636879130449856,3.856403470178099e-05,-0.0024645802495515713
MNST,2022-02-28,000110465922028182,-0.02662511160703265,-0.0046321846639254295,0.01682015901001496
MNST,2021-03-01,000110465921029943,-0.01025873930616719,0.00359390383241577,0.02057647056087999
MNST,2020-02-28,000110465920027209,0.004869818060106196,0.057274386414145374,-0.053908914780151924
MNST,2019-02-28,000110465919011581,-0.014255034066581384,-0.045034925484636924,-0.18014707915177813
MNST,2018-03-01,000110465918014057,0.01824180455586562,0.034662811215414854,0.022789872040926834
MNST,2017-03-01,000110465917013048,-0.007751596710019262,-0.013279302957476948,-0.02480476438756119
MNST,2016-02-29,000110465916100960,-0.007773912582155604,0.015547780956402748,0.010595767485087781
SNPS,2025-12-22,000088324125000028,-0.006835882383976212,0.08303661860512275,
SNPS,2024-12-19,000088324124000024,0.0156071389268738,0.04441433848502528,0.11152148015364179
SNPS,2023-12-12,000088324123000019,0.0047390548873044985,-0.08609229144568577,-0.10673460148837303
SNPS,2022-12-12,000088324122000017,0.0010682767995441643,-0.017039050247763494,-0.03159932858628181
SNPS,2021-12-13,000088324121000022,0.008522946855280059,-0.001277180879096194,-0.08790548976948805
SNPS,2020-12-15,000088324120000015,0.015242284659823399,-0.01020328305148148,-0.004742566273798186
SNPS,2019-12-20,000088324119000019,-0.004214582908744756,0.029576072681778455,0.05610665970557134
SNPS,2018-12-17,000088324118000012,0.00980409269678981,-0.0037661720994371464,0.011442203162334632
SNPS,2017-12-14,000088324117000014,-0.01022845613601921,-0.025517671072580746,-0.01455528895105418
SNPS,2016-12-12,000088324116000027,0.0016618533724071603,-0.013171680547632318,0.0006856855669171436
EPD,2025-02-28,000106121925000006,0.01872827228337179,0.02774491724638952,0.03730183424905757
EPD,2024-02-28,000106121924000006,0.003393489726675179,0.025428750138372716,0.03820272000211207
EPD,2023-02-28,000106121923000006,0.002492703846997262,-0.008781999928255855,-0.028164714187552682
EPD,2022-02-28,000106121922000008,0.010718710127826483,-0.018233876782870584,-0.007603715183164427
EPD,2021-03-01,000106121921000009,0.0012067919442920313,-0.009193000987565824,-0.08302648792954775
EPD,2020-02-28,000106121920000014,-0.041919628787600055,-0.3166925746885634,-0.33754877239481745
EPD,2019-03-01,000106121919000007,-0.004476132168565346,-0.025996992041405223,0.0015865291655069369
EPD,2018-02-28,000106121918000008,-0.001223215902870351,0.02216063044512343,0.03317230209792639
EPD,2017-02-24,000106121917000008,-0.003919455087489527,-0.01961613157075234,-0.03555611139037218
EPD,2016-02-26,000106121916000058,-0.0051163871961372,-0.014510185177009055,-0.020842545658061654
CTAS,2025-07-28,000072325425000017,-0.006690440142738752,-0.022459902192022735,-0.09859400056687545
CTAS,2024-07-25,000072325424000036,0.009291104530473075,0.011683736541947582,0.009418296390274385
CTAS,2023-07-27,000072325423000025,-0.00333844613525227,-0.012079810525827366,0.011438687674959022
CTAS,2022-07-27,000072325422000019,-0.007858334339158961,-0.00990233638758994,-0.005379219396062241
CTAS,2021-07-28,000072325421000021,-0.000525190404555914,-0.00518598533221587,-0.01589644850572253
CTAS,2020-07-29,000072325420000025,-0.013329370773498292,0.0321467152552151,0.029833551654012372
CTAS,2019-07-26,000072325419000021,0.004528687677235051,0.02459995794543897,0.024620595157411933
CTAS,2018-07-27,000072325418000015,-0.011649208461421479,0.004750192118003938,-0.020451631191704595
CTAS,2017-07-31,000072325417000020,-0.0059077540076465295,-0.006029333209538668,-0.002146751107087734
CTAS,2016-07-29,000072325416000050,-0.005177159509195945,-0.0053150493738337926,0.07651904562539234
SPG,2025-02-21,000155837025001271,0.006680808288892937,-0.0555246672018577,-0.08181352218870637
SPG,2024-02-22,000155837024001532,0.0068715290539053744,0.026389851128198947,0.008476028306055951
SPG,2023-02-23,000155837023001840,0.00516227661889712,-0.009908318181117518,-0.15070728543100914
SPG,2022-02-24,000155837022001845,0.010419467273321558,0.0012505870117729629,-0.09724311200516518
SPG,2021-02-25,000155837021001700,-0.011979154605374,-0.02894193091281938,-0.04954003387205219
SPG,2020-02-21,000155837020001135,-0.015288040802253837,-0.04619178959245972,-0.5463698246136275
SPG,2019-02-22,000155837019000875,-0.03527426626751634,-0.036257429951923305,-0.020639050703313302
SPG,2018-02-23,000155837018000981,0.0024998890934243025,-0.00024172327050990582,-0.01091877738689987
SPG,2017-02-24,000155837017000934,-0.009207456299699648,-0.06594420102664653,-0.052232763354855015
SPG,2016-02-26,000104746916010465,0.002497410538624737,0.00501029254252293,0.004256848306616847
MDLZ,2025-02-05,000110398225000030,0.003662584058017132,0.032772388461170865,0.14634593403213372
MDLZ,2024-02-02,000110398224000019,-0.024142401752854932,-0.040235060962883734,-0.05776484408418106
MDLZ,2023-02-03,000110398223000006,0.01734844706849768,0.03859998222515816,0.022400905909186253
MDLZ,2022-02-04,000110398222000003,0.005638747912220054,-0.0028245632303604802,-0.07893555339153997
MDLZ,2021-02-05,000110398221000004,-0.012256098888393324,-0.01256447613127592,0.022292608164819077
MDLZ,2020-02-07,000110398220000003,0.00940591949982019,-0.0003778175826681775,-0.012647401177766911
MDLZ,2019-02-08,000110398219000005,0.010859262930455582,-0.015100805885416534,-0.021084525681962285
MDLZ,2018-02-09,000119312518037332,0.0014087295607438798,0.005501111256857684,-0.002235868419914868
MDLZ,2017-02-24,000119312517055858,-0.0014232615584585306,0.009126509122878886,0.01808985455227141
MDLZ,2016-02-19,000119312516469394,-0.02032526516151663,-0.016815298726877342,-0.10574451533835616
ITW,2025-02-14,000004982625000007,-0.00715216227090887,0.008979395745775765,0.008653500751829631
ITW,2024-02-09,000004982624000008,-0.006597993093839552,0.005867611605279619,0.003541108354784059
ITW,2023-02-10,000004982623000008,0.013682417315160025,-0.0004032846128270706,-0.00839205022988003
ITW,2022-02-11,000004982622000006,-0.002169391231071077,-0.005876725058950667,-0.038775927601630844
ITW,2021-02-12,000004982621000007,0.006350604067869851,0.02716345203844067,0.07513017710964305
ITW,2020-02-14,000004982620000020,0.010627276476803747,0.010899712541888158,0.14436651933414563
ITW,2019-02-15,000004982619000021,0.0006231777417675246,-7.972693261128032e-05,0.004751987218856538
ITW,2018-02-15,000004982618000017,-0.01702727022723451,-0.025764744449885395,0.014967475875444987
ITW,2017-02-10,000004982617000022,-0.001994207469756989,-0.0013186341541258158,0.011969971193307082
ITW,2016-02-12,000004982616000151,-0.008517446316465623,-0.02549248017341909,-0.0327910920914616
CP,2025-02-27,000001687525000008,0.03419682984713235,-0.007053149552095248,-0.03987652161083697
CP,2024-02-27,000001687524000009,0.00938741040296621,0.04369924746498841,0.008722657016429866
CP,2023-02-24,000001687523000008,-0.009537043339059461,-0.04352135687900661,-0.030780046758356806
CP,2022-02-23,000001687522000010,0.04062616843755818,0.12139764328854276,0.15513920825456512
CP,2021-02-18,000001687521000008,0.017344544322534898,0.001878959231106498,-0.034214909396133135
CP,2020-02-20,000001687520000007,0.017416918293261058,-0.008951823686848109,-0.05017951209448192
CP,2019-02-15,000001687519000017,0.0017030859676365811,-0.005197662480293349,-0.05484460947055632
CP,2018-02-16,000001687518000029,-0.002266224510748284,-0.0556530627085354,-0.045450982569638185
CP,2017-02-16,000001687517000015,0.0019027789227875778,0.0026114789889295272,-0.012791333756058336
CP,2016-02-29,000162828016011920,0.05223878804472445,0.05108139426589187,0.0507095176312525
ROST,2025-04-01,000074573225000010,0.004765627256947389,0.052293607105648884,0.015232841599097133
ROST,2024-04-02,000074573224000009,-0.004313544551464605,-0.02540958878304457,-0.08161184849350168
ROST,2023-03-28,000074573223000013,0.0036142640587052957,-0.05350389531517203,-0.050812781186924616
ROST,2022-03-29,000074573222000014,0.018442224209257264,0.15893426729138457,0.23978626618113272
ROST,2021-03-30,000074573221000017,-0.002229693664217826,0.013989983190646147,0.0335791358311741
ROST,2020-03-31,000074573220000016,-0.025006625329732867,-0.020286986048838062,-0.01584808121820957
ROST,2019-04-02,000074573219000009,-0.006302509883198524,-0.0045029648509218746,-0.04040370087265734
ROST,2018-04-03,000074573218000004,0.00034545610986577886,-0.009152700787253516,0.03102213988292074
ROST,2017-03-28,000074573217000009,-0.024040110642139664,-0.020313539705988884,-0.015332170468617335
ROST,2016-03-29,000074573216000037,-0.0028899160531383177,-0.04081494778983187,-0.03868229422380894
HLT,2025-02-06,000158568925000008,-0.0240134859453918,-0.04873883629467591,-0.0998880597423133
HLT,2024-02-07,000158568924000027,0.0038500401546305053,0.0354059764858876,0.033552813554569474
HLT,2023-02-09,000158568923000036,-0.013957748859917301,-0.005325807584255498,-0.03300979397284513
HLT,2022-02-16,000158568922000013,0.0023334652809636133,-0.04487648671535762,-0.012292477842651722
HLT,2021-02-17,000158568921000016,0.03337180815570922,0.0250447885388779,0.014831513546465006
HLT,2020-02-11,000158568920000013,0.001209329766444612,-0.05303411269802572,-0.13518014509952303
HLT,2019-02-13,000158568919000034,0.0027552451748965924,0.0018300810927313138,0.02697208382350892
HLT,2018-02-14,000158568918000033,-0.012725959424545942,-0.054322063460192506,-0.05450996787205263
HLT,2017-02-15,000158568917000038,-0.012144828988868829,-0.007743610499232063,-0.018463900831566068
HLT,2016-02-26,000158568916000161,0.0111581182928308,-0.02443990440377408,0.035755437669812346
ET,2025-02-14,000127618725000018,-0.019524807118024987,-0.007043820355532537,-0.003297915689084595
ET,2024-02-16,000127618724000024,-0.011281507807755236,-0.005241600496387208,0.031137434721491532
ET,2023-02-17,000127618723000014,-0.011837218953839365,0.0010033563247042604,-0.11056833409820578
ET,2022-02-18,000127618722000020,0.036740779583214325,0.08313010585151276,0.00216883797838582
ET,2021-02-19,000127618721000034,0.04081400946305391,0.06978524762460316,0.02217569082929373
ET,2020-02-21,000127618720000011,0.04000288513058657,-0.03873373230316805,-0.5098559362189812
ET,2019-02-22,000127618719000011,0.004844136086161729,0.01886354282620203,0.017288218611508165
ET,2018-02-23,000127618718000011,-0.005881413004024291,-0.04287014403141291,-0.04068609452840463
ET,2017-02-24,000127618717000023,0.008158540274199946,-0.046874307051376456,-0.048469602834981
ET,2016-02-29,000127618716000132,-0.0839349090061027,-0.13875800429777196,-0.17527759869960755
KMI,2025-02-13,000150630725000008,0.0035239047470916936,0.033853866019066786,0.05754914612310116
KMI,2024-02-20,000150630724000011,0.0016658919823905323,0.03540800403527656,0.042196418005302806
KMI,2023-02-08,000150630723000023,0.0026819649888116985,-0.018401328807596713,-0.049317908689935235
KMI,2022-02-07,000150630722000018,-0.02215018339993295,0.0008988924470208423,0.07511028306808878
KMI,2021-02-05,000150630721000022,0.015721122332393044,0.05526170780740595,0.11852727403365222
KMI,2020-02-12,000150630720000022,0.0064324468866682975,-0.029768139167034614,-0.27189812807069275
KMI,2019-02-08,000150630719000033,0.016701267436673318,0.012914625092778648,0.040401821381088124
KMI,2018-02-09,000150630718000010,0.004794034325704879,-0.021167677421746075,-0.024672470095310442
KMI,2017-02-10,000150630717000008,0.0011690381930828855,-0.030312502294984146,-0.03202248421672963
KMI,2016-02-16,000150630716000072,-0.008697544394544482,0.009089952418944443,0.05135971824911181
FDX,2025-07-21,000104891125000011,-0.028255100203869232,-0.062208618778244976,-0.04299608623908091
FDX,2024-07-15,000095017024083577,-0.02030329868722366,-0.0021427204775739048,-0.07640746583909155
FDX,2023-07-17,000095017023033201,0.0003420586981656244,0.02969243204832858,0.0599707142758784
FDX,2022-07-18,000095017022012762,-0.002923749061911854,-0.007019504530731517,-0.04195902802840672
FDX,2021-07-19,000156459021037031,-0.04689725998998319,-0.06479128979608023,-0.12516898776166208
APD,2025-11-20,000000296925000055,0.004934592885459366,0.007671102064357959,-0.03835803844741732
APD,2024-11-21,000000296924000056,0.0008924651313870057,-0.04788402598298838,-0.12789258931762146
APD,2023-11-16,000000296923000047,0.001191235817713987,-0.007197308183002703,-0.025916155507119554
APD,2022-11-22,000000296922000054,0.006071849189147713,0.05035226054176864,0.04592951157770509
APD,2021-11-18,000000296921000055,0.004011542176586157,-0.0027636618062502963,0.004886844392775409
APD,2020-11-19,000000296920000049,-0.003963512969356176,-0.036936720205791536,-0.07483202202503172
APD,2019-11-26,000000296919000051,-0.009966279953352803,-0.021706206776498378,-0.03311018746655983
APD,2018-11-20,000000296918000044,-0.005854307951765813,0.028341132083259786,0.08247555340638082
APD,2017-11-16,000000296917000039,-0.0025547490866446513,-0.018340969897988474,-0.027935701336628517
APD,2016-11-21,000119312516773346,0.01026810895407992,0.026871669153272316,-0.0020003871188665912
URI,2025-01-29,000106770125000008,0.010023821062404927,-0.020947931521651364,-0.12710545203274926
URI,2024-01-24,000106770124000007,0.010618288273161847,-0.018916062235065333,0.0003083566524479109
URI,2023-01-25,000106770123000010,-0.01837428255841282,-0.005298171821172443,0.053880976040121334
URI,2022-01-26,000106770122000008,0.03195680044810754,0.029430532988296596,0.06343518604068746
URI,2021-01-27,000106770121000008,0.018333155364765322,0.06651599201135708,0.11131211454298093
URI,2020-01-29,000106770120000008,-0.017832261936038506,0.016635020312885725,0.05598986823106242
URI,2019-01-23,000106770119000007,-0.03467420064396788,-0.024618347015331513,0.0023856129005043417
URI,2018-01-24,000106770118000006,-0.006532764122023147,0.07649042712179722,0.047398536813157546
URI,2017-01-25,000106770117000006,-0.024876201746524326,-0.07310046837193401,-0.12544731653610636
URI,2016-01-27,000106770116000039,0.004300842992754161,-0.03951641861882057,0.06312152625984395
KEYS,2025-12-17,000160104625000127,0.003414599212385444,0.020243926050921172,
KEYS,2024-12-17,000160104624000159,0.006437333897429573,0.031310113940987296,0.05577828112850359
KEYS,2023-12-15,000160104623000134,0.0018569328275571998,-0.035334968803786226,-0.02229012992919949
KEYS,2022-12-15,000160104622000161,-0.007036043745164079,0.0037047381838372635,0.00022383939263417169
KEYS,2021-12-17,000160104621000197,-0.004725883180113454,-0.05709482984520569,-0.10177898717841574
KEYS,2020-12-17,000160104620000154,-0.0020348170647965427,0.01313653765400058,0.06197160471899935
KEYS,2019-12-18,000160104619000110,-0.004727203566225371,-0.04127080410009877,-0.05244661237020326
KEYS,2018-12-18,000160104618000030,0.0017943868171862373,0.018902735349627824,0.04319325073611187
KEYS,2017-12-20,000160104617000033,0.012991302111865478,0.023656038920279107,0.023471629868989534
KEYS,2016-12-19,000160104616000077,-0.004441740034810111,-0.019114720277889803,-0.019643337958891737
TER,2025-02-20,000095017025023784,-0.015790640909955113,0.005063941412927108,-0.12584470423959807
TER,2024-02-22,000095017024018701,0.025163852723318936,0.07390872846552991,0.06477178693047606
TER,2023-02-22,000119312523044711,0.009776695116779553,0.010246139459349093,0.04574601554801542
TER,2022-02-23,000119312522049828,-0.014452582034302292,-0.004950771032134919,-0.0126265545040088
TER,2021-02-22,000119312521050735,-0.04629314484388018,-0.16324125519720992,-0.21479782690156698
TER,2020-03-02,000119312520058676,0.06443036177544673,0.1547478789391154,0.16493864582356735
TER,2019-03-01,000119312519059974,0.000415448103099088,0.005609291731730054,0.028135320848146024
TER,2018-03-01,000119312518066579,0.0033362515601738432,0.007604103134611223,-0.025124408549490974
TER,2017-03-01,000119312517064638,0.007229463787809058,0.041535578785770744,0.060655490360852105
TER,2016-02-29,000119312516484381,0.013800808980092335,0.005600504677477747,0.05241475190871856
AON,2025-02-18,000162828025006093,0.0033923977225233507,0.01678853285995792,-0.018618542323226343
AON,2024-02-16,000162828024005392,0.002420148811423802,0.0036398494247777344,0.02481186439281126
AON,2023-02-17,000162828023004087,0.006700637030106878,-0.008185816918163722,-0.002367930220192998
AON,2022-02-18,000162828022003180,0.003292768131134256,-0.020280373518616925,0.04981134680176956
AON,2021-02-19,000162828021002574,0.0030176523685720887,0.01076099875061854,-0.019172096922002967
AON,2020-02-14,000162828020001607,0.0231643993640408,0.023515863282852982,-0.13577430492945936
AON,2019-02-19,000162828019001558,-0.001446468637923702,-0.03927130989770588,-0.043637431608492955
AON,2018-02-20,000162828018001923,-0.009071642217426137,0.0009847709269966546,-0.012544697352302715
AON,2017-02-23,000162828017001652,-0.00040176774742894895,0.016203624396975414,0.030996131681101182
AON,2016-02-22,000162828016011485,-0.015206863801756499,0.008725493608921896,0.006836296959004144
FAST,2025-02-06,000081555625000065,0.007930603485166271,0.020443261936452697,0.11129906106530821
FAST,2024-02-06,000081555624000009,-0.0054995068568652414,0.006887090548678907,0.04993944032036282
FAST,2023-02-07,000081555623000009,-0.005532437637893428,0.0038016274852808733,0.028486336114606627
FAST,2022-02-07,000081555622000009,0.002820425758475317,0.005679419605679948,0.07653320103377802
FAST,2021-02-08,000081555621000008,-0.01610946076685652,-0.0033968450874470365,-0.030548485805242154
FAST,2020-02-06,000081555620000011,5.894039154250366e-06,0.03305154855223029,0.10027024955290165
FAST,2019-02-06,000081555619000015,-0.0014724519394912088,-0.022008378843318275,-0.04497077106215981
FAST,2018-02-05,000081555618000010,-0.028284632979907555,-0.027088433833034876,0.00782037363664159
FAST,2017-02-06,000081555617000009,-0.009655994054510016,-0.011334636987792064,-0.02231127938369289
FAST,2016-02-05,000081555616000087,0.005094626577667693,0.014667080151401182,0.02533683511312493
FIX,2025-02-20,000155837025001222,-0.018230440115717898,-0.055761128413938564,0.08900179479833929
FIX,2024-02-22,000155837024001529,0.016198897830766435,0.0015369769888534356,-0.004793586086255651
FIX,2023-02-22,000155837023001757,-0.007346004359481611,-0.014879489682555586,-0.08546779936708944
FIX,2022-02-23,000155837022001753,-0.005296906587137357,0.08302482478562234,-0.041533534068462774
FIX,2021-02-25,000155837021001828,0.011603764001632433,0.04264162737782956,0.043530817568301954
FIX,2020-02-26,000155837020001491,-0.007001828358357755,0.006111300013381421,0.03354345639730653
FIX,2019-02-21,000155837019000857,-0.006478290810055859,-0.02042229102912738,-0.0643501359000524
FIX,2018-02-22,000155837018000936,0.0062470508202373065,0.016224033212541445,0.014353378147413281
FIX,2017-02-23,000155837017000882,-0.02133525363628974,-0.053410244747893645,-0.07145019632590813
FIX,2016-02-23,000104746916010332,0.005289171383194902,0.027879967621765516,-0.004091561137998976
LNG,2025-02-20,000000357025000033,0.007615457925686435,-0.012626821673633224,0.05200087027793653
LNG,2024-02-22,000000357024000040,0.01292664640568136,0.003006525483752039,0.04059802947983709
LNG,2023-02-23,000000357023000042,0.01024932357210397,-0.047659099422554974,-0.09518908421257163
LNG,2022-02-24,000000357022000024,0.003150407423244233,0.00516287892091509,-0.0018074426534291782
LNG,2021-02-24,000000357021000039,0.00826345623275019,0.05629781142329239,0.0285277598251803
LNG,2020-02-25,000000357020000043,-0.000108082902493499,-0.17747632867429036,-0.1859696786237991
LNG,2019-02-26,000000357019000030,0.023862730532580256,0.0646207842693859,-0.0032113521003382696
LNG,2018-02-21,000000357018000031,-0.02829902770593013,-0.006126658000314476,0.004951170942401363
LNG,2017-02-24,000000357017000052,0.007114606619019307,-0.024786707828013746,-0.0008650610630287422
LNG,2016-02-19,000000357016000284,0.036774611884610765,0.09066953119347103,0.05743783775083747
NUE,2025-02-27,000095017025028427,0.015284454168643649,0.0440375965587304,-0.01774898658940516
NUE,2024-02-27,000095017024021195,-0.006593739695451698,-0.02094593885150218,0.055370602434729896
NUE,2023-03-01,000156459023002793,0.008862431992845917,-0.1447806807914583,-0.15892201638160108
NUE,2022-02-28,000156459022007679,-0.039109628294505996,-0.0023833717978478074,-0.0037721175479464315
NUE,2021-02-26,000156459021009503,0.059864915158073045,0.06050432888263893,0.2046340938001736
NUE,2020-02-28,000156459020007794,-0.021961216658005017,0.04919386982998732,0.19419898645556255
DVN,2025-02-19,000095017025022844,-0.010588073391572545,-0.04586624470676513,0.06317159775963227
DVN,2024-02-28,000095017024021781,0.004330587041184769,0.04186061497163157,0.12611934045828843
DVN,2023-02-15,000095017023002852,0.019300759980875014,0.032054370405708264,-0.1264006656372505
DVN,2022-02-16,000156459022005321,-0.04034851115566174,0.03052747318525193,0.0284449624283381
DVN,2021-02-17,000156459021006239,0.012063345758346642,0.0726239270843628,0.04461079251321835
DVN,2020-02-19,000156459020005182,-0.050787220728068,-0.07800068718963463,-0.3328395602224181
DVN,2019-02-20,000156459019003382,0.011043098134483469,-0.015246186449893877,0.03912803505763222
DVN,2018-02-21,000156459018002582,-0.02287869830565934,-0.01307204677360225,0.10774906980506929
DVN,2017-02-15,000156459017001607,0.0020628711129418156,-0.03705417660289104,-0.12161282179997339
DVN,2016-02-17,000119312516466687,0.021287617302466432,0.09434993060943826,0.350921494120228
NKE,2025-07-17,000032018725000047,0.007556638491919605,0.010174264356864195,0.015490231080970432
NKE,2024-07-25,000032018724000044,0.018197302898378457,0.03387744803894635,0.16005517499926075
NKE,2023-07-20,000032018723000039,-0.003339970638371468,0.030841766998418847,-0.006196158217812015
NKE,2022-07-21,000032018722000038,0.008108318993831857,0.0007745535419108429,-0.00784530845798529
NKE,2021-07-20,000032018721000028,0.004121345834132851,0.03507246652150025,-0.012126705650150046
NKE,2020-07-24,000032018720000047,-0.00016070162583975336,0.0491170269913375,0.06684719768501086
NKE,2019-07-23,000032018719000051,-0.0012311459911155329,-0.02097734109795218,-0.02035412502377107
NKE,2018-07-25,000032018718000142,0.008454430494476087,0.02810165689042805,0.03864670032985598
NKE,2017-07-20,000032018717000090,0.010138558448521356,0.027548295706761337,-0.06051730774661661
NKE,2016-07-21,000032018716000336,-0.000679900195742031,0.0014411248530954435,0.06507637498661278
O,2025-02-25,000072672825000055,0.004695073223313237,-0.02363943416027367,-0.023894300280224053
O,2024-02-21,000072672824000047,0.004375321215189866,0.0050032095964710425,0.011054991883482565
O,2023-02-22,000072672823000044,0.00439161388393498,0.001887540445556047,-0.05229268346124072
O,2022-02-23,000072672822000046,0.010935175650142948,-0.0024918905698398924,0.0053803229141564145
O,2021-02-23,000072672821000043,0.024569461781419742,0.018155348474095955,0.05965047256167387
O,2020-02-24,000072672820000033,0.023451619176392824,0.030007562148775764,-0.14958553580470044
O,2019-02-22,000072672819000038,-0.0044459477542269695,0.004531278397460547,0.03481651784400142
O,2018-02-22,000110465918011376,0.0009680450585513108,0.011965946485784126,0.04231749333076357
O,2017-02-23,000110465917011170,-0.003987431322123801,-0.05245589607007268,-0.02581628698300567
O,2016-02-11,000110465916095923,-0.018864947403252143,-0.03594763960603571,-0.0406018149370006
CAH,2025-08-12,000072137125000079,-0.00360411058917782,-0.0241385968231866,-0.017349900794298753
CAH,2024-08-14,000072137124000056,0.005913172673397777,0.015373846233898836,0.026265825442700893
CAH,2023-08-15,000072137123000060,-0.01642241118938866,0.015868977954057815,-0.018029372849744527
CAH,2022-08-11,000072137122000058,0.01233841857948103,0.006168024962834792,-0.002437575665110123
CAH,2021-08-16,000072137121000080,0.009362376834494791,-0.009499805859838254,0.029379211508976585
CAH,2020-08-13,000072137120000089,-0.032623824663765656,-0.05469194613131094,-0.1275667928589894
CAH,2019-08-20,000072137119000090,-0.009868883905331517,0.027490996178912853,0.0899804304241565
CAH,2018-08-22,000072137118000077,0.008605200151353812,0.02836471235401933,0.04576421368935575
CAH,2017-08-10,000072137117000083,-0.008728465956296904,0.014521414807252728,0.04937507654082838
CAH,2016-08-12,000072137116000277,-0.006940685500444922,-0.028695019459839394,-0.05926342809581895
A,2025-12-22,000109087225000087,-0.0004319958111154735,0.07188919350477167,
A,2024-12-20,000109087224000049,0.0012217481108150758,0.028059565631685213,0.11665242755552827
A,2023-12-20,000109087223000020,0.0005415145846151641,-0.04201056406063353,-0.06447528701690353
A,2022-12-21,000109087222000026,-0.00021641534507796725,-0.03923407847915917,-0.029245735642588828
A,2021-12-17,000109087221000027,0.003437762487943838,-0.049005880108558844,-0.0626416934732291
A,2020-12-18,000109087220000020,-0.004245630520020906,0.009319095254084687,0.025940467185384126
A,2019-12-19,000109087219000022,0.003365147162856307,-0.000385844781421495,0.014640674596049619
A,2018-12-20,000109087218000019,0.012676285877288307,-0.013261554663110672,0.02544978675799971
A,2017-12-21,000109087217000018,-0.0021092462780978056,0.028491743888050217,0.00577120738772041
A,2016-12-20,000109087216000082,0.0015483985085837694,0.03644341497858203,0.03372064958769733
VMRK,2025-02-13,000095017025019894,0.010906866833965774,0.05709470065167519,-0.007459611191473644
VMRK,2024-02-15,000095017024015907,-0.018886568523279967,0.0420286561858456,0.03375532049628435
VMRK,2023-02-16,000095017023003060,-0.015120837510141559,-0.02538658078562806,-0.10717564005485476
VMRK,2022-02-17,000156459022005566,-0.021357531622341237,0.033399806874145774,-0.021503769483139236
VMRK,2021-02-18,000156459021006679,-0.01367482239857796,0.035757363429288154,0.07587474995035628
VMRK,2020-02-20,000156459020005562,-0.04049829542580331,-0.01026735897176797,-0.3100733678212545
VMRK,2019-02-21,000156459019003683,-0.006603268268126423,-0.0023553544885011597,-0.0005107182078362606
VMRK,2018-02-22,000156459018002873,-0.008591061671371419,0.03715661463566323,0.08440233489729056
VMRK,2017-02-23,000090610717000007,-0.014524478123458744,-0.014864471239762412,0.011076731745426687
VMRK,2016-02-25,000090610716000029,0.004144395363975827,0.014114074666021144,0.02848297853878987
IQV,2025-02-13,000147824225000045,0.002542671224925311,0.007531893375141688,0.08020420059219935
IQV,2024-02-15,000147824224000038,0.00032136133357345243,0.014498435740117485,0.023701796551364236
IQV,2023-02-15,000147824223000044,-0.0058366419704605835,0.022143467174840486,-0.08416802786423308
IQV,2022-02-16,000147824222000041,0.0010278427810527097,-0.01855568360400974,-0.05644912708076372
IQV,2021-02-12,000147824221000020,0.003248524161095492,0.014886763111980285,-0.032225557659961254
IQV,2020-02-18,000156459020004901,-0.017475452238218614,-0.03053987595354405,-0.21737251695310422
IQV,2019-02-19,000156459019003180,-0.005817406348781189,-0.006218910183813973,-0.02718262516888316
IQV,2018-02-16,000156459018002340,0.007262968212899667,0.020739372177438445,0.05497055177489617
IQV,2017-02-16,000119312517046709,0.022332933025012592,-0.000665706381533143,0.0048095234583062
IQV,2016-02-11,000156459016012629,0.011213516937591034,-0.002782842753082425,0.0024018779991915908
ADSK,2025-03-06,000076939725000019,0.0032723890811602874,0.04767452595427477,0.10161950364686442
ADSK,2024-06-10,000076939724000090,0.01233878306470849,0.016508674347055607,0.028547632729309068
ADSK,2023-03-14,000076939723000036,-0.017121003282897528,-0.05436165088145451,-0.12323965380162008
ADSK,2022-03-14,000076939722000019,0.003891522639979557,0.0004082452031734518,-0.022676857351698703
ADSK,2021-03-19,000076939721000014,0.00787427997694642,0.02538100085946009,0.014530318535217704
ADSK,2020-03-19,000076939720000013,-0.08055222556907153,-0.06563510357759472,0.035699250599493734
ADSK,2019-03-25,000076939719000016,0.0027265179055868285,0.009988690127251676,0.024969272232561894
ADSK,2018-03-22,000076939718000011,0.007588395564491056,0.022811172684577087,-0.033538164423340726
ADSK,2017-03-21,000076939717000014,0.008041113316446248,-0.02217313025324784,0.027979690482566717
ADSK,2016-03-23,000076939716000067,-0.016879963029377415,-0.020193862045768136,0.02630887830116391
HEI,2025-12-22,000004661925000082,-0.010284242355190272,0.06040050037058356,
HEI,2024-12-19,000004661924000111,0.0030652762167603376,-0.05926700583853739,-0.04049024577650116
HEI,2023-12-20,000004661923000163,0.0012990479029989343,-0.031384065457094046,0.010809436110595412
HEI,2022-12-21,000004661922000066,0.002188149999628135,7.033861161824181e-06,0.034280068209697534
HEI,2021-12-21,000004661921000085,0.0027987005020040975,0.04349575997689738,0.10999098306903114
HEI,2020-12-23,000004661920000078,-0.008032967459832402,0.01783728724656768,-0.13600697480295754
HEI,2019-12-19,000004661919000095,-0.004752893808193551,0.05492641966055074,0.02611864122571792
HEI,2018-12-20,000004661918000117,0.00046231608213182125,-0.030409040921556836,-0.044615597740942856
HEI,2017-12-21,000004661917000085,0.012684425031070139,0.014117742786003619,-0.006385583408149511
HEI,2016-12-15,000004661916000162,0.0006807262374345867,-0.01985278581540943,-0.04400156772956641
WAT,2025-02-25,000119312525034579,0.0007518869555774958,0.06278010711539374,0.025485512313426713
WAT,2024-02-27,000119312524047491,0.0016501036565571333,0.01420890063496631,-0.01874020169571635
WAT,2023-02-27,000119312523050827,-0.024278682783959768,-0.0019919906688785722,-0.06189836795420268
WAT,2022-02-24,000119312522051509,0.022692757216157804,0.03870546221142323,-0.0037496750595552796
WAT,2021-02-24,000119312521054385,-0.01955555438076622,-0.015206396073042888,-0.007290492885155087
WAT,2020-02-25,000119312520048303,-0.004820606368355018,0.0029741821565652596,0.09495396684106702
WAT,2019-02-26,000119312519051872,0.0017220085156390568,-0.0025407022479825847,0.012385089352475093
WAT,2018-02-27,000119312518060830,0.010519206349306014,0.016664744539173423,-8.374136085057514e-05
WAT,2017-02-24,000119312517056239,0.003950448937811296,0.02170436399179397,0.01818414632725459
P,2025-03-27,000162828025015044,-0.006242308169751978,0.07766216078667834,0.05136547925377327
P,2024-04-01,000162828024013860,-0.0017227172079312858,0.010750167788044034,-0.03327803091822648
P,2023-04-03,000162828023010275,0.006120224780355628,-0.009987752745346778,-0.1367208595772133
P,2022-04-07,000162828022008643,-0.0033929962828778866,-0.005835321905237459,-0.056089436751213834
P,2021-03-25,000162828021005538,0.0013206667574134565,-0.05826539589896358,-0.11320265370354775
P,2020-03-27,000162828020004133,-0.06271896310133843,0.003185707532991031,0.11629838486274172
P,2019-03-26,000162828019003437,0.021755994246231657,0.0082725834857531,-0.05417806183023458
P,2018-03-26,000162828018003579,-0.0004253245717491111,-0.06800495092844386,-0.026091441980469098
P,2017-03-29,000162828017003034,-0.018301859366966298,0.0024601346688053437,0.032262214631097574
MSCI,2025-02-07,000140819825000053,-0.0012942332919655304,0.038079952782596696,0.011260479826164656
MSCI,2024-02-09,000140819824000030,-0.013285957779649995,-0.034638728774398005,-0.05500318745309584
MSCI,2023-02-10,000140819823000011,-0.010073855418206792,-0.009485508941214683,0.0315675157273905
MSCI,2022-02-11,000156459022004803,0.002702398199451457,-0.04152290524080405,-0.08059218506890194
MSCI,2021-02-12,000156459021005811,0.0016281521206610292,0.010207215580071538,-0.0423723871729456
MSCI,2020-02-18,000156459020004992,0.03146162128271557,0.11060522805987905,0.1477787775024641
MSCI,2019-02-22,000156459019003885,0.02084743201850605,0.000843270103192714,0.02316168073939899
MSCI,2018-02-26,000156459018003147,0.0035432048071389784,0.02437650974347667,0.06749106706534537
MSCI,2017-02-24,000156459017002336,0.003991900869834333,0.0004917838891153362,0.01965224342007366
MSCI,2016-02-26,000119312516482334,0.004219689186669161,-0.015814699330654467,0.007432097909981746
IDXX,2025-02-21,000087471625000037,-0.022074277555185498,-0.0017301521162533706,-0.01352089918642163
IDXX,2024-02-22,000087471624000057,-0.008039771251939977,-0.028546909540092903,-0.1001798279236482
IDXX,2023-02-16,000087471623000006,-0.004083318088375157,0.011961222591747903,0.023961340787713475
IDXX,2022-02-16,000087471622000007,0.056125957921809355,0.09324833880032736,0.08012176703429534
IDXX,2021-02-12,000087471621000008,-0.00906876299053937,-0.022108789845564657,-0.1229057320916572
IDXX,2020-02-14,000087471620000006,-0.015108273845445427,0.006041968661106147,-0.02848307265090231
IDXX,2019-02-15,000087471619000004,0.0020159387431378777,0.01614841709523171,0.020378415478045406
IDXX,2018-02-16,000087471618000005,-0.021546304296340316,0.02804626613094887,0.07523834568257665
IDXX,2017-02-17,000087471617000004,0.00981957238983986,0.011604369069549323,0.03583065460625045
IDXX,2016-02-17,000087471616000020,0.0012959952159797626,0.025325989641634544,-0.0023804917586252956
CMG,2025-02-05,000105809025000014,0.006283344710028406,-0.09911673919431518,-0.065866800911425
CMG,2024-02-08,000156276224000023,-0.0058504724154959074,-0.008726649018574631,-0.007572755663000261
CMG,2023-02-09,000105809023000010,-0.005768029264107464,-0.06702598745628774,0.012174843678210171
CMG,2022-02-11,000105809022000011,0.018338073281208234,0.015338094515461441,0.053888301677349155
CMG,2021-02-10,000105809021000010,-0.00030360848641737114,-0.022056695417453094,-0.019139698534615716
CMG,2020-02-05,000105809020000010,0.004910688660877396,0.030747670105815236,-0.16398871475286955
CMG,2019-02-08,000105809019000007,-0.008892012923789295,-0.04301945478744219,-0.012376321246093126
CMG,2018-02-08,000105809018000018,0.06771161598337429,0.08125120678963732,0.13952024724685133
CMG,2017-02-07,000105809017000009,0.0121435448927719,0.03139341130277927,-0.0052945390631255265
CMG,2016-02-05,000105809016000058,0.03310203390154586,0.10986627949054194,0.07796063592547263
LYV,2025-02-21,000133525825000028,-0.0003558553944000044,-0.0899876093613043,-0.10575700757064468
LYV,2024-02-22,000133525824000017,-0.008132645269071053,0.022227962866084416,0.050584087956446026
LYV,2023-02-23,000133525823000014,-0.009932976969823232,-0.042000280942056226,-0.04076814948643947
LYV,2022-02-23,000133525822000019,-0.03159707576513117,-0.03428467439488559,-0.08251702331292149
LYV,2021-03-01,000133525821000009,-0.04349295919342138,-0.07214252619472739,-0.11116369514718663
LYV,2020-02-27,000133525820000028,-0.026273442807263576,-0.107831629924054,0.029688948258096943
LYV,2019-02-28,000133525819000024,0.001776576592341478,0.004001940261884714,-0.007839708113735761
LYV,2018-02-27,000133525818000023,-0.006672752369752353,-0.00041916866038362467,-0.13350900495812945
LYV,2017-02-23,000133525817000031,0.0015176888573976985,0.00013827758463898047,0.06275441714362255
LYV,2016-02-25,000133525816000167,-0.009240048648718156,-0.009397948941808777,-0.029979553823717503
NTAP,2025-06-09,000095017025083705,0.0021117858429124635,0.004305484777600981,-0.017444906021654452
NTAP,2024-06-10,000095017024071327,0.017284530438727286,0.008969793172744038,-0.01570349513639569
NTAP,2023-06-14,000095017023027948,0.005655110344645328,0.023758758129883532,0.04041990998446359
NTAP,2022-06-16,000095017022011708,-0.00021444827667526506,-0.03767197730039641,0.04352341943229171
NTAP,2021-06-21,000156459021033645,0.005103735703325352,-0.026920778704719664,-0.11302692117104468
NTAP,2020-06-15,000156459020029349,-0.0015518542864547814,0.06014056260444895,0.05226625282494453
NTAP,2019-06-18,000156459019022779,-0.002556416106582363,-0.0010456985238796318,-0.04508769152803175
NTAP,2018-06-19,000156459018015820,-0.011227721238479116,-0.015249677689648414,-0.0280308076677833
NTAP,2017-06-20,000156459017012758,0.004797340513096377,-0.02916933739986378,0.0788498037747072
NTAP,2016-06-22,000156459016020754,-0.007988633996269198,-0.0198207884191796,0.06058912788330619
TTWO,2025-05-20,000162828025026694,0.01121789792637335,-0.0007665283743277249,0.030128723770620595
TTWO,2024-05-22,000162828024024623,0.006999146635368739,0.024906571012003484,-0.028919350163306805
TTWO,2023-05-26,000162828023019851,-0.004457576272793837,-0.026262828433846114,0.022389449611442076
TTWO,2022-05-17,000162828022014580,0.0006585772420042608,-0.004317624730089977,0.11398642378928156
TTWO,2021-05-19,000162828021010627,0.004253022369585194,-0.03903364876227163,-0.06781741441723682
TTWO,2020-05-22,000162828020008291,-0.01811164153174892,-0.04845532201244644,0.010904173953971048
TTWO,2019-05-14,000162828019006691,-0.0034898225569695096,0.06922835547049781,0.05790567666290168
TTWO,2018-05-17,000162828018006877,-0.0028588746884100997,0.009553532126813168,0.008755665377786683
TTWO,2017-05-24,000162828017005833,0.006970024248749448,0.011139802285690396,-0.08818374140834903
TTWO,2016-05-19,000104746916013278,0.010933081626661845,0.003788086396368163,-0.045003596250660555
ODFL,2025-02-25,000095017025026661,-0.00022796728615100646,-0.02264516361260655,-0.00797759870685373
ODFL,2024-02-26,000095017024020176,-0.021954805296741757,-0.018537676847414333,-0.03886151826167887
ODFL,2023-02-22,000095017023003783,0.03698490224955544,0.018821061405395214,-0.03679446193496383
ODFL,2022-02-23,000156459022006303,0.025067795374517296,0.0009689462124873593,-0.05929972132634182
ODFL,2021-02-24,000156459021008056,0.011670240676153939,0.0035530774914211173,0.016720522159285687
ODFL,2020-02-26,000156459020006626,0.009456017441957516,0.027610466118755422,0.16485427992292062
ODFL,2019-02-27,000156459019004755,-0.0024499024467556155,0.008453069508365326,-0.03229632686711663
ODFL,2018-02-27,000087892718000005,0.004046732293613183,0.04451575792198656,0.08061064946239624
ODFL,2017-02-27,000087892717000005,-0.00568152827846014,-0.030677287123493307,-0.06094473307134138
ODFL,2016-02-29,000087892716000055,0.008427934091735671,-0.0138137800946387,0.0030541213981541745
PAYX,2025-07-11,000095017025095300,0.0005013612221291194,0.01448158780741728,-0.05240990802024625
PAYX,2024-07-11,000095017024082958,-0.007490611794741403,0.02516707451876391,0.039835401672758175
PAYX,2023-07-14,000095017023032988,0.011387576869356226,0.008549508991517246,0.04018747188557696
PAYX,2022-07-15,000095017022012734,-0.009538617194658676,-0.008167527578955888,0.04461012225026294
PAYX,2021-07-16,000072353121000035,0.0008859453393089225,0.014988242661149575,0.01605837549391284
PAYX,2020-07-17,000072353120000048,-0.0027949057379348576,-0.009100205682454012,-0.01187409256574552
PAYX,2019-07-24,000072353119000032,0.017223482574341337,0.024783070942740397,-0.014040614264236594
PAYX,2018-07-20,000072353118000026,-0.020047960157352,-0.01248597646650328,0.007692766208018446
PAYX,2017-07-21,000072353117000023,0.0026663941024294077,-0.0320570809675686,-0.015884497777472754
AXON,2025-02-28,000106918325000019,0.00644332963365335,0.06292156674262209,0.052595487045540575
AXON,2024-02-27,000106918324000006,-0.005830269386289079,-0.044664193733316385,-0.04579890136010448
AXON,2023-02-28,000155837023002413,-0.005992780416555353,-0.034170949731321176,-0.06527511534340288
AXON,2022-02-25,000155837022002006,-0.004021988817877142,-0.06233419188605238,-0.06300402003844269
AXON,2021-02-26,000155837021001873,-0.03631880017987903,-0.012171339238121748,-0.13735806246796334
AXON,2020-02-28,000106918320000016,0.012353239189913484,-0.044962206705878555,0.14028789248690407
AXON,2019-02-27,000106918319000023,-0.021865410465758114,-0.0863194360039046,0.03133462292404039
AXON,2018-03-01,000106918318000020,-0.003903261294262901,-0.039234350478749846,0.09299260420304133
AXON,2017-03-06,000106918317000042,0.00652047756475869,-0.005733485606430501,0.006110341901719024
AXON,2016-03-07,000106918316000148,-0.008101686192414612,-0.0449752845078531,-0.049247714085913816
ROP,2025-02-24,000088283525000008,0.008266132906483266,0.005278845911122862,0.03821842111423414
ROP,2024-02-22,000088283524000008,-0.0009133644731038554,-0.0037355873228198987,-0.0042565801310514816
ROP,2023-02-27,000088283523000016,-0.0034269233394788427,0.023782135951322142,0.017456575366951894
ROP,2022-02-22,000088283522000012,-0.00755333680328206,-0.004032900967976883,-0.001571197789820294
ROP,2021-02-22,000088283521000011,-0.0037616072115511205,0.02040169362082551,0.061344243378489344
ROP,2020-02-28,000088283520000006,0.01378039792325192,-0.00044903754383437966,0.05198558116412766
ROP,2019-02-25,000088283519000010,-0.004937458665099436,0.00275696899384336,0.02615239106915824
ROP,2018-02-23,000088283518000011,0.004655297113388152,0.015490706935277123,0.056932372288483024
ROP,2017-02-27,000088283517000006,0.0009263795302762918,-0.004309829572188182,-0.017246111965153767
ROP,2016-02-26,000088283516000035,-0.002997017529882916,-0.008397387129906805,0.012476874460967548
UI,2025-08-22,000151173725000053,-0.0020666021232434405,0.07890459209574395,0.10750381893377255
UI,2024-08-23,000151173724000053,-0.017736227930910283,0.021426102522821094,0.09169628896248433
UI,2023-08-25,000151173723000061,0.01733062587268172,-0.02655806279069777,-0.10496311824048377
UI,2022-08-26,000151173722000049,-0.00441292805104072,-0.025154330469451265,0.037283404744739804
UI,2021-08-27,000151173721000036,0.007362919683686912,-0.04431178793373766,-0.1004152791174624
UI,2020-08-21,000151173720000022,-0.009899138378282766,-0.0959650927862683,-0.14034745251356784
UI,2019-08-21,000151173719000026,-0.001708454583907287,0.006158087010977486,0.005247366638612982
UI,2018-08-24,000151173718000012,0.03096827927327737,0.032602680653352215,0.10127311037275027
UI,2017-08-25,000162828017008894,-0.012795667211512277,-0.01719706686806819,-0.09252464054692548
UI,2016-08-22,000151173716000040,-0.010482926559556835,-0.006551806345459004,0.012481686948611438
MLM,2025-02-21,000095017025024770,-0.013170018870796694,-0.0216227494070865,0.04955598171290551
MLM,2024-02-23,000095017024019275,0.012406119087036364,0.024077528759323664,0.019917762921693442
MLM,2023-02-24,000095017023004361,-0.009802969738334711,-0.031013101884746517,-0.04853305389956694
MLM,2022-02-22,000156459022005965,0.012086690635683888,0.030001361642055767,0.023768345722050936
MLM,2021-02-19,000156459021006959,0.00492068601758382,-0.012952555797539504,-0.07203529003187661
MLM,2020-02-21,000156459020005784,0.01433991193107479,-0.023426164084580647,-0.09358969392007449
BIIB,2025-02-12,000087504525000009,0.036982736664036814,0.05161625879502003,0.12716938251155718
BIIB,2024-02-14,000087504524000009,-0.00783363520249476,-0.02890321884573251,-0.012077550481128558
BIIB,2023-02-15,000087504523000009,0.0008869054304780728,-0.02552899779281889,-0.05396368128763918
BIIB,2022-02-03,000087504522000007,-0.015069678177469705,-0.026230027584475846,-0.04540225384410025
BIIB,2021-02-03,000087504521000010,0.013085003083279177,0.01688219543455891,-0.011502383821151166
BIIB,2020-02-06,000087504520000005,-0.004102368482863454,0.006576642489673656,0.013204873860815956
BIIB,2019-02-06,000087504519000006,0.011848204271767474,-0.004943096793392939,-0.050679126734132156
BIIB,2018-02-01,000087504518000005,-0.00380858798558922,-0.13922753427952075,-0.1615870131276195
BIIB,2017-02-02,000087504517000009,0.011797331678855076,0.045626449156133675,0.06348662879646401
BIIB,2016-02-03,000087504516000042,-0.011560589664311019,-0.00422243893294855,-0.03579047402498261
ALNY,2025-02-13,000117867025000026,0.005150011828752297,-0.015220095377469347,-0.018127355680523753
ALNY,2024-02-15,000117867024000008,0.01115607038821579,-0.04930659579996831,-0.06580541540084531
ALNY,2023-02-23,000117867023000005,-0.015051790972669978,-0.05238261555573709,-0.06971710546124724
ALNY,2022-02-10,000117867022000013,-0.00813563103422156,0.02615568455396225,0.03421228728017897
ALNY,2021-02-11,000117867021000010,-0.041147921185885464,-0.04434907031316411,-0.08455770912935165
ALNY,2020-02-13,000117867020000004,-0.003489203796530645,0.03951350851817162,0.07065577074877585
ALNY,2019-02-14,000156459019003022,0.04327667815014288,0.0918199604549087,0.1361222896105044
ALNY,2018-02-15,000156459018002152,-0.01793861017276055,-0.0028120260676636807,0.1466518598230717
ALNY,2017-02-15,000156459017001649,0.006341902992473841,0.10313690901180034,0.2254398637364695
ALNY,2016-02-12,000119312516462538,-0.029284984193222025,-0.07035417481994424,-0.13919115223824144
PEG,2025-02-25,000095017025026874,-0.003269660737579206,-0.004978849701806657,0.010586916999646992
PEG,2024-02-26,000162828024006885,0.01929421877662005,0.016537246812978922,0.05352913585847759
PEG,2023-02-22,000162828023004411,-0.028575003805705858,-0.026035890967106727,-0.016803307127452906
PEG,2022-02-24,000162828022003860,0.02248493026793115,0.011717281411700213,0.019099204678369133
PEG,2021-03-01,000078878421000007,0.029427277589067286,0.021252964907590682,0.057330428799203415
PEG,2020-02-26,000078878420000004,-0.01749537681392717,-0.12714692416635423,-0.13099654779513248
PEG,2019-02-28,000078878419000005,0.005730162316423419,0.008204411774521702,-0.024909277410949317
PEG,2018-02-26,000078878418000004,0.003920828461315388,-0.005261122948929038,0.049040711195143374
PEG,2017-02-27,000078878417000003,-0.0010480045881243274,3.776029035074298e-05,-0.009243463673563632
PEG,2016-02-26,000078878416000014,0.014166939835488711,0.007251878633872409,0.03552700077979964
ACGL,2025-02-27,000094748425000017,-0.006449144946635158,0.019581362072603276,0.057927276858058874
ACGL,2024-02-23,000094748424000020,-0.01038372054600286,-0.004719490167279269,0.016046063658968296
ACGL,2023-02-24,000094748423000015,-0.005159790466414985,-0.055827904021812085,-0.08377399198014548
ACGL,2022-02-25,000094748422000015,-0.005333618761339715,0.011211140440062998,-0.02010391476553957
ACGL,2021-02-26,000094748421000028,-0.0061229414434979465,0.0015640132748550792,0.05927149071021234
ACGL,2020-02-28,000094748420000012,-0.04053783856148206,-0.2145296499206194,-0.2701212004162109
ACGL,2019-02-28,000094748419000008,-0.003033918231446889,-0.0013053306530175146,-0.03106369513474087
ACGL,2018-02-28,000094748418000012,-0.012676604545912696,-0.06255397156097893,-0.004819800675876268
ACGL,2017-03-01,000094748417000015,0.0002408670680702913,0.007811710695868806,-0.0049618247228876275
ACGL,2016-02-26,000094748416000043,-0.010284825531671602,-0.0016067110681457224,-0.004112006706909779
VMC,2025-02-20,000139600925000005,-0.0049271355820978795,-0.02133235006487973,0.008804663670393644
VMC,2024-02-22,000139600924000006,0.007563993776986805,0.015006135142033306,0.005373943177636207
VMC,2023-02-24,000139600923000007,-0.009761365138358938,-0.04155766476878287,-0.08378154661981135
VMC,2022-02-25,000139600922000010,0.0059067473006307915,0.022528239880017918,0.020470810445264387
VMC,2021-02-25,000139600921000009,-0.013322408762166352,-0.019912492255911095,-0.0359945127564346
VMC,2020-02-26,000139600920000006,0.02607350460702757,-0.03024362277774057,-0.11648239464537709
VMC,2019-02-26,000139600919000021,-0.015610350537713591,-0.030608636011182896,0.002049242576787751
VMC,2018-02-27,000139600918000011,0.011394408151241273,0.015283942916476946,0.0123775802467446
VMC,2017-02-24,000139600917000005,0.0005468268101893824,-0.017521672779721095,-0.04753245338452469
VMC,2016-02-25,000139600916000044,-0.0006618233164214947,0.0017678228429491606,-0.023806078108219962
CQP,2025-02-20,000138365025000007,0.01318703195506218,-0.05444940647881348,-0.05436483253777614
CQP,2024-02-22,000138365024000013,-0.017091507270678128,-0.022096164236660203,-0.00982422481185341
CQP,2023-02-23,000138365023000008,-0.016427022688612507,-0.021862516634585154,-0.10173397147205385
CQP,2022-02-24,000138365022000005,0.0018203564448626818,0.04589989181495247,-0.04708839374129806
CQP,2021-02-24,000138365021000005,0.003287644267689244,0.02272848187702728,0.005615473348107157
CQP,2020-02-25,000138365020000006,-0.012056655811288517,-0.1573253920123751,-0.23662570364043672
CQP,2019-02-26,000138365019000005,-0.0036640446360457005,0.015953188176804932,-0.059721687027725595
CQP,2018-02-21,000138365018000005,-0.007121962868756005,0.03979300931294472,-0.02093846826287357
CQP,2017-02-24,000138365017000011,-0.006233993140058042,-0.02096508329035631,0.00405926647735264
CQP,2016-02-19,000138365016000087,0.032908216365140325,0.07507303737886076,0.13967166279718224
MTD,2025-02-07,000103764625000012,-0.019360114080545315,0.03127937235371582,0.021427427514476675
MTD,2024-02-09,000103764624000007,0.0028703545851277244,0.002907572589112454,0.09103652302803052
MTD,2023-02-10,000103764623000005,-0.010975074462670757,-0.041982381892132506,-0.018197077474711026
MTD,2022-02-11,000103764622000008,0.0006693076757198308,-0.007819429668036313,-0.045827035978514105
MTD,2021-02-08,000103764621000008,-0.021781487379627186,-0.061479283319125416,-0.13864783779910475
MTD,2020-02-07,000103764620000005,-0.010392473073737127,0.005410817954030894,0.1266632908518243
MTD,2019-02-08,000103764619000010,-0.0032156741562402776,0.019142822275953257,0.012316452197444632
MTD,2018-02-09,000103764618000006,0.002627342193971794,-0.01670518051048819,-0.06206002997515933
MTD,2017-02-02,000103764617000004,-0.004766951138688508,-0.01165539870214854,0.00022097270794152642
MTD,2016-02-04,000103764616000043,0.006389207705693376,0.017060282434998172,0.008654056463778023
CCL,2025-01-27,000081509725000007,-0.01242555034080566,-0.06963634890075839,-0.1326812036837546
CCL,2024-01-26,000081509724000011,-0.046127610399261595,-0.15015649732642225,-0.16259159726350977
CCL,2021-01-26,000081509721000027,0.00882911375511728,0.05426052364738208,0.373434059152066
EXR,2025-02-28,000162828025009060,0.005198743316073425,-0.049122982947575916,-0.04327999954379719
EXR,2024-02-29,000162828024008044,0.035715022044907244,-0.02349070963199809,0.013613789232138553
EXR,2023-02-28,000162828023005628,-0.0012187418648948694,-0.0017479543396019953,-0.013394367662717297
EXR,2022-02-28,000162828022004274,-0.014595633562299901,-0.06547014160787851,-0.04432909039014794
EXR,2021-02-26,000162828021003458,0.0266279840948457,0.06156755313059285,0.05644705799746616
EXR,2020-02-25,000162828020002202,0.03403175417247398,-0.0061372134237280655,-0.05170818127171552
EXR,2019-02-26,000162828019001968,-0.004364460744475824,0.01699280898240784,0.031576875139472875
EXR,2018-03-01,000162828018002649,0.006410746782641165,-0.008610391516570847,0.018327137601295986
EXR,2017-02-27,000162828017001815,-0.004334974327521519,-0.05392234025717986,-0.05065662239633973
EXR,2016-02-29,000119312516485633,0.004503739337003212,0.0472348726641527,0.06765867432901258
HPQ,2025-12-10,000004721725000071,-0.048401057936450644,-0.07684129778882873,-0.16857299525792246
HPQ,2024-12-13,000004721724000080,0.004976679754073732,-0.0014336109902986956,-0.01972609224626344
HPQ,2023-12-18,000004721723000100,0.003413420830316697,0.0033908929087454543,-0.04862829147473249
HPQ,2022-12-06,000004721722000068,-0.010366996919485515,-0.03439729983652295,0.037792849762824446
HPQ,2021-12-09,000004721721000060,0.007748038664149271,7.897799892758739e-05,0.027263579520201933
HPQ,2020-12-10,000004721720000045,0.013531405976646657,-0.0038679124688643634,0.02864223353831095
HPQ,2019-12-12,000004721719000071,0.0076064429556599,0.009216869487253167,0.04084722187698261
HPQ,2018-12-13,000004721718000052,0.006286266833804972,-0.006992532633932879,-0.04506338599226977
HPQ,2017-12-14,000004721717000043,0.0002230811647869132,-0.006152956596542766,0.042848637811641596
HPQ,2016-12-15,000004721716000093,-0.0055845893854886116,-0.02370777155558733,-0.05289600835454756
TDY,2024-02-23,000109428524000044,0.010317429807972942,0.009405778466741482,0.004439242152154473
TDY,2023-02-24,000109428523000053,0.00033394217867667225,-0.029080361574832188,-0.007864070923821381
TDY,2022-02-25,000109428522000049,-0.00377588963946136,-0.03403827675550289,-0.007976151807325933
TDY,2021-02-26,000109428521000066,0.03207784863343922,0.024624892269810426,0.045324515011002625
TDY,2020-02-24,000109428520000045,-0.0183981550080282,-0.04326241875460411,0.017696430622475404
TDY,2019-02-25,000109428519000064,0.003352538930709418,-0.03471438948665692,-0.04095272698395813
TDY,2018-02-27,000109428518000053,-0.0027594993266565017,-0.016145513897510316,0.012634919894185843
TDY,2017-03-02,000109428517000031,-0.0093105164541652,-0.00313501675755331,-0.03743136115156124
TDY,2016-03-01,000109428516000177,-0.010560980280620032,-0.06577623352702687,-0.03844028719192768
KHC,2025-02-13,000163745925000011,0.03544537323389656,0.02817801819611806,0.051201223832760434
KHC,2024-02-15,000163745924000018,-0.009572301943048863,-0.03619020269716635,-0.017911797242934756
KHC,2023-02-16,000163745923000009,-0.0005708598187762334,-0.021926549785177524,-0.0374423523445541
KHC,2022-02-17,000163745922000018,-0.011219764176908084,0.033116833357298994,-0.024272552562522427
KHC,2021-02-17,000163745921000009,0.0016930146822041383,0.034605497902616265,0.045821990989771216
KHC,2020-02-14,000163745920000027,-0.007342872992730121,-0.008903963210904213,0.0033639631215133525
KHC,2019-06-07,000163745919000049,-0.0023560262605288058,0.013181957894750681,0.041671394668720295
KHC,2018-02-16,000163745918000015,0.004231479743975808,-0.010353643956838254,-0.06916820879653551
KHC,2017-02-23,000163745917000007,0.0031790935425621697,0.0108023511971129,0.0130707794104405
AEE,2025-02-18,000100291025000055,-0.0022731588752600233,-0.013619791359846797,-0.02019142198743002
AEE,2024-02-29,000100291024000056,-0.004337878627099471,-0.013729212642897153,0.025609643455284003
AEE,2023-02-22,000100291023000053,-0.018007890560167293,0.0013296048630255805,0.02117939263308627
AEE,2022-02-23,000100291022000038,0.007665089284212456,0.02803652421940849,0.04735803672390789
AEE,2021-02-22,000100291021000065,0.014518040987478647,0.06584703318391466,0.16246366059341105
AEE,2020-02-28,000100291020000077,-0.029187480577617934,-0.19719331223272796,-0.15122019222719954
AEE,2019-02-26,000100291019000094,-4.476923616898937e-05,0.023501176240197128,0.01514017284312455
AEE,2018-02-28,000100291018000069,0.003971973175841834,0.02828644533977072,0.08438645362705424
AEE,2017-02-28,000100291017000054,-0.0002727531014244946,-0.007528618010396708,0.0014926364614216078
AEE,2016-02-26,000100291016000205,0.003150612441441226,0.019555000600718547,0.03616803229513013
DG,2025-03-21,000155837025003413,-0.013585262506088545,0.07541749166860648,0.13943971232283056
DG,2024-03-25,000155837024003813,-0.011470647288760653,-0.010222377688203419,-0.052924104804904795
DG,2023-03-24,000155837023004574,0.004187776317491914,0.03995018109581738,0.046955651234994
DG,2022-03-18,000155837022003921,0.018211967753143446,0.01983717227214623,0.16475277109068145
DG,2021-03-19,000155837021003245,0.019670921097959655,0.032281144863678404,0.06006890019829206
DG,2020-03-19,000155837020002915,-0.015665371458999853,0.13070388992711054,0.17999511667908605
DG,2019-03-22,000155837019002383,-0.0182751129610307,0.0060458197678765965,0.022042249407838648
DG,2018-03-23,000155837018002366,-0.012824788966341039,0.004798355174743298,0.016822917499509902
DG,2017-03-24,000155837017002116,-0.01129352024186852,0.007704426343553356,0.06113969945322195
DG,2016-03-22,000104746916011420,-0.003938856806204842,-0.02615255005216278,-0.08018941007702414
WSM,2025-03-27,000162828025015037,-0.08831343657542087,0.01071411587557295,-0.02875372098111352
WSM,2024-03-20,000162828024012221,0.0070010656013067525,-0.019670458873737022,-0.09398585142693412
WSM,2023-03-24,000162828023009175,-0.007574958844048513,-0.020231479114972462,-0.003976746958583022
WSM,2022-03-28,000162828022007494,0.029587428880577943,0.09802306619132448,0.047252507764633626
WSM,2021-03-30,000119312521100319,0.02986691614791641,-0.07944760360807684,-0.11682193993172027
WSM,2020-03-27,000119312520088937,0.12759060407839481,0.1940519460045897,0.33571575816883176
WSM,2019-04-04,000119312519097973,-0.024163477700868442,-0.0525114835423404,-0.07106403877250983
WSM,2018-03-29,000119312518102232,-0.019087154791477996,-0.056590278220061,-0.0342082864111276
WSM,2017-03-30,000119312517104341,0.0034496337349519375,0.008451599109867553,-0.0034476333896377234
WSM,2016-03-31,000119312516525847,-0.0030487081833060438,0.08906219894833212,0.08215839245901765
ECHO,2025-02-27,000155837025001663,-0.05703264249595432,-0.08551679710066899,-0.17322816802855875
ECHO,2024-02-29,000155837024002209,0.0009488072889927632,0.008226828668117608,0.025443028584081373
ECHO,2023-02-23,000141540423000005,0.006674680222018424,-0.00816055225536267,-0.13004653103686983
ECHO,2022-02-24,000141540422000005,-0.03095977929672792,0.036814838973055666,0.015533530987399308
ECHO,2021-02-23,000141540421000005,0.09770792038381493,0.14641361616375542,0.09279578194057023
ECHO,2020-02-20,000141540420000005,-0.008170634977933435,-0.037892613828852534,0.008555637592304776
ECHO,2019-02-21,000141540419000003,-0.004235711683153514,-0.014491382173889962,-0.06984929409665186
ECHO,2018-02-22,000141540418000005,-0.012334822666673384,7.91112668416527e-05,-0.05178813070000997
ECHO,2017-02-24,000141540417000010,-0.00759899530452498,-0.00013189288065865688,0.020000277082413212
ECHO,2016-02-24,000110465916099355,-0.001089532408240322,0.009326216481288323,-0.025477639247653283
ATO,2025-11-14,000073180225000056,-0.0012826201994908751,-0.033838026546365516,-0.04451390642240888
ATO,2024-11-18,000073180224000030,-0.0012990208101086504,-0.05120014380080437,-0.08631567235017124
ATO,2023-11-14,000073180223000028,-0.010478527343334336,0.0008276103207404493,0.011967221070868376
ATO,2022-11-14,000073180222000037,0.007519240353669333,0.022731150509681778,-0.007506969196432466
ATO,2021-11-12,000073180221000040,0.02550247183334517,0.025576257700256524,0.0761099432207517
ATO,2020-11-13,000073180220000040,0.012424322752270487,0.010280166606601852,0.03620550244578628
ATO,2019-11-12,000073180219000037,-0.006153804599497689,-0.017181662457841494,-0.02659245602663898
ATO,2018-11-13,000073180218000039,-0.007698900119538284,-0.0179766385554925,-0.024287685921624082
ATO,2017-11-13,000073180217000041,-0.0037244660334238206,0.0022860085851448744,-0.018376256899629382
ATO,2016-11-14,000073180216000066,0.012672081192981886,0.032486764778012156,-0.001650662958507649
WST,2025-02-18,000010577025000013,-0.0013265045933556624,0.0640360231191457,0.08522984053755199
WST,2024-02-20,000010577024000015,-0.0009837751329996047,-0.016968662950820813,0.06455595445544784
WST,2023-02-21,000010577023000012,0.010560680343720588,0.007437115962261923,0.06987637369812823
WST,2022-02-22,000162828022003342,-0.009445217973893439,-0.024253648810822127,-0.0052040402809980756
WST,2021-02-23,000010577021000008,-0.030913633131171993,-0.05428313220918938,-0.04609917783563564
WST,2020-02-24,000010577020000015,-0.0005746731449465456,-0.023191558601691552,0.0047366386744519765
WST,2019-02-28,000010577019000012,0.005286506553973937,0.01711991447268406,0.04488955057393759
WST,2018-02-26,000010577018000006,0.026527187860799675,0.043302593780292206,0.03407461566436443
WST,2017-02-28,000010577017000011,0.0003184082167534807,0.005615041234035888,0.0035655274619645965
WST,2016-02-26,000010577016000060,0.004157120073844683,-0.006424870622786393,0.03678679268105748
CPAY,2025-02-27,000162828025008746,-0.025418603627808536,-0.0022723991321488782,0.03474117873369831
CPAY,2024-02-29,000162828024008060,0.011129644650834662,0.0175386679213656,0.06129742443532962
CPAY,2023-02-28,000162828023005444,0.004984980564463054,-0.04916051299453686,-0.0230140199567616
CPAY,2022-03-01,000162828022004531,-0.018970623862522188,-0.007620487370231138,0.011422880945739114
CPAY,2021-02-26,000117545421000022,0.011500859614182658,-0.03259611957806199,-0.07718888120331531
CPAY,2020-03-02,000117545420000008,0.010921938569238121,0.09291810733850571,-0.10580508278072517
CPAY,2019-03-01,000117545419000004,-0.0015035215995102096,0.021321523280436717,0.039997920103192426
CPAY,2018-03-01,000117545418000007,-0.00293659325469175,0.003740163410420253,-0.014234068190437318
CPAY,2017-03-01,000117545417000005,-0.0010798663780653812,0.006532864870867235,-0.0645944114923456
CPAY,2016-02-29,000119312516485752,-0.028512060510462692,-0.017859765783345333,0.013772864886176496
AWK,2025-02-19,000141063625000022,-0.006735080006196959,0.0242511234539251,0.0333532702247959
AWK,2024-02-14,000141063624000050,-0.0051094421533651605,4.994045351508058e-05,-0.005210889320338737
AWK,2023-02-15,000141063623000020,-0.008387830772323614,-0.03697820128376208,-0.037586708762114146
AWK,2022-02-16,000141063622000048,0.017642472538922586,0.07584774668193123,0.026954129576400164
AWK,2021-02-24,000141063621000101,0.033626593492604925,0.011013135512815693,0.08394305390547885
AWK,2020-02-18,000141063620000040,-0.0012813788999568214,0.05020414935823368,-0.22875225410392208
AWK,2019-02-19,000141063619000041,-0.0008496160701240998,-0.0035542400882403622,0.03687832691572074
AWK,2018-02-20,000141063618000076,-0.002464086310949326,0.006195701603415288,0.018646574600702126
AWK,2017-02-21,000156459017001899,-0.010826920341556539,-0.03361524796151252,-0.010066344059176318
AWK,2016-02-25,000156459016013247,-0.015278107270724654,-0.01523532936086229,-0.03613019382569607
CPRT,2025-09-26,000162828025042946,-0.01628461757933788,-0.011039844116976626,-0.05955213403039399
CPRT,2024-09-30,000090007524000024,0.006830932082449084,0.029512349249063572,-0.011625290811988223
CPRT,2023-09-28,000090007523000034,0.005287742634340809,0.015110695815693784,-0.018677011875449137
CPRT,2022-09-27,000090007522000050,-0.00692897187482458,0.044252926607841685,-0.009241751915891584
CPRT,2021-09-27,000090007521000022,0.0033203570652573736,0.0019542654217309225,0.041324743113121544
CPRT,2020-09-28,000090007520000021,0.013054951152307181,0.025631687028203346,0.031620484922498464
CPRT,2019-09-30,000090007519000022,0.01917470712907324,-0.00674334368483799,-0.03184471635096695
CPRT,2018-10-01,000090007518000048,0.003976765532195157,0.012406574864019474,0.006511291536705818
CPRT,2017-09-28,000090007517000044,0.004598971075050379,0.029857784612747726,0.014538043361775818
CPRT,2016-09-28,000090007516000081,0.0017138692109194072,0.009420612614837807,-0.033031525150802696
DOV,2025-02-14,000002990525000006,-0.0017304737580661855,-0.047772112972969474,-0.04759364215722777
DOV,2024-02-09,000002990524000008,-0.0014898330625293527,0.003995392866134103,0.06404333896985977
DOV,2023-02-10,000002990523000008,-0.024439985834047183,-0.006696761749368453,-0.07013801447087788
DOV,2022-02-11,000002990522000009,0.0035126947435554718,-0.03782176277420926,-0.02986348135968489
DOV,2021-02-12,000002990521000010,-0.0023924970753839386,0.04835256076539132,0.11581918720792947
DOV,2020-02-14,000002990520000011,-0.005798172387517397,0.00565655503183167,-0.11687003695032501
DOV,2019-02-15,000002990519000019,-0.013089933527614022,-0.01396382755075014,-0.021016740049876474
DOV,2018-02-09,000002990518000013,-0.003587925470690003,0.004421523335798672,-0.02921638578132999
DOV,2017-02-10,000002990517000011,0.002149603966048245,-0.0020093325618052976,-0.024721135934308927
DOV,2016-02-12,000002990516000064,-0.0009652240305490414,0.003885035378156392,0.007257706547180741
ATI,2025-02-21,000162828025007092,0.004106059306099849,-0.013017010785593947,-0.03262582012759978
ATI,2024-02-23,000162828024006606,-0.00961389755575397,0.02696543216518322,0.00855056895879329
ATI,2023-02-24,000162828023005017,0.006801804730594177,-0.04635640828503026,-0.12359985946252704
ATI,2022-02-25,000162828022003961,0.005713280761733071,0.05981030123772588,-0.06397932327362897
ATI,2021-02-26,000162828021003434,-0.006939627273699855,0.04256612470551428,-0.0019280439620093515
ATI,2020-02-25,000101896320000004,0.048757685142544596,-0.07690269496908704,-0.25277430624727426
ATI,2019-02-28,000101896319000007,-0.04288193349114748,-0.12292749428929463,-0.10279262458961479
ATI,2018-02-20,000101896318000004,0.02543357941814981,0.0598223006433273,-0.02337223447310523
ATI,2017-02-24,000101896317000007,0.0028308652493813768,-0.07446814472099765,-0.04352716884746072
ATI,2016-02-26,000101896316000049,0.08470103475591545,0.020851857102673697,0.06282273719169629
WRB,2025-02-24,000001154425000005,-0.020785779546014245,-0.01760174429850347,0.04101169899295167
WRB,2024-02-23,000001154424000005,0.011242707127477323,0.025737394412390376,0.042961897065721136
WRB,2023-02-24,000001154423000004,-0.005453216679571047,-0.05991809430254317,-0.09888549022496543
WRB,2022-02-24,000001154422000007,0.0024281114409282997,0.07023784502415044,0.04812254414975796
WRB,2021-02-18,000001154421000013,0.00013457161895236765,0.04708787964190152,0.0443967035415985
WRB,2020-02-20,000001154420000016,-0.036701928317140926,-0.05811889560892666,-0.23627393955728634
WRB,2019-02-22,000001154419000016,-0.003512901183204504,-0.015596941278652243,-0.007918848800186456
WRB,2018-02-23,000001154418000012,0.022502766312617824,0.045036057696061636,0.08968340764907388
WRB,2017-02-28,000001154417000009,0.004472693537033756,0.02221570278445225,-0.012377982154423497
WRB,2016-02-22,000001154416000086,-0.0003796066088713121,-0.0031615430345916197,-0.00401279395209629
LVS,2025-02-07,000130051425000040,0.009637707881139533,0.050796102839955136,0.08807829142361483
LVS,2024-02-07,000130051424000048,0.003758305939457524,-0.006226579560662138,-0.041073022269015824
LVS,2023-02-03,000130051423000021,-0.0033224500121946353,0.00848530315092225,0.014894591339685521
LVS,2022-02-04,000130051422000007,0.0293603906508492,0.04708826025589111,-0.06790327745886332
LVS,2021-02-05,000130051421000033,0.027722431895105242,0.16431446103276742,0.14785868065367494
LVS,2020-02-07,000130051420000011,0.006296040076173947,0.0016255914153376384,0.05766642632463713
LVS,2019-02-22,000130051419000021,-0.006882735567147131,0.00806398885238013,-0.0008672694123540159
LVS,2018-02-23,000130051418000022,-0.010916963831593476,0.01843417799428048,0.014907395492067353
LVS,2017-02-24,000130051417000005,0.012541036176506296,0.029930712433387713,0.08734712786779111
LVS,2016-02-26,000130051416000023,-0.020172188975273224,-0.0031632254982383277,-0.03132688355096379
HUBB,2025-02-13,000162828025005311,-0.003722061150886774,0.002255325806445843,0.0018244899210051943
HUBB,2024-02-08,000162828024003792,-0.00902595891137633,-0.003956384221077372,0.05727948037412069
HUBB,2023-02-09,000162828023002875,0.007167958928700546,0.03766175918012993,0.005440046744796017
HUBB,2022-02-11,000162828022002255,-0.0014748706830688468,-0.005879739957739122,0.051351152259418636
HUBB,2021-02-11,000162828021001868,0.017887835719078975,0.09198977934175054,0.11240727157903188
HUBB,2020-02-14,000162828020001557,0.017256269493196082,0.06571321762302552,0.001690295052120032
HUBB,2019-02-15,000162828019001446,0.0027690364102303374,-0.016628094115942363,-0.010906982871266995
HUBB,2018-02-15,000162828018001740,-0.01498255778256296,-0.03586220359931244,-0.06815103311008612
HUBB,2017-02-16,000162828017001423,0.0024618024274912745,-0.0013528236048579905,-0.014740288372782302
HUBB,2016-02-18,000162828016011342,0.009077636600566173,0.03004760657869214,0.02205879020543614
CNP,2025-02-20,000113031025000040,-0.006551157179354871,-0.015771324119851104,0.04236610868111501
CNP,2024-02-20,000113031024000010,0.012332313454792734,0.023217302245768866,0.015113458159566318
CNP,2023-02-17,000113031023000013,-0.005774935754701266,-0.015365423029283605,-0.03465106606008658
CNP,2022-02-22,000113031022000023,-0.00965902816595683,0.06325992942257273,0.04734254480265149
CNP,2021-02-25,000113031021000009,0.04018382192080918,0.05655079933589457,0.12155757472207734
CNP,2020-02-27,000113031020000016,-0.03428761046396877,-0.3463841045776458,-0.21810049022419967
CNP,2019-02-28,000113031019000016,-0.00051023191557818,0.001682629194078577,-0.00401881967619609
CNP,2018-02-22,000113031018000003,-0.006722513361328937,-0.0005457341052397396,0.0043528342271845315
CNP,2017-02-28,000113031017000006,0.0026824642762134218,-0.018654635666384648,-0.02944851347717015
CNP,2016-02-26,000113031016000031,0.03492901725431521,0.06487997255029483,0.07501473075919907
ES,2025-02-14,000007274125000007,-0.006207080605668359,-0.01020274611707027,-0.027148212508492506
ES,2024-02-14,000007274124000005,0.014758697986264033,0.010526403195131418,0.0474681610407677
ES,2023-02-15,000007274123000004,-0.00312050200267027,-0.02966471279938869,-0.032375112509296936
ES,2022-02-17,000007274122000015,0.0201036335649753,0.08009885862351758,0.04513049425720614
ES,2021-02-17,000007274121000005,0.0290724298544773,0.013954643248751689,0.04566659315062587
ES,2020-02-27,000007274120000008,-0.008659897633747603,-0.15564341315693683,-0.11591776824251651
ES,2019-02-26,000007274119000017,-0.006354510046929126,0.016065896880213617,0.0003399399065775986
ES,2018-02-26,000007274118000028,0.017198862610695625,0.0004950910404829595,0.04147722421080061
ES,2017-02-23,000007274117000007,0.00863817878622379,-0.00983733407729293,0.03078943225843036
ES,2016-02-26,000007274116000063,0.009010981890917886,0.011356463458479089,0.01924584183982009
XYL,2025-03-03,000152447225000013,0.008034586702205974,-0.04017782520954119,-0.06613053610481386
XYL,2024-02-28,000152447224000006,-0.003879226868398573,-0.0025557239738621673,-0.012943433769032576
XYL,2023-02-24,000152447223000009,-0.0021602067353147063,-0.008061740777096666,-0.04253381878875597
XYL,2022-02-25,000152447222000009,-0.030154352734329877,-0.006826703783733363,-0.05178731560085177
XYL,2021-02-26,000152447221000008,-0.0030800037629357922,-0.013374063588036377,0.016881892924823252
XYL,2020-02-28,000152447220000006,0.00543498057577636,-0.003591293169310037,-0.04309381262088425
XYL,2019-02-22,000152447219000009,0.0031538819942968045,0.010666175553018267,0.020730543175519582
XYL,2018-02-23,000152447218000006,-0.0020269612944510953,0.042895758473974484,0.03558812648334003
XYL,2017-02-23,000152447217000008,-0.006547805042963747,-0.024090542264803547,0.015007683606188451
XYL,2016-02-26,000152447216000027,-0.0026366720702452086,-0.010868166255038555,0.026276709934984654
EXPD,2025-02-21,000095017025024750,-0.003338980465306882,0.08806405210625999,0.028201352132884914
EXPD,2024-02-23,000095017024019394,-0.004570113648917264,0.0044097485768763885,-0.010647935217744858
EXPD,2023-03-01,000095017023005412,0.009582517464772946,-0.01761503083374797,-0.03398298359942545
EXPD,2022-03-15,000156459022010381,-0.027917739217098045,-0.026628418422570292,-0.06460184527177219
EXPD,2021-02-19,000156459021006925,0.001307154787118934,0.04271121999220776,0.07356666058381388
EXPD,2020-02-21,000156459020005719,0.028281659182993545,0.025292450630364616,0.12238728497367447
EXPD,2019-02-22,000074651519000004,-0.0015180927483641722,0.005006539379940668,-0.03545409250922287
EXPD,2018-02-23,000074651518000004,-0.00021160202463549067,-0.007873759193523752,-0.0037142755815683893
EXPD,2017-02-23,000074651517000007,-0.005631667973594016,-0.00253875251775096,-0.00496620243876968
EXPD,2016-02-25,000074651516000053,0.0067420217951462,0.03133225916928771,0.021495302999411423
ULTA,2025-03-27,000155837025003810,0.039163601667263945,-0.0024719634522517506,0.06562947156822997
ULTA,2024-03-26,000155837024003941,0.027812972232320265,0.022664538656764904,-0.04874982113985151
ULTA,2023-03-24,000155837023004581,0.005215932609937277,-0.04461690155173417,-0.03132813009959458
ULTA,2022-03-25,000155837022004330,-0.030343706812012285,0.018589799913975115,0.11185408484340273
ULTA,2021-03-26,000155837021003523,0.0015956878036508804,0.009170044557327,-0.015408356100746208
ULTA,2020-03-27,000155837020003272,0.13300209168921362,0.15895484543513777,0.22454233560759052
ULTA,2019-04-02,000155837019002739,-0.01390306623016041,-0.01237064974333593,-0.08281661970539886
ULTA,2018-04-03,000155837018002733,0.03250793897286024,0.08473507357572319,0.17816248433555906
ULTA,2017-03-28,000119312517099261,-0.0032865901460633023,0.011286130643817633,-0.032324328925780486
ULTA,2016-03-30,000119312516523101,-0.00795672390303788,0.04158033213313928,0.04074511466497535
