event_time,AAR,N,BW_Z,BW_p
-5,0.00039442496936035386,969,0.6752461465279577,0.49951939258691347
-4,0.0014482984954575946,969,2.4794525044039477,0.013158425334758955
-3,0.0001784184165668079,969,0.3054480766056359,0.7600249102881018
-2,-1.1432601457943547e-05,969,-0.01957234120290524,0.9843845281286238
-1,0.0012709765456615937,969,2.1758815527759316,0.029564118522856016
0,0.0012395265933033304,969,2.122039983940052,0.033834380524965305
1,0.0026783341140891492,969,4.585244165920842,4.5345620642842365e-06
2,0.00010033857660644667,969,0.1717772516062562,0.8636126502587926
3,0.00042421977390386166,969,0.7262541417549951,0.46768298652893225
4,0.0002635153116225614,969,0.45113193267863677,0.6518944640839255
5,-0.00032170637422531003,969,-0.5507536448856398,0.5818025649780196
