window,assumed_caar,baseline_se,alpha_two_sided,theoretical_power
CAR_m1_p1,0.0025,0.0010141659108976304,0.05,0.6932661085936686
CAR_m1_p1,0.005,0.0010141659108976304,0.05,0.9985119500843853
CAR_m1_p1,0.01,0.0010141659108976304,0.05,0.9999999999999986
CAR_0_p3,0.0025,0.0011710579233193779,0.05,0.5694254544400005
CAR_0_p3,0.005,0.0011710579233193779,0.05,0.9895470519113069
CAR_0_p3,0.01,0.0011710579233193779,0.05,0.9999999999763702
CAR_m3_p3,0.0025,0.0015491640179774104,0.05,0.3647757824502744
CAR_m3_p3,0.005,0.0015491640179774104,0.05,0.8975266933682858
CAR_m3_p3,0.01,0.0015491640179774104,0.05,0.9999965236341919
CAR_m5_p5,0.0025,0.0019419798697115807,0.05,0.2511776828613599
CAR_m5_p5,0.005,0.0019419798697115807,0.05,0.7306357014385005
CAR_m5_p5,0.01,0.0019419798697115807,0.05,0.9992872069964082
