ticker,filing_date,size_ok,bm_ok,volatility_ok,turnover_ok,all_4_ok,control_status,note
A,2016-12-20,1,1,1,1,1,PASS,All 4 mandatory controls available
A,2017-12-21,1,1,1,1,1,PASS,All 4 mandatory controls available
A,2018-12-20,1,1,1,1,1,PASS,All 4 mandatory controls available
A,2019-12-19,1,1,1,1,1,PASS,All 4 mandatory controls available
A,2020-12-18,1,1,1,1,1,PASS,All 4 mandatory controls available
A,2021-12-17,1,1,1,1,1,PASS,All 4 mandatory controls available
A,2022-12-21,1,1,1,1,1,PASS,All 4 mandatory controls available
A,2023-12-20,1,1,1,1,1,PASS,All 4 mandatory controls available
A,2024-12-20,1,1,1,1,1,PASS,All 4 mandatory controls available
A,2025-12-22,1,1,1,1,1,PASS,All 4 mandatory controls available
AAPL,2016-10-26,1,1,1,1,1,PASS,All 4 mandatory controls available
AAPL,2017-11-03,1,1,1,1,1,PASS,All 4 mandatory controls available
AAPL,2018-11-05,1,1,1,1,1,PASS,All 4 mandatory controls available
AAPL,2019-10-31,1,1,1,1,1,PASS,All 4 mandatory controls available
AAPL,2020-10-30,1,1,1,1,1,PASS,All 4 mandatory controls available
AAPL,2021-10-29,1,1,1,1,1,PASS,All 4 mandatory controls available
AAPL,2022-10-28,1,1,1,1,1,PASS,All 4 mandatory controls available
AAPL,2023-11-03,1,1,1,1,1,PASS,All 4 mandatory controls available
AAPL,2024-11-01,1,1,1,1,1,PASS,All 4 mandatory controls available
AAPL,2025-10-31,1,1,1,1,1,PASS,All 4 mandatory controls available
ACGL,2016-02-26,1,1,1,1,1,PASS,All 4 mandatory controls available
ACGL,2017-03-01,1,1,1,1,1,PASS,All 4 mandatory controls available
ACGL,2018-02-28,1,1,1,1,1,PASS,All 4 mandatory controls available
ACGL,2019-02-28,1,1,1,1,1,PASS,All 4 mandatory controls available
ACGL,2020-02-28,1,1,1,1,1,PASS,All 4 mandatory controls available
ACGL,2021-02-26,1,1,1,1,1,PASS,All 4 mandatory controls available
ACGL,2022-02-25,1,1,1,1,1,PASS,All 4 mandatory controls available
ACGL,2023-02-24,1,1,1,1,1,PASS,All 4 mandatory controls available
ACGL,2024-02-23,1,1,1,1,1,PASS,All 4 mandatory controls available
ACGL,2025-02-27,1,1,1,1,1,PASS,All 4 mandatory controls available
ADSK,2016-03-23,1,1,1,1,1,PASS,All 4 mandatory controls available
ADSK,2017-03-21,1,1,1,1,1,PASS,All 4 mandatory controls available
ADSK,2018-03-22,1,1,1,1,1,PASS,All 4 mandatory controls available
ADSK,2019-03-25,1,1,1,1,1,PASS,All 4 mandatory controls available
ADSK,2020-03-19,1,1,1,1,1,PASS,All 4 mandatory controls available
ADSK,2021-03-19,1,1,1,1,1,PASS,All 4 mandatory controls available
ADSK,2022-03-14,1,1,1,1,1,PASS,All 4 mandatory controls available
ADSK,2023-03-14,1,1,1,1,1,PASS,All 4 mandatory controls available
ADSK,2024-06-10,1,1,1,1,1,PASS,All 4 mandatory controls available
ADSK,2025-03-06,1,1,1,1,1,PASS,All 4 mandatory controls available
AEE,2016-02-26,1,1,1,1,1,PASS,All 4 mandatory controls available
AEE,2017-02-28,1,1,1,1,1,PASS,All 4 mandatory controls available
AEE,2018-02-28,1,1,1,1,1,PASS,All 4 mandatory controls available
AEE,2019-02-26,1,1,1,1,1,PASS,All 4 mandatory controls available
AEE,2020-02-28,1,1,1,1,1,PASS,All 4 mandatory controls available
AEE,2021-02-22,1,1,1,1,1,PASS,All 4 mandatory controls available
AEE,2022-02-23,1,1,1,1,1,PASS,All 4 mandatory controls available
AEE,2023-02-22,1,1,1,1,1,PASS,All 4 mandatory controls available
AEE,2024-02-29,1,1,1,1,1,PASS,All 4 mandatory controls available
AEE,2025-02-18,1,1,1,1,1,PASS,All 4 mandatory controls available
ALNY,2016-02-12,1,1,1,1,1,PASS,All 4 mandatory controls available
ALNY,2017-02-15,1,1,1,1,1,PASS,All 4 mandatory controls available
ALNY,2018-02-15,1,1,1,1,1,PASS,All 4 mandatory controls available
ALNY,2019-02-14,1,1,1,1,1,PASS,All 4 mandatory controls available
ALNY,2020-02-13,1,1,1,1,1,PASS,All 4 mandatory controls available
ALNY,2021-02-11,1,1,1,1,1,PASS,All 4 mandatory controls available
ALNY,2022-02-10,1,1,1,1,1,PASS,All 4 mandatory controls available
ALNY,2023-02-23,1,1,1,1,1,PASS,All 4 mandatory controls available
ALNY,2024-02-15,1,1,1,1,1,PASS,All 4 mandatory controls available
ALNY,2025-02-13,1,1,1,1,1,PASS,All 4 mandatory controls available
AMAT,2016-12-15,1,1,1,1,1,PASS,All 4 mandatory controls available
AMAT,2017-12-15,1,1,1,1,1,PASS,All 4 mandatory controls available
AMAT,2018-12-13,1,1,1,1,1,PASS,All 4 mandatory controls available
AMAT,2019-12-13,1,1,1,1,1,PASS,All 4 mandatory controls available
AMAT,2020-12-11,1,1,1,1,1,PASS,All 4 mandatory controls available
AMAT,2021-12-17,1,1,1,1,1,PASS,All 4 mandatory controls available
AMAT,2022-12-16,1,1,1,1,1,PASS,All 4 mandatory controls available
AMAT,2023-12-15,1,1,1,1,1,PASS,All 4 mandatory controls available
AMAT,2024-12-13,1,1,1,1,1,PASS,All 4 mandatory controls available
AMAT,2025-12-12,1,1,1,1,1,PASS,All 4 mandatory controls available
AON,2016-02-22,1,1,1,1,1,PASS,All 4 mandatory controls available
AON,2017-02-23,1,1,1,1,1,PASS,All 4 mandatory controls available
AON,2018-02-20,1,1,1,1,1,PASS,All 4 mandatory controls available
AON,2019-02-19,1,1,1,1,1,PASS,All 4 mandatory controls available
AON,2020-02-14,1,1,1,1,1,PASS,All 4 mandatory controls available
AON,2021-02-19,1,1,1,1,1,PASS,All 4 mandatory controls available
AON,2022-02-18,1,1,1,1,1,PASS,All 4 mandatory controls available
AON,2023-02-17,1,1,1,1,1,PASS,All 4 mandatory controls available
AON,2024-02-16,1,1,1,1,1,PASS,All 4 mandatory controls available
AON,2025-02-18,1,1,1,1,1,PASS,All 4 mandatory controls available
APD,2016-11-21,1,1,1,1,1,PASS,All 4 mandatory controls available
APD,2017-11-16,1,1,1,1,1,PASS,All 4 mandatory controls available
APD,2018-11-20,1,1,1,1,1,PASS,All 4 mandatory controls available
APD,2019-11-26,1,1,1,1,1,PASS,All 4 mandatory controls available
APD,2020-11-19,1,1,1,1,1,PASS,All 4 mandatory controls available
APD,2021-11-18,1,1,1,1,1,PASS,All 4 mandatory controls available
APD,2022-11-22,1,1,1,1,1,PASS,All 4 mandatory controls available
APD,2023-11-16,1,1,1,1,1,PASS,All 4 mandatory controls available
APD,2024-11-21,1,1,1,1,1,PASS,All 4 mandatory controls available
APD,2025-11-20,1,1,1,1,1,PASS,All 4 mandatory controls available
APH,2016-02-19,1,1,1,1,1,PASS,All 4 mandatory controls available
APH,2017-02-17,1,1,1,1,1,PASS,All 4 mandatory controls available
APH,2018-02-21,1,1,1,1,1,PASS,All 4 mandatory controls available
APH,2019-02-13,1,1,1,1,1,PASS,All 4 mandatory controls available
APH,2020-02-12,1,1,1,1,1,PASS,All 4 mandatory controls available
APH,2021-02-10,1,1,1,1,1,PASS,All 4 mandatory controls available
APH,2022-02-09,1,1,1,1,1,PASS,All 4 mandatory controls available
APH,2023-02-08,1,1,1,1,1,PASS,All 4 mandatory controls available
APH,2024-02-07,1,1,1,1,1,PASS,All 4 mandatory controls available
APH,2025-02-07,1,1,1,1,1,PASS,All 4 mandatory controls available
ATI,2016-02-26,1,1,1,1,1,PASS,All 4 mandatory controls available
ATI,2017-02-24,1,1,1,1,1,PASS,All 4 mandatory controls available
ATI,2018-02-20,1,1,1,1,1,PASS,All 4 mandatory controls available
ATI,2019-02-28,1,1,1,1,1,PASS,All 4 mandatory controls available
ATI,2020-02-25,1,1,1,1,1,PASS,All 4 mandatory controls available
ATI,2021-02-26,1,1,1,1,1,PASS,All 4 mandatory controls available
ATI,2022-02-25,1,1,1,1,1,PASS,All 4 mandatory controls available
ATI,2023-02-24,1,1,1,1,1,PASS,All 4 mandatory controls available
ATI,2024-02-23,1,1,1,1,1,PASS,All 4 mandatory controls available
ATI,2025-02-21,1,1,1,1,1,PASS,All 4 mandatory controls available
ATO,2016-11-14,1,1,1,1,1,PASS,All 4 mandatory controls available
ATO,2017-11-13,1,1,1,1,1,PASS,All 4 mandatory controls available
ATO,2018-11-13,1,1,1,1,1,PASS,All 4 mandatory controls available
ATO,2019-11-12,1,1,1,1,1,PASS,All 4 mandatory controls available
ATO,2020-11-13,1,1,1,1,1,PASS,All 4 mandatory controls available
ATO,2021-11-12,1,1,1,1,1,PASS,All 4 mandatory controls available
ATO,2022-11-14,1,1,1,1,1,PASS,All 4 mandatory controls available
ATO,2023-11-14,1,1,1,1,1,PASS,All 4 mandatory controls available
ATO,2024-11-18,1,1,1,1,1,PASS,All 4 mandatory controls available
ATO,2025-11-14,1,1,1,1,1,PASS,All 4 mandatory controls available
AWK,2016-02-25,1,1,1,1,1,PASS,All 4 mandatory controls available
AWK,2017-02-21,1,1,1,1,1,PASS,All 4 mandatory controls available
AWK,2018-02-20,1,1,1,1,1,PASS,All 4 mandatory controls available
AWK,2019-02-19,1,1,1,1,1,PASS,All 4 mandatory controls available
AWK,2020-02-18,1,1,1,1,1,PASS,All 4 mandatory controls available
AWK,2021-02-24,1,1,1,1,1,PASS,All 4 mandatory controls available
AWK,2022-02-16,1,1,1,1,1,PASS,All 4 mandatory controls available
AWK,2023-02-15,1,1,1,1,1,PASS,All 4 mandatory controls available
AWK,2024-02-14,1,1,1,1,1,PASS,All 4 mandatory controls available
AWK,2025-02-19,1,1,1,1,1,PASS,All 4 mandatory controls available
AXON,2016-03-07,1,1,1,1,1,PASS,All 4 mandatory controls available
AXON,2017-03-06,1,1,1,1,1,PASS,All 4 mandatory controls available
AXON,2018-03-01,1,1,1,1,1,PASS,All 4 mandatory controls available
AXON,2019-02-27,1,1,1,1,1,PASS,All 4 mandatory controls available
AXON,2020-02-28,1,1,1,1,1,PASS,All 4 mandatory controls available
AXON,2021-02-26,1,1,1,1,1,PASS,All 4 mandatory controls available
AXON,2022-02-25,1,1,1,1,1,PASS,All 4 mandatory controls available
AXON,2023-02-28,1,1,1,1,1,PASS,All 4 mandatory controls available
AXON,2024-02-27,1,1,1,1,1,PASS,All 4 mandatory controls available
AXON,2025-02-28,1,1,1,1,1,PASS,All 4 mandatory controls available
BIIB,2016-02-03,1,1,1,1,1,PASS,All 4 mandatory controls available
BIIB,2017-02-02,1,1,1,1,1,PASS,All 4 mandatory controls available
BIIB,2018-02-01,1,1,1,1,1,PASS,All 4 mandatory controls available
BIIB,2019-02-06,1,1,1,1,1,PASS,All 4 mandatory controls available
BIIB,2020-02-06,1,1,1,1,1,PASS,All 4 mandatory controls available
BIIB,2021-02-03,1,1,1,1,1,PASS,All 4 mandatory controls available
BIIB,2022-02-03,1,1,1,1,1,PASS,All 4 mandatory controls available
BIIB,2023-02-15,1,1,1,1,1,PASS,All 4 mandatory controls available
BIIB,2024-02-14,1,1,1,1,1,PASS,All 4 mandatory controls available
BIIB,2025-02-12,1,1,1,1,1,PASS,All 4 mandatory controls available
BKNG,2016-02-17,1,1,1,1,1,PASS,All 4 mandatory controls available
BKNG,2017-02-27,1,1,1,1,1,PASS,All 4 mandatory controls available
BKNG,2018-02-27,1,1,1,1,1,PASS,All 4 mandatory controls available
BKNG,2019-02-27,1,1,1,1,1,PASS,All 4 mandatory controls available
BKNG,2020-02-26,1,1,1,1,1,PASS,All 4 mandatory controls available
BKNG,2021-02-24,1,1,1,1,1,PASS,All 4 mandatory controls available
BKNG,2022-02-23,1,1,1,1,1,PASS,All 4 mandatory controls available
BKNG,2023-02-23,1,1,1,1,1,PASS,All 4 mandatory controls available
BKNG,2024-02-22,1,1,1,1,1,PASS,All 4 mandatory controls available
BKNG,2025-02-20,1,1,1,1,1,PASS,All 4 mandatory controls available
CAH,2016-08-12,1,1,1,1,1,PASS,All 4 mandatory controls available
CAH,2017-08-10,1,1,1,1,1,PASS,All 4 mandatory controls available
CAH,2018-08-22,1,1,1,1,1,PASS,All 4 mandatory controls available
CAH,2019-08-20,1,1,1,1,1,PASS,All 4 mandatory controls available
CAH,2020-08-13,1,1,1,1,1,PASS,All 4 mandatory controls available
CAH,2021-08-16,1,1,1,1,1,PASS,All 4 mandatory controls available
CAH,2022-08-11,1,1,1,1,1,PASS,All 4 mandatory controls available
CAH,2023-08-15,1,1,1,1,1,PASS,All 4 mandatory controls available
CAH,2024-08-14,1,1,1,1,1,PASS,All 4 mandatory controls available
CAH,2025-08-12,1,1,1,1,1,PASS,All 4 mandatory controls available
CCL,2016-01-29,1,1,1,1,1,PASS,All 4 mandatory controls available
CCL,2017-01-30,1,1,1,1,1,PASS,All 4 mandatory controls available
CCL,2018-01-29,1,1,1,1,1,PASS,All 4 mandatory controls available
CCL,2019-01-28,1,1,1,1,1,PASS,All 4 mandatory controls available
CCL,2020-01-28,1,1,1,1,1,PASS,All 4 mandatory controls available
CCL,2021-01-26,1,1,1,1,1,PASS,All 4 mandatory controls available
CCL,2022-01-27,1,1,1,1,1,PASS,All 4 mandatory controls available
CCL,2023-01-27,1,1,1,1,1,PASS,All 4 mandatory controls available
CCL,2024-01-26,1,1,1,1,1,PASS,All 4 mandatory controls available
CCL,2025-01-27,1,1,1,1,1,PASS,All 4 mandatory controls available
CMG,2016-02-05,1,1,1,1,1,PASS,All 4 mandatory controls available
CMG,2017-02-07,1,1,1,1,1,PASS,All 4 mandatory controls available
CMG,2018-02-08,1,1,1,1,1,PASS,All 4 mandatory controls available
CMG,2019-02-08,1,1,1,1,1,PASS,All 4 mandatory controls available
CMG,2020-02-05,1,1,1,1,1,PASS,All 4 mandatory controls available
CMG,2021-02-10,1,1,1,1,1,PASS,All 4 mandatory controls available
CMG,2022-02-11,1,1,1,1,1,PASS,All 4 mandatory controls available
CMG,2023-02-09,1,1,1,1,1,PASS,All 4 mandatory controls available
CMG,2024-02-08,1,1,1,1,1,PASS,All 4 mandatory controls available
CMG,2025-02-05,1,1,1,1,1,PASS,All 4 mandatory controls available
CNP,2016-02-26,1,1,1,1,1,PASS,All 4 mandatory controls available
CNP,2017-02-28,1,1,1,1,1,PASS,All 4 mandatory controls available
CNP,2018-02-22,1,1,1,1,1,PASS,All 4 mandatory controls available
CNP,2019-02-28,1,1,1,1,1,PASS,All 4 mandatory controls available
CNP,2020-02-27,1,1,1,1,1,PASS,All 4 mandatory controls available
CNP,2021-02-25,1,1,1,1,1,PASS,All 4 mandatory controls available
CNP,2022-02-22,1,1,1,1,1,PASS,All 4 mandatory controls available
CNP,2023-02-17,1,1,1,1,1,PASS,All 4 mandatory controls available
CNP,2024-02-20,1,1,1,1,1,PASS,All 4 mandatory controls available
CNP,2025-02-20,1,1,1,1,1,PASS,All 4 mandatory controls available
COST,2016-10-12,1,1,1,1,1,PASS,All 4 mandatory controls available
COST,2017-10-18,1,1,1,1,1,PASS,All 4 mandatory controls available
COST,2018-10-26,1,1,1,1,1,PASS,All 4 mandatory controls available
COST,2019-10-11,1,1,1,1,1,PASS,All 4 mandatory controls available
COST,2020-10-07,1,1,1,1,1,PASS,All 4 mandatory controls available
COST,2021-10-06,1,1,1,1,1,PASS,All 4 mandatory controls available
COST,2022-10-05,1,1,1,1,1,PASS,All 4 mandatory controls available
COST,2023-10-11,1,1,1,1,1,PASS,All 4 mandatory controls available
COST,2024-10-09,1,1,1,1,1,PASS,All 4 mandatory controls available
COST,2025-10-08,1,1,1,1,1,PASS,All 4 mandatory controls available
CP,2016-02-29,1,1,1,1,1,PASS,All 4 mandatory controls available
CP,2017-02-16,1,1,1,1,1,PASS,All 4 mandatory controls available
CP,2018-02-16,1,1,1,1,1,PASS,All 4 mandatory controls available
CP,2019-02-15,1,1,1,1,1,PASS,All 4 mandatory controls available
CP,2020-02-20,1,1,1,1,1,PASS,All 4 mandatory controls available
CP,2021-02-18,1,1,1,1,1,PASS,All 4 mandatory controls available
CP,2022-02-23,1,1,1,1,1,PASS,All 4 mandatory controls available
CP,2023-02-24,1,1,1,1,1,PASS,All 4 mandatory controls available
CP,2024-02-27,1,1,1,1,1,PASS,All 4 mandatory controls available
CP,2025-02-27,1,1,1,1,1,PASS,All 4 mandatory controls available
CPAY,2016-02-29,1,1,1,1,1,PASS,All 4 mandatory controls available
CPAY,2017-03-01,1,1,1,1,1,PASS,All 4 mandatory controls available
CPAY,2018-03-01,1,1,1,1,1,PASS,All 4 mandatory controls available
CPAY,2019-03-01,1,1,1,1,1,PASS,All 4 mandatory controls available
CPAY,2020-03-02,1,1,1,1,1,PASS,All 4 mandatory controls available
CPAY,2021-02-26,1,1,1,1,1,PASS,All 4 mandatory controls available
CPAY,2022-03-01,1,1,1,1,1,PASS,All 4 mandatory controls available
CPAY,2023-02-28,1,1,1,1,1,PASS,All 4 mandatory controls available
CPAY,2024-02-29,1,1,1,1,1,PASS,All 4 mandatory controls available
CPAY,2025-02-27,1,1,1,1,1,PASS,All 4 mandatory controls available
CPRT,2016-09-28,1,1,1,1,1,PASS,All 4 mandatory controls available
CPRT,2017-09-28,1,1,1,1,1,PASS,All 4 mandatory controls available
CPRT,2018-10-01,1,1,1,1,1,PASS,All 4 mandatory controls available
CPRT,2019-09-30,1,1,1,1,1,PASS,All 4 mandatory controls available
CPRT,2020-09-28,1,1,1,1,1,PASS,All 4 mandatory controls available
CPRT,2021-09-27,1,1,1,1,1,PASS,All 4 mandatory controls available
CPRT,2022-09-27,1,1,1,1,1,PASS,All 4 mandatory controls available
CPRT,2023-09-28,1,1,1,1,1,PASS,All 4 mandatory controls available
CPRT,2024-09-30,1,1,1,1,1,PASS,All 4 mandatory controls available
CPRT,2025-09-26,1,1,1,1,1,PASS,All 4 mandatory controls available
CQP,2016-02-19,1,1,1,1,1,PASS,All 4 mandatory controls available
CQP,2017-02-24,1,1,1,1,1,PASS,All 4 mandatory controls available
CQP,2018-02-21,1,1,1,1,1,PASS,All 4 mandatory controls available
CQP,2019-02-26,1,1,1,1,1,PASS,All 4 mandatory controls available
CQP,2020-02-25,1,1,1,1,1,PASS,All 4 mandatory controls available
CQP,2021-02-24,1,1,1,1,1,PASS,All 4 mandatory controls available
CQP,2022-02-24,1,1,1,1,1,PASS,All 4 mandatory controls available
CQP,2023-02-23,1,1,1,1,1,PASS,All 4 mandatory controls available
CQP,2024-02-22,1,1,1,1,1,PASS,All 4 mandatory controls available
CQP,2025-02-20,1,1,1,1,1,PASS,All 4 mandatory controls available
CSX,2016-02-10,1,1,1,1,1,PASS,All 4 mandatory controls available
CSX,2017-02-14,1,1,1,1,1,PASS,All 4 mandatory controls available
CSX,2018-02-07,1,1,1,1,1,PASS,All 4 mandatory controls available
CSX,2019-02-06,1,1,1,1,1,PASS,All 4 mandatory controls available
CSX,2020-02-12,1,1,1,1,1,PASS,All 4 mandatory controls available
CSX,2021-02-10,1,1,1,1,1,PASS,All 4 mandatory controls available
CSX,2022-02-16,1,1,1,1,1,PASS,All 4 mandatory controls available
CSX,2023-02-15,1,1,1,1,1,PASS,All 4 mandatory controls available
CSX,2024-02-14,1,1,1,1,1,PASS,All 4 mandatory controls available
CSX,2025-02-27,1,1,1,1,1,PASS,All 4 mandatory controls available
CTAS,2016-07-29,1,1,1,1,1,PASS,All 4 mandatory controls available
CTAS,2017-07-31,1,1,1,1,1,PASS,All 4 mandatory controls available
CTAS,2018-07-27,1,1,1,1,1,PASS,All 4 mandatory controls available
CTAS,2019-07-26,1,1,1,1,1,PASS,All 4 mandatory controls available
CTAS,2020-07-29,1,1,1,1,1,PASS,All 4 mandatory controls available
CTAS,2021-07-28,1,1,1,1,1,PASS,All 4 mandatory controls available
CTAS,2022-07-27,1,1,1,1,1,PASS,All 4 mandatory controls available
CTAS,2023-07-27,1,1,1,1,1,PASS,All 4 mandatory controls available
CTAS,2024-07-25,1,1,1,1,1,PASS,All 4 mandatory controls available
CTAS,2025-07-28,1,1,1,1,1,PASS,All 4 mandatory controls available
DE,2016-12-19,1,1,1,1,1,PASS,All 4 mandatory controls available
DE,2017-12-18,1,1,1,1,1,PASS,All 4 mandatory controls available
DE,2018-12-17,1,1,1,1,1,PASS,All 4 mandatory controls available
DE,2019-12-19,1,1,1,1,1,PASS,All 4 mandatory controls available
DE,2020-12-17,1,1,1,1,1,PASS,All 4 mandatory controls available
DE,2021-12-16,1,1,1,1,1,PASS,All 4 mandatory controls available
DE,2022-12-15,1,1,1,1,1,PASS,All 4 mandatory controls available
DE,2023-12-15,1,1,1,1,1,PASS,All 4 mandatory controls available
DE,2024-12-12,1,1,1,1,1,PASS,All 4 mandatory controls available
DE,2025-12-18,1,1,1,1,1,PASS,All 4 mandatory controls available
DG,2016-03-22,1,1,1,1,1,PASS,All 4 mandatory controls available
DG,2017-03-24,1,1,1,1,1,PASS,All 4 mandatory controls available
DG,2018-03-23,1,1,1,1,1,PASS,All 4 mandatory controls available
DG,2019-03-22,1,1,1,1,1,PASS,All 4 mandatory controls available
DG,2020-03-19,1,1,1,1,1,PASS,All 4 mandatory controls available
DG,2021-03-19,1,1,1,1,1,PASS,All 4 mandatory controls available
DG,2022-03-18,1,1,1,1,1,PASS,All 4 mandatory controls available
DG,2023-03-24,1,1,1,1,1,PASS,All 4 mandatory controls available
DG,2024-03-25,1,1,1,1,1,PASS,All 4 mandatory controls available
DG,2025-03-21,1,1,1,1,1,PASS,All 4 mandatory controls available
DOV,2016-02-12,1,1,1,1,1,PASS,All 4 mandatory controls available
DOV,2017-02-10,1,1,1,1,1,PASS,All 4 mandatory controls available
DOV,2018-02-09,1,1,1,1,1,PASS,All 4 mandatory controls available
DOV,2019-02-15,1,1,1,1,1,PASS,All 4 mandatory controls available
DOV,2020-02-14,1,1,1,1,1,PASS,All 4 mandatory controls available
DOV,2021-02-12,1,1,1,1,1,PASS,All 4 mandatory controls available
DOV,2022-02-11,1,1,1,1,1,PASS,All 4 mandatory controls available
DOV,2023-02-10,1,1,1,1,1,PASS,All 4 mandatory controls available
DOV,2024-02-09,1,1,1,1,1,PASS,All 4 mandatory controls available
DOV,2025-02-14,1,1,1,1,1,PASS,All 4 mandatory controls available
DVN,2016-02-17,1,1,1,1,1,PASS,All 4 mandatory controls available
DVN,2017-02-15,1,1,1,1,1,PASS,All 4 mandatory controls available
DVN,2018-02-21,1,1,1,1,1,PASS,All 4 mandatory controls available
DVN,2019-02-20,1,1,1,1,1,PASS,All 4 mandatory controls available
DVN,2020-02-19,1,1,1,1,1,PASS,All 4 mandatory controls available
DVN,2021-02-17,1,1,1,1,1,PASS,All 4 mandatory controls available
DVN,2022-02-16,1,1,1,1,1,PASS,All 4 mandatory controls available
DVN,2023-02-15,1,1,1,1,1,PASS,All 4 mandatory controls available
DVN,2024-02-28,1,1,1,1,1,PASS,All 4 mandatory controls available
DVN,2025-02-19,1,1,1,1,1,PASS,All 4 mandatory controls available
ECHO,2016-02-24,0,0,1,0,0,WARN,Missing one or more mandatory controls
ECHO,2017-02-24,0,0,1,0,0,WARN,Missing one or more mandatory controls
ECHO,2018-02-22,0,0,1,0,0,WARN,Missing one or more mandatory controls
ECHO,2019-02-21,0,0,1,0,0,WARN,Missing one or more mandatory controls
ECHO,2020-02-20,0,0,1,0,0,WARN,Missing one or more mandatory controls
ECHO,2021-02-23,0,0,1,0,0,WARN,Missing one or more mandatory controls
ECHO,2022-02-24,0,0,1,0,0,WARN,Missing one or more mandatory controls
ECHO,2023-02-23,0,0,1,0,0,WARN,Missing one or more mandatory controls
ECHO,2024-02-29,0,0,1,0,0,WARN,Missing one or more mandatory controls
ECHO,2025-02-27,0,0,1,0,0,WARN,Missing one or more mandatory controls
ELV,2016-02-19,1,1,1,1,1,PASS,All 4 mandatory controls available
ELV,2017-02-22,1,1,1,1,1,PASS,All 4 mandatory controls available
ELV,2018-02-21,1,1,1,1,1,PASS,All 4 mandatory controls available
ELV,2019-02-20,1,1,1,1,1,PASS,All 4 mandatory controls available
ELV,2020-02-19,1,1,1,1,1,PASS,All 4 mandatory controls available
ELV,2021-02-18,1,1,1,1,1,PASS,All 4 mandatory controls available
ELV,2022-02-16,1,1,1,1,1,PASS,All 4 mandatory controls available
ELV,2023-02-15,1,1,1,1,1,PASS,All 4 mandatory controls available
ELV,2024-02-21,1,1,1,1,1,PASS,All 4 mandatory controls available
ELV,2025-02-20,1,1,1,1,1,PASS,All 4 mandatory controls available
EMR,2016-11-16,1,1,1,1,1,PASS,All 4 mandatory controls available
EMR,2017-11-20,1,1,1,1,1,PASS,All 4 mandatory controls available
EMR,2018-11-19,1,1,1,1,1,PASS,All 4 mandatory controls available
EMR,2019-11-18,1,1,1,1,1,PASS,All 4 mandatory controls available
EMR,2020-11-16,1,1,1,1,1,PASS,All 4 mandatory controls available
EMR,2021-11-15,1,1,1,1,1,PASS,All 4 mandatory controls available
EMR,2022-11-14,1,1,1,1,1,PASS,All 4 mandatory controls available
EMR,2023-11-13,1,1,1,1,1,PASS,All 4 mandatory controls available
EMR,2024-11-12,1,1,1,1,1,PASS,All 4 mandatory controls available
EMR,2025-11-10,1,1,1,1,1,PASS,All 4 mandatory controls available
EPD,2016-02-26,1,1,1,1,1,PASS,All 4 mandatory controls available
EPD,2017-02-24,1,1,1,1,1,PASS,All 4 mandatory controls available
EPD,2018-02-28,1,1,1,1,1,PASS,All 4 mandatory controls available
EPD,2019-03-01,1,1,1,1,1,PASS,All 4 mandatory controls available
EPD,2020-02-28,1,1,1,1,1,PASS,All 4 mandatory controls available
EPD,2021-03-01,1,1,1,1,1,PASS,All 4 mandatory controls available
EPD,2022-02-28,1,1,1,1,1,PASS,All 4 mandatory controls available
EPD,2023-02-28,1,1,1,1,1,PASS,All 4 mandatory controls available
EPD,2024-02-28,1,1,1,1,1,PASS,All 4 mandatory controls available
EPD,2025-02-28,1,1,1,1,1,PASS,All 4 mandatory controls available
ES,2016-02-26,1,1,1,1,1,PASS,All 4 mandatory controls available
ES,2017-02-23,1,1,1,1,1,PASS,All 4 mandatory controls available
ES,2018-02-26,1,1,1,1,1,PASS,All 4 mandatory controls available
ES,2019-02-26,1,1,1,1,1,PASS,All 4 mandatory controls available
ES,2020-02-27,1,1,1,1,1,PASS,All 4 mandatory controls available
ES,2021-02-17,1,1,1,1,1,PASS,All 4 mandatory controls available
ES,2022-02-17,1,1,1,1,1,PASS,All 4 mandatory controls available
ES,2023-02-15,1,1,1,1,1,PASS,All 4 mandatory controls available
ES,2024-02-14,1,1,1,1,1,PASS,All 4 mandatory controls available
ES,2025-02-14,1,1,1,1,1,PASS,All 4 mandatory controls available
ET,2016-02-29,1,1,1,1,1,PASS,All 4 mandatory controls available
ET,2017-02-24,1,1,1,1,1,PASS,All 4 mandatory controls available
ET,2018-02-23,1,1,1,1,1,PASS,All 4 mandatory controls available
ET,2019-02-22,1,1,1,1,1,PASS,All 4 mandatory controls available
ET,2020-02-21,1,1,1,1,1,PASS,All 4 mandatory controls available
ET,2021-02-19,1,1,1,1,1,PASS,All 4 mandatory controls available
ET,2022-02-18,1,1,1,1,1,PASS,All 4 mandatory controls available
ET,2023-02-17,1,1,1,1,1,PASS,All 4 mandatory controls available
ET,2024-02-16,1,1,1,1,1,PASS,All 4 mandatory controls available
ET,2025-02-14,1,1,1,1,1,PASS,All 4 mandatory controls available
EXPD,2016-02-25,1,1,1,1,1,PASS,All 4 mandatory controls available
EXPD,2017-02-23,1,1,1,1,1,PASS,All 4 mandatory controls available
EXPD,2018-02-23,1,1,1,1,1,PASS,All 4 mandatory controls available
EXPD,2019-02-22,1,1,1,1,1,PASS,All 4 mandatory controls available
EXPD,2020-02-21,1,1,1,1,1,PASS,All 4 mandatory controls available
EXPD,2021-02-19,1,1,1,1,1,PASS,All 4 mandatory controls available
EXPD,2022-03-15,1,1,1,1,1,PASS,All 4 mandatory controls available
EXPD,2023-03-01,1,1,1,1,1,PASS,All 4 mandatory controls available
EXPD,2024-02-23,1,1,1,1,1,PASS,All 4 mandatory controls available
EXPD,2025-02-21,1,1,1,1,1,PASS,All 4 mandatory controls available
EXR,2016-02-29,1,1,1,1,1,PASS,All 4 mandatory controls available
EXR,2017-02-27,1,1,1,1,1,PASS,All 4 mandatory controls available
EXR,2018-03-01,1,1,1,1,1,PASS,All 4 mandatory controls available
EXR,2019-02-26,1,1,1,1,1,PASS,All 4 mandatory controls available
EXR,2020-02-25,1,1,1,1,1,PASS,All 4 mandatory controls available
EXR,2021-02-26,1,1,1,1,1,PASS,All 4 mandatory controls available
EXR,2022-02-28,1,1,1,1,1,PASS,All 4 mandatory controls available
EXR,2023-02-28,1,1,1,1,1,PASS,All 4 mandatory controls available
EXR,2024-02-29,1,1,1,1,1,PASS,All 4 mandatory controls available
EXR,2025-02-28,1,1,1,1,1,PASS,All 4 mandatory controls available
FAST,2016-02-05,1,1,1,1,1,PASS,All 4 mandatory controls available
FAST,2017-02-06,1,1,1,1,1,PASS,All 4 mandatory controls available
FAST,2018-02-05,1,1,1,1,1,PASS,All 4 mandatory controls available
FAST,2019-02-06,1,1,1,1,1,PASS,All 4 mandatory controls available
FAST,2020-02-06,1,1,1,1,1,PASS,All 4 mandatory controls available
FAST,2021-02-08,1,1,1,1,1,PASS,All 4 mandatory controls available
FAST,2022-02-07,1,1,1,1,1,PASS,All 4 mandatory controls available
FAST,2023-02-07,1,1,1,1,1,PASS,All 4 mandatory controls available
FAST,2024-02-06,1,1,1,1,1,PASS,All 4 mandatory controls available
FAST,2025-02-06,1,1,1,1,1,PASS,All 4 mandatory controls available
FCX,2016-02-26,1,1,1,1,1,PASS,All 4 mandatory controls available
FCX,2017-02-24,1,1,1,1,1,PASS,All 4 mandatory controls available
FCX,2018-02-20,1,1,1,1,1,PASS,All 4 mandatory controls available
FCX,2019-02-15,1,1,1,1,1,PASS,All 4 mandatory controls available
FCX,2020-02-14,1,1,1,1,1,PASS,All 4 mandatory controls available
FCX,2021-02-16,1,1,1,1,1,PASS,All 4 mandatory controls available
FCX,2022-02-15,1,1,1,1,1,PASS,All 4 mandatory controls available
FCX,2023-02-15,1,1,1,1,1,PASS,All 4 mandatory controls available
FCX,2024-02-16,1,1,1,1,1,PASS,All 4 mandatory controls available
FCX,2025-02-14,1,1,1,1,1,PASS,All 4 mandatory controls available
FDX,2016-07-18,1,1,1,1,1,PASS,All 4 mandatory controls available
FDX,2017-07-17,1,1,1,1,1,PASS,All 4 mandatory controls available
FDX,2018-07-16,1,1,1,1,1,PASS,All 4 mandatory controls available
FDX,2019-07-16,1,1,1,1,1,PASS,All 4 mandatory controls available
FDX,2020-07-20,1,1,1,1,1,PASS,All 4 mandatory controls available
FDX,2021-07-19,1,1,1,1,1,PASS,All 4 mandatory controls available
FDX,2022-07-18,1,1,1,1,1,PASS,All 4 mandatory controls available
FDX,2023-07-17,1,1,1,1,1,PASS,All 4 mandatory controls available
FDX,2024-07-15,1,1,1,1,1,PASS,All 4 mandatory controls available
FDX,2025-07-21,1,1,1,1,1,PASS,All 4 mandatory controls available
FIX,2016-02-23,1,1,1,1,1,PASS,All 4 mandatory controls available
FIX,2017-02-23,1,1,1,1,1,PASS,All 4 mandatory controls available
FIX,2018-02-22,1,1,1,1,1,PASS,All 4 mandatory controls available
FIX,2019-02-21,1,1,1,1,1,PASS,All 4 mandatory controls available
FIX,2020-02-26,1,1,1,1,1,PASS,All 4 mandatory controls available
FIX,2021-02-25,1,1,1,1,1,PASS,All 4 mandatory controls available
FIX,2022-02-23,1,1,1,1,1,PASS,All 4 mandatory controls available
FIX,2023-02-22,1,1,1,1,1,PASS,All 4 mandatory controls available
FIX,2024-02-22,1,1,1,1,1,PASS,All 4 mandatory controls available
FIX,2025-02-20,1,1,1,1,1,PASS,All 4 mandatory controls available
HEI,2016-12-15,1,1,1,1,1,PASS,All 4 mandatory controls available
HEI,2017-12-21,1,1,1,1,1,PASS,All 4 mandatory controls available
HEI,2018-12-20,1,1,1,1,1,PASS,All 4 mandatory controls available
HEI,2019-12-19,1,1,1,1,1,PASS,All 4 mandatory controls available
HEI,2020-12-23,1,1,1,1,1,PASS,All 4 mandatory controls available
HEI,2021-12-21,1,1,1,1,1,PASS,All 4 mandatory controls available
HEI,2022-12-21,1,1,1,1,1,PASS,All 4 mandatory controls available
HEI,2023-12-20,1,1,1,1,1,PASS,All 4 mandatory controls available
HEI,2024-12-19,1,1,1,1,1,PASS,All 4 mandatory controls available
HEI,2025-12-22,1,1,1,1,1,PASS,All 4 mandatory controls available
HLT,2016-02-26,1,1,1,1,1,PASS,All 4 mandatory controls available
HLT,2017-02-15,1,1,1,1,1,PASS,All 4 mandatory controls available
HLT,2018-02-14,1,1,1,1,1,PASS,All 4 mandatory controls available
HLT,2019-02-13,1,1,1,1,1,PASS,All 4 mandatory controls available
HLT,2020-02-11,1,1,1,1,1,PASS,All 4 mandatory controls available
HLT,2021-02-17,1,1,1,1,1,PASS,All 4 mandatory controls available
HLT,2022-02-16,1,1,1,1,1,PASS,All 4 mandatory controls available
HLT,2023-02-09,1,1,1,1,1,PASS,All 4 mandatory controls available
HLT,2024-02-07,1,1,1,1,1,PASS,All 4 mandatory controls available
HLT,2025-02-06,1,1,1,1,1,PASS,All 4 mandatory controls available
HPQ,2016-12-15,1,1,1,1,1,PASS,All 4 mandatory controls available
HPQ,2017-12-14,1,1,1,1,1,PASS,All 4 mandatory controls available
HPQ,2018-12-13,1,1,1,1,1,PASS,All 4 mandatory controls available
HPQ,2019-12-12,1,1,1,1,1,PASS,All 4 mandatory controls available
HPQ,2020-12-10,1,1,1,1,1,PASS,All 4 mandatory controls available
HPQ,2021-12-09,1,1,1,1,1,PASS,All 4 mandatory controls available
HPQ,2022-12-06,1,1,1,1,1,PASS,All 4 mandatory controls available
HPQ,2023-12-18,1,1,1,1,1,PASS,All 4 mandatory controls available
HPQ,2024-12-13,1,1,1,1,1,PASS,All 4 mandatory controls available
HPQ,2025-12-10,1,1,1,1,1,PASS,All 4 mandatory controls available
HUBB,2016-02-18,0,0,1,1,0,WARN,Missing one or more mandatory controls
HUBB,2017-02-16,1,1,1,1,1,PASS,All 4 mandatory controls available
HUBB,2018-02-15,1,1,1,1,1,PASS,All 4 mandatory controls available
HUBB,2019-02-15,1,1,1,1,1,PASS,All 4 mandatory controls available
HUBB,2020-02-14,1,1,1,1,1,PASS,All 4 mandatory controls available
HUBB,2021-02-11,1,1,1,1,1,PASS,All 4 mandatory controls available
HUBB,2022-02-11,1,1,1,1,1,PASS,All 4 mandatory controls available
HUBB,2023-02-09,1,1,1,1,1,PASS,All 4 mandatory controls available
HUBB,2024-02-08,1,1,1,1,1,PASS,All 4 mandatory controls available
HUBB,2025-02-13,1,1,1,1,1,PASS,All 4 mandatory controls available
IDXX,2016-02-17,1,1,1,1,1,PASS,All 4 mandatory controls available
IDXX,2017-02-17,1,1,1,1,1,PASS,All 4 mandatory controls available
IDXX,2018-02-16,1,1,1,1,1,PASS,All 4 mandatory controls available
IDXX,2019-02-15,1,1,1,1,1,PASS,All 4 mandatory controls available
IDXX,2020-02-14,1,1,1,1,1,PASS,All 4 mandatory controls available
IDXX,2021-02-12,1,1,1,1,1,PASS,All 4 mandatory controls available
IDXX,2022-02-16,1,1,1,1,1,PASS,All 4 mandatory controls available
IDXX,2023-02-16,1,1,1,1,1,PASS,All 4 mandatory controls available
IDXX,2024-02-22,1,1,1,1,1,PASS,All 4 mandatory controls available
IDXX,2025-02-21,1,1,1,1,1,PASS,All 4 mandatory controls available
IQV,2016-02-11,1,1,1,1,1,PASS,All 4 mandatory controls available
IQV,2017-02-16,1,1,1,1,1,PASS,All 4 mandatory controls available
IQV,2018-02-16,1,1,1,1,1,PASS,All 4 mandatory controls available
IQV,2019-02-19,1,1,1,1,1,PASS,All 4 mandatory controls available
IQV,2020-02-18,1,1,1,1,1,PASS,All 4 mandatory controls available
IQV,2021-02-12,1,1,1,1,1,PASS,All 4 mandatory controls available
IQV,2022-02-16,1,1,1,1,1,PASS,All 4 mandatory controls available
IQV,2023-02-15,1,1,1,1,1,PASS,All 4 mandatory controls available
IQV,2024-02-15,1,1,1,1,1,PASS,All 4 mandatory controls available
IQV,2025-02-13,1,1,1,1,1,PASS,All 4 mandatory controls available
ITW,2016-02-12,1,1,1,1,1,PASS,All 4 mandatory controls available
ITW,2017-02-10,1,1,1,1,1,PASS,All 4 mandatory controls available
ITW,2018-02-15,1,1,1,1,1,PASS,All 4 mandatory controls available
ITW,2019-02-15,1,1,1,1,1,PASS,All 4 mandatory controls available
ITW,2020-02-14,1,1,1,1,1,PASS,All 4 mandatory controls available
ITW,2021-02-12,1,1,1,1,1,PASS,All 4 mandatory controls available
ITW,2022-02-11,1,1,1,1,1,PASS,All 4 mandatory controls available
ITW,2023-02-10,1,1,1,1,1,PASS,All 4 mandatory controls available
ITW,2024-02-09,1,1,1,1,1,PASS,All 4 mandatory controls available
ITW,2025-02-14,1,1,1,1,1,PASS,All 4 mandatory controls available
KEYS,2016-12-19,1,1,1,1,1,PASS,All 4 mandatory controls available
KEYS,2017-12-20,1,1,1,1,1,PASS,All 4 mandatory controls available
KEYS,2018-12-18,1,1,1,1,1,PASS,All 4 mandatory controls available
KEYS,2019-12-18,1,1,1,1,1,PASS,All 4 mandatory controls available
KEYS,2020-12-17,1,1,1,1,1,PASS,All 4 mandatory controls available
KEYS,2021-12-17,1,1,1,1,1,PASS,All 4 mandatory controls available
KEYS,2022-12-15,1,1,1,1,1,PASS,All 4 mandatory controls available
KEYS,2023-12-15,1,1,1,1,1,PASS,All 4 mandatory controls available
KEYS,2024-12-17,1,1,1,1,1,PASS,All 4 mandatory controls available
KEYS,2025-12-17,1,1,1,1,1,PASS,All 4 mandatory controls available
KHC,2016-03-03,1,1,1,1,1,PASS,All 4 mandatory controls available
KHC,2017-02-23,1,1,1,1,1,PASS,All 4 mandatory controls available
KHC,2018-02-16,1,1,1,1,1,PASS,All 4 mandatory controls available
KHC,2019-06-07,1,1,1,1,1,PASS,All 4 mandatory controls available
KHC,2020-02-14,1,1,1,1,1,PASS,All 4 mandatory controls available
KHC,2021-02-17,1,1,1,1,1,PASS,All 4 mandatory controls available
KHC,2022-02-17,1,1,1,1,1,PASS,All 4 mandatory controls available
KHC,2023-02-16,1,1,1,1,1,PASS,All 4 mandatory controls available
KHC,2024-02-15,1,1,1,1,1,PASS,All 4 mandatory controls available
KHC,2025-02-13,1,1,1,1,1,PASS,All 4 mandatory controls available
KKR,2016-02-26,1,1,1,1,1,PASS,All 4 mandatory controls available
KKR,2017-02-24,1,1,1,1,1,PASS,All 4 mandatory controls available
KKR,2018-02-23,1,1,1,1,1,PASS,All 4 mandatory controls available
KKR,2019-02-15,1,1,1,1,1,PASS,All 4 mandatory controls available
KKR,2020-02-18,1,1,1,1,1,PASS,All 4 mandatory controls available
KKR,2021-02-19,1,1,1,1,1,PASS,All 4 mandatory controls available
KKR,2022-02-28,1,1,1,1,1,PASS,All 4 mandatory controls available
KKR,2023-02-27,1,1,1,1,1,PASS,All 4 mandatory controls available
KKR,2024-02-29,1,1,1,1,1,PASS,All 4 mandatory controls available
KKR,2025-02-28,1,1,1,1,1,PASS,All 4 mandatory controls available
KMI,2016-02-16,1,1,1,1,1,PASS,All 4 mandatory controls available
KMI,2017-02-10,1,1,1,1,1,PASS,All 4 mandatory controls available
KMI,2018-02-09,1,1,1,1,1,PASS,All 4 mandatory controls available
KMI,2019-02-08,1,1,1,1,1,PASS,All 4 mandatory controls available
KMI,2020-02-12,1,1,1,1,1,PASS,All 4 mandatory controls available
KMI,2021-02-05,1,1,1,1,1,PASS,All 4 mandatory controls available
KMI,2022-02-07,1,1,1,1,1,PASS,All 4 mandatory controls available
KMI,2023-02-08,1,1,1,1,1,PASS,All 4 mandatory controls available
KMI,2024-02-20,1,1,1,1,1,PASS,All 4 mandatory controls available
KMI,2025-02-13,1,1,1,1,1,PASS,All 4 mandatory controls available
LNG,2016-02-19,1,1,1,1,1,PASS,All 4 mandatory controls available
LNG,2017-02-24,1,1,1,1,1,PASS,All 4 mandatory controls available
LNG,2018-02-21,1,1,1,1,1,PASS,All 4 mandatory controls available
LNG,2019-02-26,1,1,1,1,1,PASS,All 4 mandatory controls available
LNG,2020-02-25,1,1,1,1,1,PASS,All 4 mandatory controls available
LNG,2021-02-24,1,1,1,1,1,PASS,All 4 mandatory controls available
LNG,2022-02-24,1,1,1,1,1,PASS,All 4 mandatory controls available
LNG,2023-02-23,1,1,1,1,1,PASS,All 4 mandatory controls available
LNG,2024-02-22,1,1,1,1,1,PASS,All 4 mandatory controls available
LNG,2025-02-20,1,1,1,1,1,PASS,All 4 mandatory controls available
LRCX,2016-08-17,1,1,1,1,1,PASS,All 4 mandatory controls available
LRCX,2017-08-15,1,1,1,1,1,PASS,All 4 mandatory controls available
LRCX,2018-08-14,1,1,1,1,1,PASS,All 4 mandatory controls available
LRCX,2019-08-20,1,1,1,1,1,PASS,All 4 mandatory controls available
LRCX,2020-08-18,1,1,1,1,1,PASS,All 4 mandatory controls available
LRCX,2021-08-17,1,1,1,1,1,PASS,All 4 mandatory controls available
LRCX,2022-08-24,1,1,1,1,1,PASS,All 4 mandatory controls available
LRCX,2023-08-15,1,1,1,1,1,PASS,All 4 mandatory controls available
LRCX,2024-08-29,1,1,1,1,1,PASS,All 4 mandatory controls available
LRCX,2025-08-11,1,1,1,1,1,PASS,All 4 mandatory controls available
LVS,2016-02-26,1,1,1,1,1,PASS,All 4 mandatory controls available
LVS,2017-02-24,1,1,1,1,1,PASS,All 4 mandatory controls available
LVS,2018-02-23,1,1,1,1,1,PASS,All 4 mandatory controls available
LVS,2019-02-22,1,1,1,1,1,PASS,All 4 mandatory controls available
LVS,2020-02-07,1,1,1,1,1,PASS,All 4 mandatory controls available
LVS,2021-02-05,1,1,1,1,1,PASS,All 4 mandatory controls available
LVS,2022-02-04,1,1,1,1,1,PASS,All 4 mandatory controls available
LVS,2023-02-03,1,1,1,1,1,PASS,All 4 mandatory controls available
LVS,2024-02-07,1,1,1,1,1,PASS,All 4 mandatory controls available
LVS,2025-02-07,1,1,1,1,1,PASS,All 4 mandatory controls available
LYV,2016-02-25,1,1,1,1,1,PASS,All 4 mandatory controls available
LYV,2017-02-23,1,1,1,1,1,PASS,All 4 mandatory controls available
LYV,2018-02-27,1,1,1,1,1,PASS,All 4 mandatory controls available
LYV,2019-02-28,1,1,1,1,1,PASS,All 4 mandatory controls available
LYV,2020-02-27,1,1,1,1,1,PASS,All 4 mandatory controls available
LYV,2021-03-01,1,1,1,1,1,PASS,All 4 mandatory controls available
LYV,2022-02-23,1,1,1,1,1,PASS,All 4 mandatory controls available
LYV,2023-02-23,1,1,1,1,1,PASS,All 4 mandatory controls available
LYV,2024-02-22,1,1,1,1,1,PASS,All 4 mandatory controls available
LYV,2025-02-21,1,1,1,1,1,PASS,All 4 mandatory controls available
MDLZ,2016-02-19,1,1,1,1,1,PASS,All 4 mandatory controls available
MDLZ,2017-02-24,1,1,1,1,1,PASS,All 4 mandatory controls available
MDLZ,2018-02-09,1,1,1,1,1,PASS,All 4 mandatory controls available
MDLZ,2019-02-08,1,1,1,1,1,PASS,All 4 mandatory controls available
MDLZ,2020-02-07,1,1,1,1,1,PASS,All 4 mandatory controls available
MDLZ,2021-02-05,1,1,1,1,1,PASS,All 4 mandatory controls available
MDLZ,2022-02-04,1,1,1,1,1,PASS,All 4 mandatory controls available
MDLZ,2023-02-03,1,1,1,1,1,PASS,All 4 mandatory controls available
MDLZ,2024-02-02,1,1,1,1,1,PASS,All 4 mandatory controls available
MDLZ,2025-02-05,1,1,1,1,1,PASS,All 4 mandatory controls available
MELI,2016-02-26,1,1,1,1,1,PASS,All 4 mandatory controls available
MELI,2017-02-24,1,1,1,1,1,PASS,All 4 mandatory controls available
MELI,2018-02-23,1,1,1,1,1,PASS,All 4 mandatory controls available
MELI,2019-02-28,1,1,1,1,1,PASS,All 4 mandatory controls available
MELI,2020-02-14,1,1,1,1,1,PASS,All 4 mandatory controls available
MELI,2021-03-01,1,1,1,1,1,PASS,All 4 mandatory controls available
MELI,2022-02-23,1,1,1,1,1,PASS,All 4 mandatory controls available
MELI,2023-02-24,1,1,1,1,1,PASS,All 4 mandatory controls available
MELI,2024-02-23,1,1,1,1,1,PASS,All 4 mandatory controls available
MELI,2025-02-21,1,1,1,1,1,PASS,All 4 mandatory controls available
MLM,2016-02-23,1,1,1,1,1,PASS,All 4 mandatory controls available
MLM,2017-02-24,1,1,1,1,1,PASS,All 4 mandatory controls available
MLM,2018-02-23,1,1,1,1,1,PASS,All 4 mandatory controls available
MLM,2019-02-25,1,1,1,1,1,PASS,All 4 mandatory controls available
MLM,2020-02-21,1,1,1,1,1,PASS,All 4 mandatory controls available
MLM,2021-02-19,1,1,1,1,1,PASS,All 4 mandatory controls available
MLM,2022-02-22,1,1,1,1,1,PASS,All 4 mandatory controls available
MLM,2023-02-24,1,1,1,1,1,PASS,All 4 mandatory controls available
MLM,2024-02-23,1,1,1,1,1,PASS,All 4 mandatory controls available
MLM,2025-02-21,1,1,1,1,1,PASS,All 4 mandatory controls available
MNST,2016-02-29,1,1,1,1,1,PASS,All 4 mandatory controls available
MNST,2017-03-01,1,1,1,1,1,PASS,All 4 mandatory controls available
MNST,2018-03-01,1,1,1,1,1,PASS,All 4 mandatory controls available
MNST,2019-02-28,1,1,1,1,1,PASS,All 4 mandatory controls available
MNST,2020-02-28,1,1,1,1,1,PASS,All 4 mandatory controls available
MNST,2021-03-01,1,1,1,1,1,PASS,All 4 mandatory controls available
MNST,2022-02-28,1,1,1,1,1,PASS,All 4 mandatory controls available
MNST,2023-03-01,1,1,1,1,1,PASS,All 4 mandatory controls available
MNST,2024-02-29,1,1,1,1,1,PASS,All 4 mandatory controls available
MNST,2025-02-28,1,1,1,1,1,PASS,All 4 mandatory controls available
MO,2016-02-25,1,1,1,1,1,PASS,All 4 mandatory controls available
MO,2017-02-27,1,1,1,1,1,PASS,All 4 mandatory controls available
MO,2018-02-27,1,1,1,1,1,PASS,All 4 mandatory controls available
MO,2019-02-26,1,1,1,1,1,PASS,All 4 mandatory controls available
MO,2020-02-25,1,1,1,1,1,PASS,All 4 mandatory controls available
MO,2021-02-26,1,1,1,1,1,PASS,All 4 mandatory controls available
MO,2022-02-25,1,1,1,1,1,PASS,All 4 mandatory controls available
MO,2023-02-27,1,1,1,1,1,PASS,All 4 mandatory controls available
MO,2024-02-27,1,1,1,1,1,PASS,All 4 mandatory controls available
MO,2025-02-26,1,1,1,1,1,PASS,All 4 mandatory controls available
MSCI,2016-02-26,1,1,1,1,1,PASS,All 4 mandatory controls available
MSCI,2017-02-24,1,1,1,1,1,PASS,All 4 mandatory controls available
MSCI,2018-02-26,1,1,1,1,1,PASS,All 4 mandatory controls available
MSCI,2019-02-22,1,1,1,1,1,PASS,All 4 mandatory controls available
MSCI,2020-02-18,1,1,1,1,1,PASS,All 4 mandatory controls available
MSCI,2021-02-12,1,1,1,1,1,PASS,All 4 mandatory controls available
MSCI,2022-02-11,1,1,1,1,1,PASS,All 4 mandatory controls available
MSCI,2023-02-10,1,1,1,1,1,PASS,All 4 mandatory controls available
MSCI,2024-02-09,1,1,1,1,1,PASS,All 4 mandatory controls available
MSCI,2025-02-07,1,1,1,1,1,PASS,All 4 mandatory controls available
MTD,2016-02-04,1,1,1,1,1,PASS,All 4 mandatory controls available
MTD,2017-02-02,1,1,1,1,1,PASS,All 4 mandatory controls available
MTD,2018-02-09,1,1,1,1,1,PASS,All 4 mandatory controls available
MTD,2019-02-08,1,1,1,1,1,PASS,All 4 mandatory controls available
MTD,2020-02-07,1,1,1,1,1,PASS,All 4 mandatory controls available
MTD,2021-02-08,1,1,1,1,1,PASS,All 4 mandatory controls available
MTD,2022-02-11,1,1,1,1,1,PASS,All 4 mandatory controls available
MTD,2023-02-10,1,1,1,1,1,PASS,All 4 mandatory controls available
MTD,2024-02-09,1,1,1,1,1,PASS,All 4 mandatory controls available
MTD,2025-02-07,1,1,1,1,1,PASS,All 4 mandatory controls available
NKE,2016-07-21,1,1,1,1,1,PASS,All 4 mandatory controls available
NKE,2017-07-20,1,1,1,1,1,PASS,All 4 mandatory controls available
NKE,2018-07-25,1,1,1,1,1,PASS,All 4 mandatory controls available
NKE,2019-07-23,1,1,1,1,1,PASS,All 4 mandatory controls available
NKE,2020-07-24,1,1,1,1,1,PASS,All 4 mandatory controls available
NKE,2021-07-20,1,1,1,1,1,PASS,All 4 mandatory controls available
NKE,2022-07-21,1,1,1,1,1,PASS,All 4 mandatory controls available
NKE,2023-07-20,1,1,1,1,1,PASS,All 4 mandatory controls available
NKE,2024-07-25,1,1,1,1,1,PASS,All 4 mandatory controls available
NKE,2025-07-17,1,1,1,1,1,PASS,All 4 mandatory controls available
NTAP,2016-06-22,1,1,1,1,1,PASS,All 4 mandatory controls available
NTAP,2017-06-20,1,1,1,1,1,PASS,All 4 mandatory controls available
NTAP,2018-06-19,1,1,1,1,1,PASS,All 4 mandatory controls available
NTAP,2019-06-18,1,1,1,1,1,PASS,All 4 mandatory controls available
NTAP,2020-06-15,1,1,1,1,1,PASS,All 4 mandatory controls available
NTAP,2021-06-21,1,1,1,1,1,PASS,All 4 mandatory controls available
NTAP,2022-06-16,1,1,1,1,1,PASS,All 4 mandatory controls available
NTAP,2023-06-14,1,1,1,1,1,PASS,All 4 mandatory controls available
NTAP,2024-06-10,1,1,1,1,1,PASS,All 4 mandatory controls available
NTAP,2025-06-09,1,1,1,1,1,PASS,All 4 mandatory controls available
NUE,2016-02-26,1,1,1,1,1,PASS,All 4 mandatory controls available
NUE,2017-02-28,1,1,1,1,1,PASS,All 4 mandatory controls available
NUE,2018-02-28,1,1,1,1,1,PASS,All 4 mandatory controls available
NUE,2019-02-28,1,1,1,1,1,PASS,All 4 mandatory controls available
NUE,2020-02-28,1,1,1,1,1,PASS,All 4 mandatory controls available
NUE,2021-02-26,1,1,1,1,1,PASS,All 4 mandatory controls available
NUE,2022-02-28,1,1,1,1,1,PASS,All 4 mandatory controls available
NUE,2023-03-01,1,1,1,1,1,PASS,All 4 mandatory controls available
NUE,2024-02-27,1,1,1,1,1,PASS,All 4 mandatory controls available
NUE,2025-02-27,1,1,1,1,1,PASS,All 4 mandatory controls available
O,2016-02-11,1,1,1,1,1,PASS,All 4 mandatory controls available
O,2017-02-23,1,1,1,1,1,PASS,All 4 mandatory controls available
O,2018-02-22,1,1,1,1,1,PASS,All 4 mandatory controls available
O,2019-02-22,1,1,1,1,1,PASS,All 4 mandatory controls available
O,2020-02-24,1,1,1,1,1,PASS,All 4 mandatory controls available
O,2021-02-23,1,1,1,1,1,PASS,All 4 mandatory controls available
O,2022-02-23,1,1,1,1,1,PASS,All 4 mandatory controls available
O,2023-02-22,1,1,1,1,1,PASS,All 4 mandatory controls available
O,2024-02-21,1,1,1,1,1,PASS,All 4 mandatory controls available
O,2025-02-25,1,1,1,1,1,PASS,All 4 mandatory controls available
ODFL,2016-02-29,1,1,1,1,1,PASS,All 4 mandatory controls available
ODFL,2017-02-27,1,1,1,1,1,PASS,All 4 mandatory controls available
ODFL,2018-02-27,1,1,1,1,1,PASS,All 4 mandatory controls available
ODFL,2019-02-27,1,1,1,1,1,PASS,All 4 mandatory controls available
ODFL,2020-02-26,1,1,1,1,1,PASS,All 4 mandatory controls available
ODFL,2021-02-24,1,1,1,1,1,PASS,All 4 mandatory controls available
ODFL,2022-02-23,1,1,1,1,1,PASS,All 4 mandatory controls available
ODFL,2023-02-22,1,1,1,1,1,PASS,All 4 mandatory controls available
ODFL,2024-02-26,1,1,1,1,1,PASS,All 4 mandatory controls available
ODFL,2025-02-25,1,1,1,1,1,PASS,All 4 mandatory controls available
ORCL,2016-06-22,1,1,1,1,1,PASS,All 4 mandatory controls available
ORCL,2017-06-27,1,1,1,1,1,PASS,All 4 mandatory controls available
ORCL,2018-06-22,1,1,1,1,1,PASS,All 4 mandatory controls available
ORCL,2019-06-21,1,1,1,1,1,PASS,All 4 mandatory controls available
ORCL,2020-06-22,1,1,1,1,1,PASS,All 4 mandatory controls available
ORCL,2021-06-21,1,1,1,1,1,PASS,All 4 mandatory controls available
ORCL,2022-06-21,1,1,1,1,1,PASS,All 4 mandatory controls available
ORCL,2023-06-20,1,1,1,1,1,PASS,All 4 mandatory controls available
ORCL,2024-06-20,1,1,1,1,1,PASS,All 4 mandatory controls available
ORCL,2025-06-18,1,1,1,1,1,PASS,All 4 mandatory controls available
P,2016-03-25,0,0,0,0,0,WARN,Missing one or more mandatory controls
P,2017-03-29,0,0,1,0,0,WARN,Missing one or more mandatory controls
P,2018-03-26,0,0,1,0,0,WARN,Missing one or more mandatory controls
P,2019-03-26,0,0,1,0,0,WARN,Missing one or more mandatory controls
P,2020-03-27,1,1,1,1,1,PASS,All 4 mandatory controls available
P,2021-03-25,1,1,1,1,1,PASS,All 4 mandatory controls available
P,2022-04-07,1,1,1,1,1,PASS,All 4 mandatory controls available
P,2023-04-03,1,1,1,1,1,PASS,All 4 mandatory controls available
P,2024-04-01,1,1,1,1,1,PASS,All 4 mandatory controls available
P,2025-03-27,1,1,1,1,1,PASS,All 4 mandatory controls available
PAYX,2016-07-22,1,1,1,1,1,PASS,All 4 mandatory controls available
PAYX,2017-07-21,1,1,1,1,1,PASS,All 4 mandatory controls available
PAYX,2018-07-20,1,1,1,1,1,PASS,All 4 mandatory controls available
PAYX,2019-07-24,1,1,1,1,1,PASS,All 4 mandatory controls available
PAYX,2020-07-17,1,1,1,1,1,PASS,All 4 mandatory controls available
PAYX,2021-07-16,1,1,1,1,1,PASS,All 4 mandatory controls available
PAYX,2022-07-15,1,1,1,1,1,PASS,All 4 mandatory controls available
PAYX,2023-07-14,1,1,1,1,1,PASS,All 4 mandatory controls available
PAYX,2024-07-11,1,1,1,1,1,PASS,All 4 mandatory controls available
PAYX,2025-07-11,1,1,1,1,1,PASS,All 4 mandatory controls available
PEG,2016-02-26,1,1,1,1,1,PASS,All 4 mandatory controls available
PEG,2017-02-27,1,1,1,1,1,PASS,All 4 mandatory controls available
PEG,2018-02-26,1,1,1,1,1,PASS,All 4 mandatory controls available
PEG,2019-02-28,1,1,1,1,1,PASS,All 4 mandatory controls available
PEG,2020-02-26,1,1,1,1,1,PASS,All 4 mandatory controls available
PEG,2021-03-01,1,1,1,1,1,PASS,All 4 mandatory controls available
PEG,2022-02-24,1,1,1,1,1,PASS,All 4 mandatory controls available
PEG,2023-02-22,1,1,1,1,1,PASS,All 4 mandatory controls available
PEG,2024-02-26,1,1,1,1,1,PASS,All 4 mandatory controls available
PEG,2025-02-25,1,1,1,1,1,PASS,All 4 mandatory controls available
PEP,2016-02-11,1,1,1,1,1,PASS,All 4 mandatory controls available
PEP,2017-02-15,1,1,1,1,1,PASS,All 4 mandatory controls available
PEP,2018-02-13,1,1,1,1,1,PASS,All 4 mandatory controls available
PEP,2019-02-15,1,1,1,1,1,PASS,All 4 mandatory controls available
PEP,2020-02-13,1,1,1,1,1,PASS,All 4 mandatory controls available
PEP,2021-02-11,1,1,1,1,1,PASS,All 4 mandatory controls available
PEP,2022-02-10,1,1,1,1,1,PASS,All 4 mandatory controls available
PEP,2023-02-09,1,1,1,1,1,PASS,All 4 mandatory controls available
PEP,2024-02-09,1,1,1,1,1,PASS,All 4 mandatory controls available
PEP,2025-02-04,1,1,1,1,1,PASS,All 4 mandatory controls available
PSX,2016-02-19,1,1,1,1,1,PASS,All 4 mandatory controls available
PSX,2017-02-17,1,1,1,1,1,PASS,All 4 mandatory controls available
PSX,2018-02-23,1,1,1,1,1,PASS,All 4 mandatory controls available
PSX,2019-02-22,1,1,1,1,1,PASS,All 4 mandatory controls available
PSX,2020-02-21,1,1,1,1,1,PASS,All 4 mandatory controls available
PSX,2021-02-24,1,1,1,1,1,PASS,All 4 mandatory controls available
PSX,2022-02-18,1,1,1,1,1,PASS,All 4 mandatory controls available
PSX,2023-02-22,1,1,1,1,1,PASS,All 4 mandatory controls available
PSX,2024-02-21,1,1,1,1,1,PASS,All 4 mandatory controls available
PSX,2025-02-21,1,1,1,1,1,PASS,All 4 mandatory controls available
PWR,2016-02-29,1,1,1,1,1,PASS,All 4 mandatory controls available
PWR,2017-03-01,1,1,1,1,1,PASS,All 4 mandatory controls available
PWR,2018-02-28,1,1,1,1,1,PASS,All 4 mandatory controls available
PWR,2019-02-28,1,1,1,1,1,PASS,All 4 mandatory controls available
PWR,2020-02-28,1,1,1,1,1,PASS,All 4 mandatory controls available
PWR,2021-03-01,1,1,1,1,1,PASS,All 4 mandatory controls available
PWR,2022-02-25,1,1,1,1,1,PASS,All 4 mandatory controls available
PWR,2023-02-23,1,1,1,1,1,PASS,All 4 mandatory controls available
PWR,2024-02-22,1,1,1,1,1,PASS,All 4 mandatory controls available
PWR,2025-02-20,1,1,1,1,1,PASS,All 4 mandatory controls available
ROP,2016-02-26,1,1,1,1,1,PASS,All 4 mandatory controls available
ROP,2017-02-27,1,1,1,1,1,PASS,All 4 mandatory controls available
ROP,2018-02-23,1,1,1,1,1,PASS,All 4 mandatory controls available
ROP,2019-02-25,1,1,1,1,1,PASS,All 4 mandatory controls available
ROP,2020-02-28,1,1,1,1,1,PASS,All 4 mandatory controls available
ROP,2021-02-22,1,1,1,1,1,PASS,All 4 mandatory controls available
ROP,2022-02-22,1,1,1,1,1,PASS,All 4 mandatory controls available
ROP,2023-02-27,1,1,1,1,1,PASS,All 4 mandatory controls available
ROP,2024-02-22,1,1,1,1,1,PASS,All 4 mandatory controls available
ROP,2025-02-24,1,1,1,1,1,PASS,All 4 mandatory controls available
ROST,2016-03-29,1,1,1,1,1,PASS,All 4 mandatory controls available
ROST,2017-03-28,1,1,1,1,1,PASS,All 4 mandatory controls available
ROST,2018-04-03,1,1,1,1,1,PASS,All 4 mandatory controls available
ROST,2019-04-02,1,1,1,1,1,PASS,All 4 mandatory controls available
ROST,2020-03-31,1,1,1,1,1,PASS,All 4 mandatory controls available
ROST,2021-03-30,1,1,1,1,1,PASS,All 4 mandatory controls available
ROST,2022-03-29,1,1,1,1,1,PASS,All 4 mandatory controls available
ROST,2023-03-28,1,1,1,1,1,PASS,All 4 mandatory controls available
ROST,2024-04-02,1,1,1,1,1,PASS,All 4 mandatory controls available
ROST,2025-04-01,1,1,1,1,1,PASS,All 4 mandatory controls available
SBUX,2016-11-18,1,1,1,1,1,PASS,All 4 mandatory controls available
SBUX,2017-11-17,1,1,1,1,1,PASS,All 4 mandatory controls available
SBUX,2018-11-16,1,1,1,1,1,PASS,All 4 mandatory controls available
SBUX,2019-11-15,1,1,1,1,1,PASS,All 4 mandatory controls available
SBUX,2020-11-12,1,1,1,1,1,PASS,All 4 mandatory controls available
SBUX,2021-11-19,1,1,1,1,1,PASS,All 4 mandatory controls available
SBUX,2022-11-18,1,1,1,1,1,PASS,All 4 mandatory controls available
SBUX,2023-11-17,1,1,1,1,1,PASS,All 4 mandatory controls available
SBUX,2024-11-20,1,1,1,1,1,PASS,All 4 mandatory controls available
SBUX,2025-11-14,1,1,1,1,1,PASS,All 4 mandatory controls available
SCCO,2016-02-26,1,1,1,1,1,PASS,All 4 mandatory controls available
SCCO,2017-03-01,1,1,1,1,1,PASS,All 4 mandatory controls available
SCCO,2018-03-01,1,1,1,1,1,PASS,All 4 mandatory controls available
SCCO,2019-03-01,1,1,1,1,1,PASS,All 4 mandatory controls available
SCCO,2020-02-28,1,1,1,1,1,PASS,All 4 mandatory controls available
SCCO,2021-02-26,1,1,1,1,1,PASS,All 4 mandatory controls available
SCCO,2022-03-07,1,1,1,1,1,PASS,All 4 mandatory controls available
SCCO,2023-02-28,1,1,1,1,1,PASS,All 4 mandatory controls available
SCCO,2024-02-29,1,1,1,1,1,PASS,All 4 mandatory controls available
SCCO,2025-03-03,1,1,1,1,1,PASS,All 4 mandatory controls available
SNPS,2016-12-12,1,1,1,1,1,PASS,All 4 mandatory controls available
SNPS,2017-12-14,1,1,1,1,1,PASS,All 4 mandatory controls available
SNPS,2018-12-17,1,1,1,1,1,PASS,All 4 mandatory controls available
SNPS,2019-12-20,1,1,1,1,1,PASS,All 4 mandatory controls available
SNPS,2020-12-15,1,1,1,1,1,PASS,All 4 mandatory controls available
SNPS,2021-12-13,1,1,1,1,1,PASS,All 4 mandatory controls available
SNPS,2022-12-12,1,1,1,1,1,PASS,All 4 mandatory controls available
SNPS,2023-12-12,1,1,1,1,1,PASS,All 4 mandatory controls available
SNPS,2024-12-19,1,1,1,1,1,PASS,All 4 mandatory controls available
SNPS,2025-12-22,1,1,1,1,1,PASS,All 4 mandatory controls available
SPG,2016-02-26,1,1,1,1,1,PASS,All 4 mandatory controls available
SPG,2017-02-24,1,1,1,1,1,PASS,All 4 mandatory controls available
SPG,2018-02-23,1,1,1,1,1,PASS,All 4 mandatory controls available
SPG,2019-02-22,1,1,1,1,1,PASS,All 4 mandatory controls available
SPG,2020-02-21,1,1,1,1,1,PASS,All 4 mandatory controls available
SPG,2021-02-25,1,1,1,1,1,PASS,All 4 mandatory controls available
SPG,2022-02-24,1,1,1,1,1,PASS,All 4 mandatory controls available
SPG,2023-02-23,1,1,1,1,1,PASS,All 4 mandatory controls available
SPG,2024-02-22,1,1,1,1,1,PASS,All 4 mandatory controls available
SPG,2025-02-21,1,1,1,1,1,PASS,All 4 mandatory controls available
TDY,2016-03-01,1,1,1,1,1,PASS,All 4 mandatory controls available
TDY,2017-03-02,1,1,1,1,1,PASS,All 4 mandatory controls available
TDY,2018-02-27,1,1,1,1,1,PASS,All 4 mandatory controls available
TDY,2019-02-25,1,1,1,1,1,PASS,All 4 mandatory controls available
TDY,2020-02-24,1,1,1,1,1,PASS,All 4 mandatory controls available
TDY,2021-02-26,1,1,1,1,1,PASS,All 4 mandatory controls available
TDY,2022-02-25,1,1,1,1,1,PASS,All 4 mandatory controls available
TDY,2023-02-24,1,1,1,1,1,PASS,All 4 mandatory controls available
TDY,2024-02-23,1,1,1,1,1,PASS,All 4 mandatory controls available
TDY,2025-02-21,1,1,1,1,1,PASS,All 4 mandatory controls available
TER,2016-02-29,1,1,1,1,1,PASS,All 4 mandatory controls available
TER,2017-03-01,1,1,1,1,1,PASS,All 4 mandatory controls available
TER,2018-03-01,1,1,1,1,1,PASS,All 4 mandatory controls available
TER,2019-03-01,1,1,1,1,1,PASS,All 4 mandatory controls available
TER,2020-03-02,1,1,1,1,1,PASS,All 4 mandatory controls available
TER,2021-02-22,1,1,1,1,1,PASS,All 4 mandatory controls available
TER,2022-02-23,1,1,1,1,1,PASS,All 4 mandatory controls available
TER,2023-02-22,1,1,1,1,1,PASS,All 4 mandatory controls available
TER,2024-02-22,1,1,1,1,1,PASS,All 4 mandatory controls available
TER,2025-02-20,1,1,1,1,1,PASS,All 4 mandatory controls available
TJX,2016-03-29,1,1,1,1,1,PASS,All 4 mandatory controls available
TJX,2017-03-28,1,1,1,1,1,PASS,All 4 mandatory controls available
TJX,2018-04-04,1,1,1,1,1,PASS,All 4 mandatory controls available
TJX,2019-04-03,1,1,1,1,1,PASS,All 4 mandatory controls available
TJX,2020-03-27,1,1,1,1,1,PASS,All 4 mandatory controls available
TJX,2021-03-31,1,1,1,1,1,PASS,All 4 mandatory controls available
TJX,2022-03-30,1,1,1,1,1,PASS,All 4 mandatory controls available
TJX,2023-03-29,1,1,1,1,1,PASS,All 4 mandatory controls available
TJX,2024-04-03,1,1,1,1,1,PASS,All 4 mandatory controls available
TJX,2025-04-02,1,1,1,1,1,PASS,All 4 mandatory controls available
TTWO,2016-05-19,1,1,1,1,1,PASS,All 4 mandatory controls available
TTWO,2017-05-24,1,1,1,1,1,PASS,All 4 mandatory controls available
TTWO,2018-05-17,1,1,1,1,1,PASS,All 4 mandatory controls available
TTWO,2019-05-14,1,1,1,1,1,PASS,All 4 mandatory controls available
TTWO,2020-05-22,1,1,1,1,1,PASS,All 4 mandatory controls available
TTWO,2021-05-19,1,1,1,1,1,PASS,All 4 mandatory controls available
TTWO,2022-05-17,1,1,1,1,1,PASS,All 4 mandatory controls available
TTWO,2023-05-26,1,1,1,1,1,PASS,All 4 mandatory controls available
TTWO,2024-05-22,1,1,1,1,1,PASS,All 4 mandatory controls available
TTWO,2025-05-20,1,1,1,1,1,PASS,All 4 mandatory controls available
UI,2016-08-22,1,1,1,1,1,PASS,All 4 mandatory controls available
UI,2017-08-25,1,1,1,1,1,PASS,All 4 mandatory controls available
UI,2018-08-24,1,1,1,1,1,PASS,All 4 mandatory controls available
UI,2019-08-21,1,1,1,1,1,PASS,All 4 mandatory controls available
UI,2020-08-21,1,1,1,1,1,PASS,All 4 mandatory controls available
UI,2021-08-27,1,1,1,1,1,PASS,All 4 mandatory controls available
UI,2022-08-26,1,1,1,1,1,PASS,All 4 mandatory controls available
UI,2023-08-25,1,1,1,1,1,PASS,All 4 mandatory controls available
UI,2024-08-23,1,1,1,1,1,PASS,All 4 mandatory controls available
UI,2025-08-22,1,1,1,1,1,PASS,All 4 mandatory controls available
ULTA,2016-03-30,1,1,1,1,1,PASS,All 4 mandatory controls available
ULTA,2017-03-28,1,1,1,1,1,PASS,All 4 mandatory controls available
ULTA,2018-04-03,1,1,1,1,1,PASS,All 4 mandatory controls available
ULTA,2019-04-02,1,1,1,1,1,PASS,All 4 mandatory controls available
ULTA,2020-03-27,1,1,1,1,1,PASS,All 4 mandatory controls available
ULTA,2021-03-26,1,1,1,1,1,PASS,All 4 mandatory controls available
ULTA,2022-03-25,1,1,1,1,1,PASS,All 4 mandatory controls available
ULTA,2023-03-24,1,1,1,1,1,PASS,All 4 mandatory controls available
ULTA,2024-03-26,1,1,1,1,1,PASS,All 4 mandatory controls available
ULTA,2025-03-27,1,1,1,1,1,PASS,All 4 mandatory controls available
URI,2016-01-27,1,1,1,1,1,PASS,All 4 mandatory controls available
URI,2017-01-25,1,1,1,1,1,PASS,All 4 mandatory controls available
URI,2018-01-24,1,1,1,1,1,PASS,All 4 mandatory controls available
URI,2019-01-23,1,1,1,1,1,PASS,All 4 mandatory controls available
URI,2020-01-29,1,1,1,1,1,PASS,All 4 mandatory controls available
URI,2021-01-27,1,1,1,1,1,PASS,All 4 mandatory controls available
URI,2022-01-26,1,1,1,1,1,PASS,All 4 mandatory controls available
URI,2023-01-25,1,1,1,1,1,PASS,All 4 mandatory controls available
URI,2024-01-24,1,1,1,1,1,PASS,All 4 mandatory controls available
URI,2025-01-29,1,1,1,1,1,PASS,All 4 mandatory controls available
V,2016-11-15,1,1,1,1,1,PASS,All 4 mandatory controls available
V,2017-11-17,1,1,1,1,1,PASS,All 4 mandatory controls available
V,2018-11-16,1,1,1,1,1,PASS,All 4 mandatory controls available
V,2019-11-14,1,1,1,1,1,PASS,All 4 mandatory controls available
V,2020-11-19,1,1,1,1,1,PASS,All 4 mandatory controls available
V,2021-11-18,1,1,1,1,1,PASS,All 4 mandatory controls available
V,2022-11-16,1,1,1,1,1,PASS,All 4 mandatory controls available
V,2023-11-15,1,1,1,1,1,PASS,All 4 mandatory controls available
V,2024-11-13,1,1,1,1,1,PASS,All 4 mandatory controls available
V,2025-11-06,1,1,1,1,1,PASS,All 4 mandatory controls available
VLO,2016-02-25,1,1,1,1,1,PASS,All 4 mandatory controls available
VLO,2017-02-23,1,1,1,1,1,PASS,All 4 mandatory controls available
VLO,2018-02-28,1,1,1,1,1,PASS,All 4 mandatory controls available
VLO,2019-02-28,1,1,1,1,1,PASS,All 4 mandatory controls available
VLO,2020-02-26,1,1,1,1,1,PASS,All 4 mandatory controls available
VLO,2021-02-23,1,1,1,1,1,PASS,All 4 mandatory controls available
VLO,2022-02-22,1,1,1,1,1,PASS,All 4 mandatory controls available
VLO,2023-02-23,1,1,1,1,1,PASS,All 4 mandatory controls available
VLO,2024-02-22,1,1,1,1,1,PASS,All 4 mandatory controls available
VLO,2025-02-26,1,1,1,1,1,PASS,All 4 mandatory controls available
VMC,2016-02-25,1,1,1,1,1,PASS,All 4 mandatory controls available
VMC,2017-02-24,1,1,1,1,1,PASS,All 4 mandatory controls available
VMC,2018-02-27,1,1,1,1,1,PASS,All 4 mandatory controls available
VMC,2019-02-26,1,1,1,1,1,PASS,All 4 mandatory controls available
VMC,2020-02-26,1,1,1,1,1,PASS,All 4 mandatory controls available
VMC,2021-02-25,1,1,1,1,1,PASS,All 4 mandatory controls available
VMC,2022-02-25,1,1,1,1,1,PASS,All 4 mandatory controls available
VMC,2023-02-24,1,1,1,1,1,PASS,All 4 mandatory controls available
VMC,2024-02-22,1,1,1,1,1,PASS,All 4 mandatory controls available
VMC,2025-02-20,1,1,1,1,1,PASS,All 4 mandatory controls available
VMRK,2016-02-25,1,1,1,1,1,PASS,All 4 mandatory controls available
VMRK,2017-02-23,1,1,1,1,1,PASS,All 4 mandatory controls available
VMRK,2018-02-22,1,1,1,1,1,PASS,All 4 mandatory controls available
VMRK,2019-02-21,1,1,1,1,1,PASS,All 4 mandatory controls available
VMRK,2020-02-20,1,1,1,1,1,PASS,All 4 mandatory controls available
VMRK,2021-02-18,1,1,1,1,1,PASS,All 4 mandatory controls available
VMRK,2022-02-17,1,1,1,1,1,PASS,All 4 mandatory controls available
VMRK,2023-02-16,1,1,1,1,1,PASS,All 4 mandatory controls available
VMRK,2024-02-15,1,1,1,1,1,PASS,All 4 mandatory controls available
VMRK,2025-02-13,1,1,1,1,1,PASS,All 4 mandatory controls available
WAT,2016-02-26,1,1,1,1,1,PASS,All 4 mandatory controls available
WAT,2017-02-24,1,1,1,1,1,PASS,All 4 mandatory controls available
WAT,2018-02-27,1,1,1,1,1,PASS,All 4 mandatory controls available
WAT,2019-02-26,1,1,1,1,1,PASS,All 4 mandatory controls available
WAT,2020-02-25,1,1,1,1,1,PASS,All 4 mandatory controls available
WAT,2021-02-24,1,1,1,1,1,PASS,All 4 mandatory controls available
WAT,2022-02-24,1,1,1,1,1,PASS,All 4 mandatory controls available
WAT,2023-02-27,1,1,1,1,1,PASS,All 4 mandatory controls available
WAT,2024-02-27,1,1,1,1,1,PASS,All 4 mandatory controls available
WAT,2025-02-25,1,1,1,1,1,PASS,All 4 mandatory controls available
WELL,2016-02-18,1,1,1,1,1,PASS,All 4 mandatory controls available
WELL,2017-02-22,1,1,1,1,1,PASS,All 4 mandatory controls available
WELL,2018-02-28,1,1,1,1,1,PASS,All 4 mandatory controls available
WELL,2019-02-25,1,1,1,1,1,PASS,All 4 mandatory controls available
WELL,2020-02-14,1,1,1,1,1,PASS,All 4 mandatory controls available
WELL,2021-02-10,1,1,1,1,1,PASS,All 4 mandatory controls available
WELL,2022-02-16,1,1,1,1,1,PASS,All 4 mandatory controls available
WELL,2023-02-21,1,1,1,1,1,PASS,All 4 mandatory controls available
WELL,2024-02-15,1,1,1,1,1,PASS,All 4 mandatory controls available
WELL,2025-02-12,1,1,1,1,1,PASS,All 4 mandatory controls available
WRB,2016-02-22,1,1,1,1,1,PASS,All 4 mandatory controls available
WRB,2017-02-28,1,1,1,1,1,PASS,All 4 mandatory controls available
WRB,2018-02-23,1,1,1,1,1,PASS,All 4 mandatory controls available
WRB,2019-02-22,1,1,1,1,1,PASS,All 4 mandatory controls available
WRB,2020-02-20,1,1,1,1,1,PASS,All 4 mandatory controls available
WRB,2021-02-18,1,1,1,1,1,PASS,All 4 mandatory controls available
WRB,2022-02-24,1,1,1,1,1,PASS,All 4 mandatory controls available
WRB,2023-02-24,1,1,1,1,1,PASS,All 4 mandatory controls available
WRB,2024-02-23,1,1,1,1,1,PASS,All 4 mandatory controls available
WRB,2025-02-24,1,1,1,1,1,PASS,All 4 mandatory controls available
WSM,2016-03-31,1,1,1,1,1,PASS,All 4 mandatory controls available
WSM,2017-03-30,1,1,1,1,1,PASS,All 4 mandatory controls available
WSM,2018-03-29,1,1,1,1,1,PASS,All 4 mandatory controls available
WSM,2019-04-04,1,1,1,1,1,PASS,All 4 mandatory controls available
WSM,2020-03-27,1,1,1,1,1,PASS,All 4 mandatory controls available
WSM,2021-03-30,1,1,1,1,1,PASS,All 4 mandatory controls available
WSM,2022-03-28,1,1,1,1,1,PASS,All 4 mandatory controls available
WSM,2023-03-24,1,1,1,1,1,PASS,All 4 mandatory controls available
WSM,2024-03-20,1,1,1,1,1,PASS,All 4 mandatory controls available
WSM,2025-03-27,1,1,1,1,1,PASS,All 4 mandatory controls available
WST,2016-02-26,1,1,1,1,1,PASS,All 4 mandatory controls available
WST,2017-02-28,1,1,1,1,1,PASS,All 4 mandatory controls available
WST,2018-02-26,1,1,1,1,1,PASS,All 4 mandatory controls available
WST,2019-02-28,1,1,1,1,1,PASS,All 4 mandatory controls available
WST,2020-02-24,1,1,1,1,1,PASS,All 4 mandatory controls available
WST,2021-02-23,1,1,1,1,1,PASS,All 4 mandatory controls available
WST,2022-02-22,1,1,1,1,1,PASS,All 4 mandatory controls available
WST,2023-02-21,1,1,1,1,1,PASS,All 4 mandatory controls available
WST,2024-02-20,1,1,1,1,1,PASS,All 4 mandatory controls available
WST,2025-02-18,1,1,1,1,1,PASS,All 4 mandatory controls available
XYL,2016-02-26,1,1,1,1,1,PASS,All 4 mandatory controls available
XYL,2017-02-23,1,1,1,1,1,PASS,All 4 mandatory controls available
XYL,2018-02-23,1,1,1,1,1,PASS,All 4 mandatory controls available
XYL,2019-02-22,1,1,1,1,1,PASS,All 4 mandatory controls available
XYL,2020-02-28,1,1,1,1,1,PASS,All 4 mandatory controls available
XYL,2021-02-26,1,1,1,1,1,PASS,All 4 mandatory controls available
XYL,2022-02-25,1,1,1,1,1,PASS,All 4 mandatory controls available
XYL,2023-02-24,1,1,1,1,1,PASS,All 4 mandatory controls available
XYL,2024-02-28,1,1,1,1,1,PASS,All 4 mandatory controls available
XYL,2025-03-03,1,1,1,1,1,PASS,All 4 mandatory controls available
