model,dependent_variable,term,n,n_firms,coefficient,se_hc3,p_hc3_two_sided,ci_hc3_low,ci_hc3_high,se_cluster,p_cluster_two_sided
C2_LM_NetProp_6controls,car_m1_p1,const,481,71,0.024760338946409267,0.0416813949345898,0.5524865936200154,-0.05693369395077698,0.1064543718435955,0.034073420207306956,0.4698475490809295
C2_LM_NetProp_6controls,car_m1_p1,lm_net_prop,481,71,-0.03025460786955896,0.3437421233584317,0.9298644191382507,-0.7039767896214094,0.6434675738822916,0.36421350086871845,0.934034295837271
C2_LM_NetProp_6controls,car_m1_p1,size,481,71,-0.0013334839431726599,0.0017076111597429046,0.43485773370584657,-0.004680340315867426,0.0020133724295221065,0.0014830298957952707,0.3716491555532949
C2_LM_NetProp_6controls,car_m1_p1,bm,481,71,0.010631886378665063,0.010995521514064386,0.33357963018701875,-0.01091893978013646,0.03218271253746659,0.008471939606900247,0.21366949471247523
C2_LM_NetProp_6controls,car_m1_p1,volatility,481,71,0.82874496290459,0.49217656917079644,0.09221323522556436,-0.13590338670465774,1.7933933125138377,0.5078137621340993,0.107173453739047
C2_LM_NetProp_6controls,car_m1_p1,turnover,481,71,-0.009304508204749375,0.007180854385283189,0.1950656541582173,-0.023378724178130934,0.004769707768632184,0.007530081340305074,0.22072131203021558
C2_LM_NetProp_6controls,car_m1_p1,eadret,481,71,0.2096251010775612,0.047975802851453656,1.2459279789565147e-05,0.115594255359318,0.3036559467958044,0.0599148413931419,0.0008171262595636976
C2_LM_NetProp_6controls,car_m1_p1,accruals,481,71,0.044608107493726616,0.05195622253377773,0.3905772268763369,-0.05722421744522612,0.14644043243267935,0.055545962504025645,0.4246443278202521
C2_LM_NetProp_6controls,car_0_p3,const,481,71,0.06385540627592942,0.04276448521841845,0.13538804281662134,-0.019961444569566236,0.14767225712142507,0.03322325581917008,0.05867549497147234
C2_LM_NetProp_6controls,car_0_p3,lm_net_prop,481,71,-0.061342994915344146,0.3993955078010827,0.8779333403371736,-0.8441438057925523,0.7214578159618641,0.37409391949767995,0.870221385462747
C2_LM_NetProp_6controls,car_0_p3,size,481,71,-0.0031437991262088494,0.0017402154933431227,0.07083132130670798,-0.006554558818499972,0.0002669605660822732,0.0013578100644243152,0.023530286775143083
C2_LM_NetProp_6controls,car_0_p3,bm,481,71,0.007394358184980201,0.013187860285047646,0.575005948749465,-0.018453373006859317,0.03324208937681972,0.009864498005444358,0.4560117611925528
C2_LM_NetProp_6controls,car_0_p3,volatility,481,71,1.2900953867410558,0.5214581778630842,0.013360406360202486,0.26805613868552913,2.3121346347965828,0.44341076376483396,0.004849400737817345
C2_LM_NetProp_6controls,car_0_p3,turnover,481,71,-0.012465606293377124,0.007957549783092755,0.1172285349484902,-0.02806211727342344,0.003130904686669196,0.006173699355480014,0.04730302991193069
C2_LM_NetProp_6controls,car_0_p3,eadret,481,71,0.13880233886710552,0.05219683516880929,0.007832415831235538,0.036498421829265645,0.2411062559049454,0.059127858195867807,0.021732762151947135
C2_LM_NetProp_6controls,car_0_p3,accruals,481,71,0.027700661257965775,0.047388987852135,0.5588584484100383,-0.06518004819602496,0.12058137071195651,0.04171874440554625,0.5088804602784384
C2_LM_NetProp_6controls,car_m3_p3,const,481,71,0.01575799439245192,0.05242861287375332,0.7637493024736349,-0.08700019859949762,0.11851618738440145,0.034464593258255356,0.6489268516139504
C2_LM_NetProp_6controls,car_m3_p3,lm_net_prop,481,71,-0.08411273389116881,0.43814891539447604,0.8477634047005211,-0.9428688279296291,0.7746433601472915,0.40996680078877007,0.8380350557105998
C2_LM_NetProp_6controls,car_m3_p3,size,481,71,-0.000999004501112529,0.0021380220336271478,0.6403164387130913,-0.005189450685174823,0.0031914416829497646,0.0013915151547515413,0.47519235837549245
C2_LM_NetProp_6controls,car_m3_p3,bm,481,71,0.01749802140205975,0.014718827629673973,0.23451091417608405,-0.011350350646754291,0.04634639345087379,0.009317128066996633,0.06454009805788691
C2_LM_NetProp_6controls,car_m3_p3,volatility,481,71,0.8071894422393368,0.603243703107758,0.18086976096129537,-0.375146489752442,1.9895253742311154,0.36942581664203916,0.03223970141228431
C2_LM_NetProp_6controls,car_m3_p3,turnover,481,71,-0.008517175723191854,0.008817288561734329,0.33406262696373756,-0.025798743745488108,0.008764392299104402,0.006366646093875369,0.18529807777521126
C2_LM_NetProp_6controls,car_m3_p3,eadret,481,71,0.2775247788929235,0.06508615738248119,2.0083531213602058e-05,0.1499582545311546,0.40509130325469234,0.08381693293620539,0.0014719391921349178
C2_LM_NetProp_6controls,car_m3_p3,accruals,481,71,0.08713354503620131,0.07154034086018614,0.22323773144193437,-0.05308294649148275,0.22735003656388536,0.07818605469326875,0.2689029177624735
C2_LM_NetProp_6controls,car_m5_p5,const,481,71,0.06571972198142015,0.0691126764697138,0.341651631109141,-0.06973863477438774,0.20117807873722804,0.0498036355685508,0.19127603781952765
C2_LM_NetProp_6controls,car_m5_p5,lm_net_prop,481,71,0.2987553729880741,0.5686665056344524,0.5993320531467403,-0.8158104972696965,1.4133212432458446,0.4327502884640974,0.4922478298423369
C2_LM_NetProp_6controls,car_m5_p5,size,481,71,-0.0027841233400593786,0.002880678628575279,0.33380317158289474,-0.00843014970310116,0.002861903022982403,0.0019989098690285172,0.1680820076932607
C2_LM_NetProp_6controls,car_m5_p5,bm,481,71,0.02726579924647369,0.018633660847908406,0.14339758908601336,-0.009255504915560875,0.06378710340850825,0.011917147994316384,0.025164940621760837
C2_LM_NetProp_6controls,car_m5_p5,volatility,481,71,0.1319026670135908,0.7484535944073845,0.8601104294695076,-1.335039422124432,1.5988447561516135,0.4825141410524794,0.7853772924825416
C2_LM_NetProp_6controls,car_m5_p5,turnover,481,71,-0.010374018861281035,0.009565210988415923,0.27811780076276893,-0.029121487903103017,0.008373450180540948,0.006825369937933298,0.13303523847438212
C2_LM_NetProp_6controls,car_m5_p5,eadret,481,71,0.3109002930459504,0.07498165765793992,3.378154087157767e-05,0.16393894453527622,0.45786164155662457,0.09562153887630034,0.0017679373345799306
C2_LM_NetProp_6controls,car_m5_p5,accruals,481,71,0.02705603419956015,0.08346854153613523,0.7458271365605025,-0.13653930105335044,0.19065136945247074,0.0818744823162518,0.7420413689476598
