model,filing_year,term,n,coefficient
C8_C1_LM_NetProp,2016,const,90,0.011802030551845973
C8_C1_LM_NetProp,2016,lm_net_prop,90,-0.28131963647121433
C8_C1_LM_NetProp,2017,const,94,0.004756209190950404
C8_C1_LM_NetProp,2017,lm_net_prop,94,0.2226892465935493
C8_C1_LM_NetProp,2018,const,95,0.00267680024709321
C8_C1_LM_NetProp,2018,lm_net_prop,95,1.0420343608583553
C8_C1_LM_NetProp,2019,const,96,-0.0009486570699406196
C8_C1_LM_NetProp,2019,lm_net_prop,96,-0.7141255551026082
C8_C1_LM_NetProp,2020,const,98,-0.013822040922365468
C8_C1_LM_NetProp,2020,lm_net_prop,98,-0.6211677738118149
C8_C1_LM_NetProp,2021,const,99,0.00024435819031474754
C8_C1_LM_NetProp,2021,lm_net_prop,99,-1.0096688668241738
C8_C1_LM_NetProp,2022,const,99,0.009229803968248844
C8_C1_LM_NetProp,2022,lm_net_prop,99,-0.024693557507133722
C8_C1_LM_NetProp,2023,const,99,0.004778328856823566
C8_C1_LM_NetProp,2023,lm_net_prop,99,-0.5011387910464553
C8_C1_LM_NetProp,2024,const,100,0.007543769896035108
C8_C1_LM_NetProp,2024,lm_net_prop,100,-0.16509220239334876
C8_C1_LM_NetProp,2025,const,99,0.0035747206639031087
C8_C1_LM_NetProp,2025,lm_net_prop,99,-0.7471498494676351
C8_C2_reduced_4controls,2016,const,83,0.004987196847818334
C8_C2_reduced_4controls,2016,lm_net_prop,83,0.5047279804745004
C8_C2_reduced_4controls,2016,size,83,-0.0015732461880175223
C8_C2_reduced_4controls,2016,bm,83,0.06950161755593859
C8_C2_reduced_4controls,2016,volatility,83,1.5851529607689734
C8_C2_reduced_4controls,2016,turnover,83,-0.006641538243611072
C8_C2_reduced_4controls,2017,const,87,0.04123810812214017
C8_C2_reduced_4controls,2017,lm_net_prop,87,-0.08861339481317741
C8_C2_reduced_4controls,2017,size,87,-0.0014064514806157572
C8_C2_reduced_4controls,2017,bm,87,-0.016402468290953272
C8_C2_reduced_4controls,2017,volatility,87,-0.8842584110714217
C8_C2_reduced_4controls,2017,turnover,87,0.02196957083382758
C8_C2_reduced_4controls,2018,const,87,0.11123829601306312
C8_C2_reduced_4controls,2018,lm_net_prop,87,0.6148338273815958
C8_C2_reduced_4controls,2018,size,87,-0.004418687308900767
C8_C2_reduced_4controls,2018,bm,87,-0.004474584812169032
C8_C2_reduced_4controls,2018,volatility,87,-0.9730530999846501
C8_C2_reduced_4controls,2018,turnover,87,0.017356885453761697
C8_C2_reduced_4controls,2019,const,86,-0.005001883177491359
C8_C2_reduced_4controls,2019,lm_net_prop,86,-0.9625626896221654
C8_C2_reduced_4controls,2019,size,86,0.0008167882585496812
C8_C2_reduced_4controls,2019,bm,86,-0.009442223899743604
C8_C2_reduced_4controls,2019,volatility,86,-0.7295643231117157
C8_C2_reduced_4controls,2019,turnover,86,-0.002725812707564459
C8_C2_reduced_4controls,2020,const,87,0.04499291543935815
C8_C2_reduced_4controls,2020,lm_net_prop,87,-0.3773732862560305
C8_C2_reduced_4controls,2020,size,87,-0.0014194667878634902
C8_C2_reduced_4controls,2020,bm,87,0.012825482564655367
C8_C2_reduced_4controls,2020,volatility,87,-1.842253471805816
C8_C2_reduced_4controls,2020,turnover,87,-0.0043955284679854534
C8_C2_reduced_4controls,2021,const,90,0.01977224834753227
C8_C2_reduced_4controls,2021,lm_net_prop,90,-0.37093279201076657
C8_C2_reduced_4controls,2021,size,90,-0.001814288664020992
C8_C2_reduced_4controls,2021,bm,90,0.05599766960333535
C8_C2_reduced_4controls,2021,volatility,90,1.3424896216844162
C8_C2_reduced_4controls,2021,turnover,90,-0.014666863649021884
C8_C2_reduced_4controls,2022,const,86,-0.014435974614380155
C8_C2_reduced_4controls,2022,lm_net_prop,86,-0.8175492961996699
C8_C2_reduced_4controls,2022,size,86,-0.0008740605932605144
C8_C2_reduced_4controls,2022,bm,86,-0.03347533664599447
C8_C2_reduced_4controls,2022,volatility,86,3.8433078060550914
C8_C2_reduced_4controls,2022,turnover,86,-0.03069078427641569
C8_C2_reduced_4controls,2023,const,84,0.2664877261916185
C8_C2_reduced_4controls,2023,lm_net_prop,84,-0.29896682624722865
C8_C2_reduced_4controls,2023,size,84,-0.010641638211562603
C8_C2_reduced_4controls,2023,bm,84,-0.009032195297185346
C8_C2_reduced_4controls,2023,volatility,84,0.2065079327146614
C8_C2_reduced_4controls,2023,turnover,84,-0.004697728187207942
C8_C2_reduced_4controls,2024,const,85,0.41699257318631666
C8_C2_reduced_4controls,2024,lm_net_prop,85,-0.4654024683316631
C8_C2_reduced_4controls,2024,size,85,-0.017381930062200512
C8_C2_reduced_4controls,2024,bm,85,-0.013042592765466652
C8_C2_reduced_4controls,2024,volatility,85,1.2724898517001355
C8_C2_reduced_4controls,2024,turnover,85,-0.00373220483547457
C8_C2_reduced_4controls,2025,const,87,0.26999518321236743
C8_C2_reduced_4controls,2025,lm_net_prop,87,-0.6262943434500453
C8_C2_reduced_4controls,2025,size,87,-0.01142019278475248
C8_C2_reduced_4controls,2025,bm,87,0.016087023386719006
C8_C2_reduced_4controls,2025,volatility,87,1.527868561444035
C8_C2_reduced_4controls,2025,turnover,87,-0.03318780780338888
