ticker,filing_date,accession_number,item_7_mda_status,has_tone,has_event,event_exclusion_reason
COST,2017-10-18,0000909832-17-000014,heading_not_found,False,False,
COST,2016-10-12,0000909832-16-000032,heading_not_found,False,False,
SCCO,2021-02-26,0001558370-21-001894,boundary_uncertain,False,False,
WELL,2018-02-28,0000766704-18-000012,boundary_uncertain,False,False,
WELL,2017-02-22,0000766704-17-000012,boundary_uncertain,False,False,
WELL,2016-02-18,0000766704-16-000055,boundary_uncertain,False,False,
FDX,2020-07-20,0001564590-20-032775,too_short,False,False,
FDX,2019-07-16,0001564590-19-025065,too_short,False,False,
FDX,2018-07-16,0001564590-18-016877,too_short,False,False,
FDX,2017-07-17,0000950123-17-006152,too_short,False,False,
FDX,2016-07-18,0001193125-16-650267,too_short,False,False,
NUE,2019-02-28,0001193125-19-057744,too_short,False,False,
NUE,2018-02-28,0001193125-18-064018,too_short,False,False,
NUE,2017-02-28,0001193125-17-062124,too_short,False,False,
NUE,2016-02-26,0001193125-16-481119,too_short,False,False,
WAT,2016-02-26,0001193125-16-480594,heading_not_found,False,False,
P,2016-03-25,0001564590-16-015322,success,True,False,missing_returns_in_estimation_calendar
PAYX,2016-07-22,0000723531-16-000046,boundary_uncertain,False,False,
MLM,2019-02-25,0001193125-19-049961,too_short,False,False,
MLM,2018-02-23,0001193125-18-055887,too_short,False,False,
MLM,2017-02-24,0001193125-17-056282,too_short,False,False,
MLM,2016-02-23,0001193125-16-473754,too_short,False,False,
CCL,2023-01-27,0000815097-23-000012,too_short,False,False,
CCL,2022-01-27,0000815097-22-000009,too_short,False,False,
CCL,2020-01-28,0000815097-20-000003,too_short,False,False,
CCL,2019-01-28,0000815097-19-000004,too_short,False,False,
CCL,2018-01-29,0000815097-18-000005,too_short,False,False,
CCL,2017-01-30,0000815097-17-000001,too_short,False,False,
CCL,2016-01-29,0000815097-16-000030,too_short,False,False,
TDY,2025-02-21,0001094285-25-000053,boundary_uncertain,False,False,
KHC,2016-03-03,0001637459-16-000100,success,True,False,missing_returns_in_estimation_calendar
