cik,cache_file,facts_rows_all,unique_concepts_all,candidate_concepts,namespaces,error
0000002969,C:\Users\Admin\Desktop\textual-analysis\data\metadata\controls\sec_facts_cache\CIK0000002969.json,34592,827,483,dei|invest|srt|us-gaap,
0000003570,C:\Users\Admin\Desktop\textual-analysis\data\metadata\controls\sec_facts_cache\CIK0000003570.json,23347,534,310,dei|ecd|ffd|us-gaap,
0000006951,C:\Users\Admin\Desktop\textual-analysis\data\metadata\controls\sec_facts_cache\CIK0000006951.json,30259,711,417,dei|srt|us-gaap,
0000011544,C:\Users\Admin\Desktop\textual-analysis\data\metadata\controls\sec_facts_cache\CIK0000011544.json,30311,567,299,dei|ecd|us-gaap,
0000016875,C:\Users\Admin\Desktop\textual-analysis\data\metadata\controls\sec_facts_cache\CIK0000016875.json,21883,733,413,dei|srt|us-gaap,
0000029534,C:\Users\Admin\Desktop\textual-analysis\data\metadata\controls\sec_facts_cache\CIK0000029534.json,16713,358,254,dei|ecd|us-gaap,
0000029905,C:\Users\Admin\Desktop\textual-analysis\data\metadata\controls\sec_facts_cache\CIK0000029905.json,32757,717,488,dei|us-gaap,
0000032604,C:\Users\Admin\Desktop\textual-analysis\data\metadata\controls\sec_facts_cache\CIK0000032604.json,24584,457,279,dei|invest|us-gaap,
0000046619,C:\Users\Admin\Desktop\textual-analysis\data\metadata\controls\sec_facts_cache\CIK0000046619.json,25293,554,325,dei|ffd|srt|us-gaap,
0000047217,C:\Users\Admin\Desktop\textual-analysis\data\metadata\controls\sec_facts_cache\CIK0000047217.json,33144,696,441,dei|ffd|invest|us-gaap,
0000048898,C:\Users\Admin\Desktop\textual-analysis\data\metadata\controls\sec_facts_cache\CIK0000048898.json,25214,536,325,dei|ffd|invest|us-gaap,
0000049826,C:\Users\Admin\Desktop\textual-analysis\data\metadata\controls\sec_facts_cache\CIK0000049826.json,23568,519,315,dei|ffd|us-gaap,
0000072741,C:\Users\Admin\Desktop\textual-analysis\data\metadata\controls\sec_facts_cache\CIK0000072741.json,25218,587,345,dei|us-gaap,
0000073309,C:\Users\Admin\Desktop\textual-analysis\data\metadata\controls\sec_facts_cache\CIK0000073309.json,26463,490,290,dei|ffd|invest|us-gaap,
0000077476,C:\Users\Admin\Desktop\textual-analysis\data\metadata\controls\sec_facts_cache\CIK0000077476.json,32903,614,367,dei|us-gaap,
0000097210,C:\Users\Admin\Desktop\textual-analysis\data\metadata\controls\sec_facts_cache\CIK0000097210.json,34196,744,450,dei|invest|us-gaap,
0000105770,C:\Users\Admin\Desktop\textual-analysis\data\metadata\controls\sec_facts_cache\CIK0000105770.json,27744,655,397,dei|srt|us-gaap,
0000109198,C:\Users\Admin\Desktop\textual-analysis\data\metadata\controls\sec_facts_cache\CIK0000109198.json,24694,523,311,dei|ecd|ffd|us-gaap,
0000277948,C:\Users\Admin\Desktop\textual-analysis\data\metadata\controls\sec_facts_cache\CIK0000277948.json,19747,452,247,dei|us-gaap,
0000315189,C:\Users\Admin\Desktop\textual-analysis\data\metadata\controls\sec_facts_cache\CIK0000315189.json,35550,671,384,dei|ffd|us-gaap,
0000315293,C:\Users\Admin\Desktop\textual-analysis\data\metadata\controls\sec_facts_cache\CIK0000315293.json,31690,630,386,dei|ecd|invest|srt|us-gaap,
0000320187,C:\Users\Admin\Desktop\textual-analysis\data\metadata\controls\sec_facts_cache\CIK0000320187.json,20002,457,298,dei|ecd|ffd|invest|us-gaap,
0000320193,C:\Users\Admin\Desktop\textual-analysis\data\metadata\controls\sec_facts_cache\CIK0000320193.json,25135,505,318,dei|us-gaap,
0000707549,C:\Users\Admin\Desktop\textual-analysis\data\metadata\controls\sec_facts_cache\CIK0000707549.json,27165,648,395,dei|ecd|us-gaap,
0000719955,C:\Users\Admin\Desktop\textual-analysis\data\metadata\controls\sec_facts_cache\CIK0000719955.json,20393,362,212,dei|ecd|srt|us-gaap,
0000721371,C:\Users\Admin\Desktop\textual-analysis\data\metadata\controls\sec_facts_cache\CIK0000721371.json,24541,541,294,dei|ecd|invest|us-gaap,
0000723254,C:\Users\Admin\Desktop\textual-analysis\data\metadata\controls\sec_facts_cache\CIK0000723254.json,23075,517,295,dei|ecd|ffd|us-gaap,
0000723531,C:\Users\Admin\Desktop\textual-analysis\data\metadata\controls\sec_facts_cache\CIK0000723531.json,23707,423,254,dei|ecd|srt|us-gaap,
0000726728,C:\Users\Admin\Desktop\textual-analysis\data\metadata\controls\sec_facts_cache\CIK0000726728.json,21723,501,255,dei|ffd|srt|us-gaap,
0000731802,C:\Users\Admin\Desktop\textual-analysis\data\metadata\controls\sec_facts_cache\CIK0000731802.json,23491,564,331,dei|ffd|invest|us-gaap,
0000745732,C:\Users\Admin\Desktop\textual-analysis\data\metadata\controls\sec_facts_cache\CIK0000745732.json,21019,355,196,dei|ecd|ffd|srt|us-gaap,
0000746515,C:\Users\Admin\Desktop\textual-analysis\data\metadata\controls\sec_facts_cache\CIK0000746515.json,21265,328,186,dei|us-gaap,
0000764180,C:\Users\Admin\Desktop\textual-analysis\data\metadata\controls\sec_facts_cache\CIK0000764180.json,24949,620,363,dei|us-gaap,
0000766704,C:\Users\Admin\Desktop\textual-analysis\data\metadata\controls\sec_facts_cache\CIK0000766704.json,36390,682,332,dei|ecd|ffd|srt|us-gaap,
0000769397,C:\Users\Admin\Desktop\textual-analysis\data\metadata\controls\sec_facts_cache\CIK0000769397.json,27804,649,378,dei|ecd|ffd|invest|us-gaap,
0000788784,C:\Users\Admin\Desktop\textual-analysis\data\metadata\controls\sec_facts_cache\CIK0000788784.json,27968,590,358,dei|ecd|ffd|invest|us-gaap,
0000815097,C:\Users\Admin\Desktop\textual-analysis\data\metadata\controls\sec_facts_cache\CIK0000815097.json,18169,367,184,dei|ffd|invest|us-gaap,
0000815556,C:\Users\Admin\Desktop\textual-analysis\data\metadata\controls\sec_facts_cache\CIK0000815556.json,18182,305,190,dei|ffd|us-gaap,
0000820313,C:\Users\Admin\Desktop\textual-analysis\data\metadata\controls\sec_facts_cache\CIK0000820313.json,23596,465,279,dei|ecd|ffd|us-gaap,
0000829224,C:\Users\Admin\Desktop\textual-analysis\data\metadata\controls\sec_facts_cache\CIK0000829224.json,27864,562,305,dei|invest|us-gaap,
0000831259,C:\Users\Admin\Desktop\textual-analysis\data\metadata\controls\sec_facts_cache\CIK0000831259.json,29065,775,436,dei|ecd|srt|us-gaap,
0000865752,C:\Users\Admin\Desktop\textual-analysis\data\metadata\controls\sec_facts_cache\CIK0000865752.json,21887,446,268,dei|us-gaap,
0000874716,C:\Users\Admin\Desktop\textual-analysis\data\metadata\controls\sec_facts_cache\CIK0000874716.json,26855,585,355,dei|invest|srt|us-gaap,
0000875045,C:\Users\Admin\Desktop\textual-analysis\data\metadata\controls\sec_facts_cache\CIK0000875045.json,30593,675,387,dei|ecd|ffd|invest|us-gaap,
0000878927,C:\Users\Admin\Desktop\textual-analysis\data\metadata\controls\sec_facts_cache\CIK0000878927.json,15400,307,179,dei|ecd|us-gaap,
0000882835,C:\Users\Admin\Desktop\textual-analysis\data\metadata\controls\sec_facts_cache\CIK0000882835.json,22925,501,300,dei|ecd|ffd|invest|us-gaap,
0000883241,C:\Users\Admin\Desktop\textual-analysis\data\metadata\controls\sec_facts_cache\CIK0000883241.json,28476,546,305,dei|invest|srt|us-gaap,
0000900075,C:\Users\Admin\Desktop\textual-analysis\data\metadata\controls\sec_facts_cache\CIK0000900075.json,22768,528,308,dei|srt|us-gaap,
0000906107,C:\Users\Admin\Desktop\textual-analysis\data\metadata\controls\sec_facts_cache\CIK0000906107.json,31992,607,259,dei|ecd|ffd|srt|us-gaap,
0000909832,C:\Users\Admin\Desktop\textual-analysis\data\metadata\controls\sec_facts_cache\CIK0000909832.json,24426,467,268,dei|ffd|srt|us-gaap,
0000916076,C:\Users\Admin\Desktop\textual-analysis\data\metadata\controls\sec_facts_cache\CIK0000916076.json,26968,668,390,dei|ecd|ffd|rxp|us-gaap,
0000946581,C:\Users\Admin\Desktop\textual-analysis\data\metadata\controls\sec_facts_cache\CIK0000946581.json,22100,547,324,dei|ecd|ffd|invest|us-gaap,
0000947484,C:\Users\Admin\Desktop\textual-analysis\data\metadata\controls\sec_facts_cache\CIK0000947484.json,34067,569,318,dei|ffd|srt|us-gaap,
0001000697,C:\Users\Admin\Desktop\textual-analysis\data\metadata\controls\sec_facts_cache\CIK0001000697.json,29791,542,320,dei|ecd|invest|us-gaap,
0001001838,C:\Users\Admin\Desktop\textual-analysis\data\metadata\controls\sec_facts_cache\CIK0001001838.json,23016,400,225,dei|ecd|ffd|invest|rxp|srt|us-gaap,
0001002047,C:\Users\Admin\Desktop\textual-analysis\data\metadata\controls\sec_facts_cache\CIK0001002047.json,28701,686,410,dei|ecd|ffd|srt|us-gaap,
0001002910,C:\Users\Admin\Desktop\textual-analysis\data\metadata\controls\sec_facts_cache\CIK0001002910.json,27679,577,320,dei|ffd|us-gaap,
0001018963,C:\Users\Admin\Desktop\textual-analysis\data\metadata\controls\sec_facts_cache\CIK0001018963.json,28980,599,355,dei|ffd|srt|us-gaap,
0001035002,C:\Users\Admin\Desktop\textual-analysis\data\metadata\controls\sec_facts_cache\CIK0001035002.json,27123,703,479,dei|us-gaap,
0001035983,C:\Users\Admin\Desktop\textual-analysis\data\metadata\controls\sec_facts_cache\CIK0001035983.json,21510,384,239,dei|ecd|us-gaap,
0001037646,C:\Users\Admin\Desktop\textual-analysis\data\metadata\controls\sec_facts_cache\CIK0001037646.json,24479,479,310,dei|us-gaap,
0001048911,C:\Users\Admin\Desktop\textual-analysis\data\metadata\controls\sec_facts_cache\CIK0001048911.json,23265,526,311,dei|ecd|ffd|us-gaap,
0001050915,C:\Users\Admin\Desktop\textual-analysis\data\metadata\controls\sec_facts_cache\CIK0001050915.json,31715,663,383,dei|ecd|ffd|srt|us-gaap,
0001058090,C:\Users\Admin\Desktop\textual-analysis\data\metadata\controls\sec_facts_cache\CIK0001058090.json,20184,424,225,dei|ecd|us-gaap,
0001061219,C:\Users\Admin\Desktop\textual-analysis\data\metadata\controls\sec_facts_cache\CIK0001061219.json,30167,534,302,dei|ffd|us-gaap,
0001063761,C:\Users\Admin\Desktop\textual-analysis\data\metadata\controls\sec_facts_cache\CIK0001063761.json,21727,411,219,dei|srt|us-gaap,
0001067701,C:\Users\Admin\Desktop\textual-analysis\data\metadata\controls\sec_facts_cache\CIK0001067701.json,18658,412,273,dei|us-gaap,
0001069183,C:\Users\Admin\Desktop\textual-analysis\data\metadata\controls\sec_facts_cache\CIK0001069183.json,22909,566,330,dei|ecd|ffd|us-gaap,
0001075531,C:\Users\Admin\Desktop\textual-analysis\data\metadata\controls\sec_facts_cache\CIK0001075531.json,22307,500,293,dei|ecd|ffd|us-gaap,
0001090012,C:\Users\Admin\Desktop\textual-analysis\data\metadata\controls\sec_facts_cache\CIK0001090012.json,33360,810,444,dei|ecd|ffd|invest|rxp|srt|us-gaap,
0001090872,C:\Users\Admin\Desktop\textual-analysis\data\metadata\controls\sec_facts_cache\CIK0001090872.json,34068,778,440,dei|ffd|us-gaap,
0001094285,C:\Users\Admin\Desktop\textual-analysis\data\metadata\controls\sec_facts_cache\CIK0001094285.json,23659,614,370,dei|ffd|srt|us-gaap,
0001099590,C:\Users\Admin\Desktop\textual-analysis\data\metadata\controls\sec_facts_cache\CIK0001099590.json,26124,626,390,dei|ecd|srt|us-gaap,
0001103982,C:\Users\Admin\Desktop\textual-analysis\data\metadata\controls\sec_facts_cache\CIK0001103982.json,29291,660,387,dei|us-gaap,
0001130310,C:\Users\Admin\Desktop\textual-analysis\data\metadata\controls\sec_facts_cache\CIK0001130310.json,28343,663,405,dei|ffd|us-gaap,
0001156039,C:\Users\Admin\Desktop\textual-analysis\data\metadata\controls\sec_facts_cache\CIK0001156039.json,40102,784,463,dei|invest|srt|us-gaap,
0001175454,C:\Users\Admin\Desktop\textual-analysis\data\metadata\controls\sec_facts_cache\CIK0001175454.json,25217,547,317,dei|ecd|invest|us-gaap,
0001178670,C:\Users\Admin\Desktop\textual-analysis\data\metadata\controls\sec_facts_cache\CIK0001178670.json,16818,455,240,dei|ecd|us-gaap,
0001276187,C:\Users\Admin\Desktop\textual-analysis\data\metadata\controls\sec_facts_cache\CIK0001276187.json,33491,721,404,dei|ffd|srt|us-gaap,
0001289490,C:\Users\Admin\Desktop\textual-analysis\data\metadata\controls\sec_facts_cache\CIK0001289490.json,22825,508,254,dei|ffd|invest|srt|us-gaap,
0001300514,C:\Users\Admin\Desktop\textual-analysis\data\metadata\controls\sec_facts_cache\CIK0001300514.json,24224,502,321,dei|ffd|us-gaap,
0001335258,C:\Users\Admin\Desktop\textual-analysis\data\metadata\controls\sec_facts_cache\CIK0001335258.json,24312,512,280,dei|ecd|us-gaap,
0001341439,C:\Users\Admin\Desktop\textual-analysis\data\metadata\controls\sec_facts_cache\CIK0001341439.json,26350,545,304,dei|ecd|us-gaap,
0001383650,C:\Users\Admin\Desktop\textual-analysis\data\metadata\controls\sec_facts_cache\CIK0001383650.json,14986,308,176,dei|us-gaap,
0001396009,C:\Users\Admin\Desktop\textual-analysis\data\metadata\controls\sec_facts_cache\CIK0001396009.json,34150,737,449,dei|invest|us-gaap,
0001403161,C:\Users\Admin\Desktop\textual-analysis\data\metadata\controls\sec_facts_cache\CIK0001403161.json,23266,634,365,dei|ffd|invest|srt|us-gaap,
0001403568,C:\Users\Admin\Desktop\textual-analysis\data\metadata\controls\sec_facts_cache\CIK0001403568.json,17079,351,201,dei|ecd|ffd|us-gaap,
0001404912,C:\Users\Admin\Desktop\textual-analysis\data\metadata\controls\sec_facts_cache\CIK0001404912.json,20302,556,314,dei|ffd|srt|us-gaap,
0001408198,C:\Users\Admin\Desktop\textual-analysis\data\metadata\controls\sec_facts_cache\CIK0001408198.json,27637,557,333,dei|us-gaap,
0001410636,C:\Users\Admin\Desktop\textual-analysis\data\metadata\controls\sec_facts_cache\CIK0001410636.json,25950,602,356,dei|invest|us-gaap,
0001415404,C:\Users\Admin\Desktop\textual-analysis\data\metadata\controls\sec_facts_cache\CIK0001415404.json,27899,765,464,dei|ecd|us-gaap,
0001474432,C:\Users\Admin\Desktop\textual-analysis\data\metadata\controls\sec_facts_cache\CIK0001474432.json,17349,481,279,dei|ecd|us-gaap,
0001478242,C:\Users\Admin\Desktop\textual-analysis\data\metadata\controls\sec_facts_cache\CIK0001478242.json,20746,566,338,dei|ffd|invest|us-gaap,
0001506307,C:\Users\Admin\Desktop\textual-analysis\data\metadata\controls\sec_facts_cache\CIK0001506307.json,25177,667,386,dei|srt|us-gaap,
0001511737,C:\Users\Admin\Desktop\textual-analysis\data\metadata\controls\sec_facts_cache\CIK0001511737.json,20368,440,241,dei|us-gaap,
0001524472,C:\Users\Admin\Desktop\textual-analysis\data\metadata\controls\sec_facts_cache\CIK0001524472.json,26340,579,359,dei|ffd|invest|us-gaap,
0001534701,C:\Users\Admin\Desktop\textual-analysis\data\metadata\controls\sec_facts_cache\CIK0001534701.json,24274,557,354,dei|ecd|us-gaap,
0001585689,C:\Users\Admin\Desktop\textual-analysis\data\metadata\controls\sec_facts_cache\CIK0001585689.json,20792,543,332,dei|us-gaap,
0001601046,C:\Users\Admin\Desktop\textual-analysis\data\metadata\controls\sec_facts_cache\CIK0001601046.json,23206,651,380,dei|srt|us-gaap,
0001637459,C:\Users\Admin\Desktop\textual-analysis\data\metadata\controls\sec_facts_cache\CIK0001637459.json,22444,665,388,dei|ffd|srt|us-gaap,
