ticker,cik,filing_date,report_date,prior_fiscal_end,cache_available,current_assets_current_available,current_assets_prior_available,cash_current_available,cash_prior_available,current_liabilities_current_available,current_liabilities_prior_available,current_debt_current_available,current_debt_prior_available,taxes_payable_current_available,taxes_payable_prior_available,total_assets_current_available,total_assets_prior_available,depreciation_current_available,depreciation_prior_available
APD,0000002969,2016-11-21,2016-09-30,2015-09-30,1,1,1,1,1,1,1,1,1,1,1,1,1,1,1
APD,0000002969,2017-11-16,2017-09-30,2016-09-30,1,1,1,1,1,1,1,1,1,1,1,1,1,1,1
APD,0000002969,2018-11-20,2018-09-30,2017-09-30,1,1,1,1,1,1,1,1,1,1,1,1,1,1,1
APD,0000002969,2019-11-26,2019-09-30,2018-10-01,1,1,1,1,1,1,1,1,1,1,1,1,1,1,0
APD,0000002969,2020-11-19,2020-09-30,2019-09-30,1,1,1,1,1,1,1,1,1,1,1,1,1,1,1
APD,0000002969,2021-11-18,2021-09-30,2020-09-30,1,1,1,1,1,1,1,1,1,1,1,1,1,1,1
APD,0000002969,2022-11-22,2022-09-30,2021-09-30,1,1,1,1,1,1,1,1,1,1,1,1,1,1,1
APD,0000002969,2023-11-16,2023-09-30,2022-09-30,1,1,1,1,1,1,1,1,1,1,1,1,1,1,1
APD,0000002969,2024-11-21,2024-09-30,2023-09-30,1,1,1,1,1,1,1,1,1,1,1,1,1,1,1
APD,0000002969,2025-11-20,2025-09-30,2024-09-30,1,1,1,1,1,1,1,1,1,1,1,1,1,1,1
LNG,0000003570,2016-02-19,2015-12-31,2014-12-31,1,1,1,1,1,1,1,1,1,0,0,1,1,1,1
LNG,0000003570,2017-02-24,2016-12-31,2015-12-31,1,1,1,1,1,1,1,1,1,0,0,1,1,1,1
LNG,0000003570,2018-02-21,2017-12-31,2016-12-31,1,1,1,1,1,1,1,1,1,0,0,1,1,1,1
LNG,0000003570,2019-02-26,2018-12-31,2017-12-31,1,1,1,1,1,1,1,1,1,0,0,1,1,1,1
LNG,0000003570,2020-02-25,2019-12-31,2018-12-31,1,1,1,1,1,1,1,1,1,0,0,1,1,1,1
LNG,0000003570,2021-02-24,2020-12-31,2019-12-31,1,1,1,1,1,1,1,1,1,0,0,1,1,1,1
LNG,0000003570,2022-02-24,2021-12-31,2020-12-31,1,1,1,1,1,1,1,1,1,0,0,1,1,1,1
LNG,0000003570,2023-02-23,2022-12-31,2021-12-31,1,1,1,1,1,1,1,1,1,0,0,1,1,1,1
LNG,0000003570,2024-02-22,2023-12-31,2022-12-31,1,1,1,1,1,1,1,1,1,0,0,1,1,1,1
LNG,0000003570,2025-02-20,2024-12-31,2023-12-31,1,1,1,1,1,1,1,1,1,0,0,1,1,1,1
AMAT,0000006951,2016-12-15,2016-10-30,2015-10-25,1,1,1,1,1,1,1,1,1,1,1,1,1,1,1
AMAT,0000006951,2017-12-15,2017-10-29,2016-10-30,1,1,1,1,1,1,1,1,1,1,1,1,1,1,1
AMAT,0000006951,2018-12-13,2018-10-28,2017-10-29,1,1,1,1,1,1,1,0,1,1,1,1,1,1,1
AMAT,0000006951,2019-12-13,2019-10-27,2018-10-28,1,1,1,1,1,1,1,1,1,1,1,1,1,1,1
AMAT,0000006951,2020-12-11,2020-10-25,2019-10-27,1,1,1,1,1,1,1,1,1,1,1,1,1,1,1
AMAT,0000006951,2021-12-17,2021-10-31,2020-10-25,1,1,1,1,1,1,1,0,1,1,1,1,1,1,1
AMAT,0000006951,2022-12-16,2022-10-30,2021-10-31,1,1,1,1,1,1,1,0,0,1,1,1,1,1,1
AMAT,0000006951,2023-12-15,2023-10-29,2022-10-30,1,1,1,1,1,1,1,1,1,1,1,1,1,1,1
AMAT,0000006951,2024-12-13,2024-10-27,2023-10-29,1,1,1,1,1,1,1,1,1,1,1,1,1,1,1
AMAT,0000006951,2025-12-12,2025-10-26,2024-10-27,1,1,1,1,1,1,1,1,1,1,1,1,1,1,1
WRB,0000011544,2016-02-22,2015-12-31,2014-12-31,1,0,0,1,1,0,0,0,0,0,1,1,1,1,1
WRB,0000011544,2017-02-28,2016-12-31,2015-12-31,1,0,0,1,1,0,0,0,0,0,1,1,1,1,1
WRB,0000011544,2018-02-23,2017-12-31,2016-12-31,1,0,0,1,1,0,0,0,0,0,0,1,1,1,1
WRB,0000011544,2019-02-22,2018-12-31,2017-12-31,1,0,0,1,1,0,0,0,0,0,0,1,1,1,1
WRB,0000011544,2020-02-20,2019-12-31,2018-12-31,1,0,0,1,1,0,0,0,0,0,0,1,1,1,1
WRB,0000011544,2021-02-18,2020-12-31,2019-12-31,1,0,0,1,1,0,0,0,0,1,1,1,1,1,1
WRB,0000011544,2022-02-24,2021-12-31,2020-12-31,1,0,0,1,1,0,0,0,0,1,1,1,1,1,1
WRB,0000011544,2023-02-24,2022-12-31,2021-12-31,1,0,0,1,1,0,0,0,0,1,1,1,1,1,1
WRB,0000011544,2024-02-23,2023-12-31,2022-12-31,1,0,0,1,1,0,0,0,0,1,1,1,1,1,1
WRB,0000011544,2025-02-24,2024-12-31,2023-12-31,1,0,0,1,1,0,0,0,0,1,1,1,1,1,1
CP,0000016875,2016-02-29,2015-12-31,2014-12-31,1,1,1,1,1,1,1,0,0,1,1,1,1,1,1
CP,0000016875,2017-02-16,2016-12-31,2015-12-31,1,1,1,1,1,1,1,0,0,1,1,1,1,1,1
CP,0000016875,2018-02-16,2017-12-31,2016-12-31,1,1,1,1,1,1,1,0,0,1,1,1,1,1,1
CP,0000016875,2019-02-15,2018-12-31,2017-12-31,1,1,1,1,1,1,1,0,0,1,1,1,1,1,1
CP,0000016875,2020-02-20,2019-12-31,2018-12-31,1,1,1,1,1,1,1,1,1,1,1,1,1,1,1
CP,0000016875,2021-02-18,2020-12-31,2019-12-31,1,1,1,1,1,1,1,1,1,1,1,1,1,1,1
CP,0000016875,2022-02-23,2021-12-31,2020-12-31,1,1,1,1,1,1,1,1,1,1,1,1,1,1,1
CP,0000016875,2023-02-24,2022-12-31,2021-12-31,1,1,1,1,1,1,1,1,1,1,1,1,1,1,1
CP,0000016875,2024-02-27,2023-12-31,2022-12-31,1,1,1,1,1,1,1,1,1,1,1,1,1,1,1
CP,0000016875,2025-02-27,2024-12-31,2023-12-31,1,1,1,1,1,1,1,1,1,1,1,1,1,1,1
DG,0000029534,2016-03-22,2016-01-29,2015-01-30,1,1,1,1,1,1,1,0,0,1,1,1,1,1,1
DG,0000029534,2017-03-24,2017-02-03,2016-01-29,1,1,1,1,1,1,1,0,0,1,1,1,1,1,1
DG,0000029534,2018-03-23,2018-02-02,2017-02-03,1,1,1,1,1,1,1,0,0,1,1,1,1,1,1
DG,0000029534,2019-03-22,2019-02-01,2018-02-02,1,1,1,1,1,1,1,0,0,1,1,1,1,1,1
DG,0000029534,2020-03-19,2020-01-31,2019-02-01,1,1,1,1,1,1,1,0,0,1,1,1,1,1,1
DG,0000029534,2021-03-19,2021-01-29,2020-01-31,1,1,1,1,1,1,1,0,1,1,1,1,1,1,1
DG,0000029534,2022-03-18,2022-01-28,2021-01-29,1,1,1,1,1,1,1,0,0,1,1,1,1,1,1
DG,0000029534,2023-03-24,2023-02-03,2022-01-28,1,1,1,1,1,1,1,0,0,1,1,1,1,1,1
DG,0000029534,2024-03-25,2024-02-02,2023-02-03,1,1,1,1,1,1,1,0,0,1,1,1,1,1,1
DG,0000029534,2025-03-21,2025-01-31,2024-02-02,1,1,1,1,1,1,1,0,0,1,1,1,1,1,1
DOV,0000029905,2016-02-12,2015-12-31,2014-12-31,1,1,1,1,1,1,1,1,1,1,1,1,1,1,1
DOV,0000029905,2017-02-10,2016-12-31,2015-12-31,1,1,1,1,1,1,1,1,1,1,1,1,1,1,1
DOV,0000029905,2018-02-09,2017-12-31,2016-12-31,1,1,1,1,1,1,1,1,1,1,1,1,1,1,1
DOV,0000029905,2019-02-15,2018-12-31,2017-12-31,1,1,1,1,1,1,1,1,1,1,1,1,1,1,1
DOV,0000029905,2020-02-14,2019-12-31,2018-12-31,1,1,1,1,1,1,1,1,1,1,1,1,1,1,1
DOV,0000029905,2021-02-12,2020-12-31,2019-12-31,1,1,1,1,1,1,1,1,1,1,1,1,1,1,1
DOV,0000029905,2022-02-11,2021-12-31,2020-12-31,1,1,1,0,1,1,1,1,1,1,1,1,1,1,1
DOV,0000029905,2023-02-10,2022-12-31,2021-12-31,1,1,1,0,0,1,1,1,1,1,1,1,1,1,1
DOV,0000029905,2024-02-09,2023-12-31,2022-12-31,1,1,1,0,0,1,1,1,1,1,1,1,1,1,1
DOV,0000029905,2025-02-14,2024-12-31,2023-12-31,1,1,1,0,0,1,1,1,1,1,1,1,1,1,1
EMR,0000032604,2016-11-16,2016-09-30,2015-09-30,1,1,1,1,1,1,1,1,1,1,1,1,1,1,1
EMR,0000032604,2017-11-20,2017-09-30,2016-09-30,1,1,1,1,1,1,1,1,1,1,1,1,1,1,1
EMR,0000032604,2018-11-19,2018-09-30,2017-09-30,1,1,1,1,1,1,1,1,1,1,1,1,1,1,1
EMR,0000032604,2019-11-18,2019-09-30,2018-09-30,1,1,1,1,1,1,1,1,1,0,1,1,1,1,1
EMR,0000032604,2020-11-16,2020-09-30,2019-09-30,1,1,1,1,1,1,1,1,1,0,0,1,1,1,1
EMR,0000032604,2021-11-15,2021-09-30,2020-09-30,1,1,1,1,1,1,1,1,1,0,0,1,1,1,1
EMR,0000032604,2022-11-14,2022-09-30,2021-09-30,1,1,1,0,1,1,1,1,1,0,0,1,1,1,1
EMR,0000032604,2023-11-13,2023-09-30,2022-09-30,1,1,1,0,0,1,1,1,1,0,1,1,1,1,1
EMR,0000032604,2024-11-12,2024-09-30,2023-09-30,1,1,1,0,0,1,1,1,1,0,1,1,1,1,1
EMR,0000032604,2025-11-10,2025-09-30,2024-09-30,1,1,1,0,0,1,1,1,1,1,1,1,1,1,1
HEI,0000046619,2016-12-15,2016-10-31,2015-10-31,1,1,1,1,1,1,1,0,0,1,1,1,1,1,1
HEI,0000046619,2017-12-21,2017-10-31,2016-10-31,1,1,1,1,1,1,1,0,0,1,1,1,1,1,1
HEI,0000046619,2018-12-20,2018-10-31,2017-10-31,1,1,1,1,1,1,1,0,0,1,1,1,1,1,1
HEI,0000046619,2019-12-19,2019-10-31,2018-10-31,1,1,1,1,1,1,1,0,0,1,1,1,1,1,1
HEI,0000046619,2020-12-23,2020-10-31,2019-10-31,1,1,1,1,1,1,1,1,0,1,1,1,1,1,1
HEI,0000046619,2021-12-21,2021-10-31,2020-10-31,1,1,1,1,1,1,1,1,1,1,1,1,1,1,1
HEI,0000046619,2022-12-21,2022-10-31,2021-10-31,1,1,1,1,1,1,1,1,1,1,1,1,1,1,1
HEI,0000046619,2023-12-20,2023-10-31,2022-10-31,1,1,1,0,1,1,1,1,1,1,1,1,1,1,1
HEI,0000046619,2024-12-19,2024-10-31,2023-10-31,1,1,1,0,1,1,1,1,1,1,1,1,1,1,1
HEI,0000046619,2025-12-22,2025-10-31,2024-10-31,1,1,1,0,1,1,1,1,1,1,1,1,1,1,1
HPQ,0000047217,2016-12-15,2016-10-31,2015-10-31,1,1,1,1,1,1,1,1,1,0,0,1,1,1,1
HPQ,0000047217,2017-12-14,2017-10-31,2016-10-31,1,0,1,0,1,0,1,0,1,0,0,0,1,0,1
HPQ,0000047217,2018-12-13,2018-10-31,2017-10-31,1,1,1,1,1,1,1,1,1,0,0,1,1,1,1
HPQ,0000047217,2019-12-12,2019-10-31,2018-10-31,1,1,1,1,1,1,1,1,1,1,1,1,1,1,1
HPQ,0000047217,2020-12-10,2020-10-31,2019-10-31,1,1,1,1,1,1,1,1,1,1,1,1,1,1,1
HPQ,0000047217,2021-12-09,2021-10-31,2020-10-31,1,1,1,1,1,1,1,1,1,1,1,1,1,1,1
HPQ,0000047217,2022-12-06,2022-10-31,2021-10-31,1,1,1,1,1,1,1,1,1,1,1,1,1,1,1
HPQ,0000047217,2023-12-18,2023-10-31,2022-10-31,1,1,1,1,1,1,1,1,1,1,1,1,1,1,1
HPQ,0000047217,2024-12-13,2024-10-31,2023-10-31,1,1,1,1,1,1,1,1,1,1,1,1,1,1,1
HPQ,0000047217,2025-12-10,2025-10-31,2024-10-31,1,1,1,1,1,1,1,1,1,1,1,1,1,1,1
HUBB,0000048898,2016-02-18,2015-12-31,2014-12-31,1,1,1,1,1,1,1,1,1,1,1,1,1,1,1
HUBB,0000048898,2017-02-16,2016-12-31,2015-12-31,1,1,1,1,1,1,1,1,1,1,1,1,1,1,1
HUBB,0000048898,2018-02-15,2017-12-31,2016-12-31,1,1,1,1,1,1,1,1,1,1,1,1,1,1,1
HUBB,0000048898,2019-02-15,2018-12-31,2017-12-31,1,1,1,1,1,1,1,1,1,1,1,1,1,1,1
HUBB,0000048898,2020-02-14,2019-12-31,2018-12-31,1,1,1,1,1,1,1,1,1,1,1,1,1,1,1
HUBB,0000048898,2021-02-11,2020-12-31,2019-12-31,1,1,1,1,1,1,1,1,1,1,1,1,1,1,1
HUBB,0000048898,2022-02-11,2021-12-31,2020-12-31,1,1,1,1,1,1,1,1,1,1,1,1,1,1,1
HUBB,0000048898,2023-02-09,2022-12-31,2021-12-31,1,1,1,1,1,1,1,1,1,1,1,1,1,1,1
HUBB,0000048898,2024-02-08,2023-12-31,2022-12-31,1,1,1,1,1,1,1,1,1,1,1,1,1,1,1
HUBB,0000048898,2025-02-13,2024-12-31,2023-12-31,1,1,1,1,1,1,1,1,1,1,1,1,1,1,1
ITW,0000049826,2016-02-12,2015-12-31,2014-12-31,1,1,1,1,1,1,1,1,1,1,1,1,1,1,1
ITW,0000049826,2017-02-10,2016-12-31,2015-12-31,1,1,1,1,1,1,1,1,1,1,1,1,1,1,1
ITW,0000049826,2018-02-15,2017-12-31,2016-12-31,1,1,1,1,1,1,1,1,1,1,1,1,1,1,1
ITW,0000049826,2019-02-15,2018-12-31,2017-12-31,1,1,1,1,1,1,1,1,1,1,1,1,1,1,1
ITW,0000049826,2020-02-14,2019-12-31,2018-12-31,1,1,1,1,1,1,1,1,1,1,1,1,1,1,1
ITW,0000049826,2021-02-12,2020-12-31,2019-12-31,1,1,1,1,1,1,1,1,1,1,1,1,1,1,1
ITW,0000049826,2022-02-11,2021-12-31,2020-12-31,1,1,1,1,1,1,1,1,1,1,1,1,1,1,1
ITW,0000049826,2023-02-10,2022-12-31,2021-12-31,1,1,1,1,1,1,1,1,1,1,1,1,1,1,1
ITW,0000049826,2024-02-09,2023-12-31,2022-12-31,1,1,1,1,1,1,1,1,1,1,1,1,1,1,1
ITW,0000049826,2025-02-14,2024-12-31,2023-12-31,1,1,1,1,1,1,1,1,1,1,1,1,1,1,1
ES,0000072741,2016-02-26,2015-12-31,2014-12-31,1,1,1,0,0,1,1,1,1,0,0,1,1,1,1
ES,0000072741,2017-02-23,2016-12-31,2015-12-31,1,1,1,0,0,1,1,1,1,0,0,1,1,1,1
ES,0000072741,2018-02-26,2017-12-31,2016-12-31,1,1,1,0,0,1,1,1,1,0,0,1,1,1,1
ES,0000072741,2019-02-26,2018-12-31,2017-12-31,1,1,1,0,0,1,1,1,1,0,0,1,1,1,1
ES,0000072741,2020-02-27,2019-12-31,2018-12-31,1,1,1,0,0,1,1,1,1,0,0,1,1,1,1
ES,0000072741,2021-02-17,2020-12-31,2019-12-31,1,1,1,0,1,1,1,1,1,0,0,1,1,1,1
ES,0000072741,2022-02-17,2021-12-31,2020-12-31,1,1,1,0,0,1,1,1,1,0,0,1,1,1,1
ES,0000072741,2023-02-15,2022-12-31,2021-12-31,1,1,1,1,1,1,1,1,1,0,0,1,1,1,1
ES,0000072741,2024-02-14,2023-12-31,2022-12-31,1,1,1,1,1,1,1,1,1,0,0,1,1,1,1
ES,0000072741,2025-02-14,2024-12-31,2023-12-31,1,1,1,1,1,1,1,1,1,0,0,1,1,1,1
NUE,0000073309,2016-02-26,2015-12-31,2014-12-31,1,1,1,1,1,1,1,1,1,0,0,1,1,1,1
NUE,0000073309,2017-02-28,2016-12-31,2015-12-31,1,1,1,1,1,1,1,1,1,0,0,1,1,1,1
NUE,0000073309,2018-02-28,2017-12-31,2016-12-31,1,1,1,1,1,1,1,1,1,0,0,1,1,1,1
NUE,0000073309,2019-02-28,2018-12-31,2017-12-31,1,1,1,1,1,1,1,1,1,0,0,1,1,1,1
NUE,0000073309,2020-02-28,2019-12-31,2018-12-31,1,1,1,1,1,1,1,1,1,0,0,1,1,1,1
NUE,0000073309,2021-02-26,2020-12-31,2019-12-31,1,1,1,1,1,1,1,1,1,0,0,1,1,1,1
NUE,0000073309,2022-02-28,2021-12-31,2020-12-31,1,1,1,1,1,1,1,1,1,0,0,1,1,1,1
NUE,0000073309,2023-03-01,2022-12-31,2021-12-31,1,1,1,1,1,1,1,1,1,0,1,1,1,1,1
NUE,0000073309,2024-02-27,2023-12-31,2022-12-31,1,1,1,1,1,1,1,1,1,0,0,1,1,1,1
NUE,0000073309,2025-02-27,2024-12-31,2023-12-31,1,1,1,1,1,1,1,1,1,0,0,1,1,1,1
PEP,0000077476,2016-02-11,2015-12-26,2014-12-27,1,1,1,1,1,1,1,1,1,0,0,1,1,1,1
PEP,0000077476,2017-02-15,2016-12-31,2015-12-26,1,1,1,1,1,1,1,1,1,0,0,1,1,1,1
PEP,0000077476,2018-02-13,2017-12-30,2016-12-31,1,1,1,1,1,1,1,1,1,0,0,1,1,1,1
PEP,0000077476,2019-02-15,2018-12-29,2017-12-30,1,1,1,1,1,1,1,1,1,0,0,1,1,1,1
PEP,0000077476,2020-02-13,2019-12-28,2018-12-29,1,1,1,1,1,1,1,1,1,0,0,1,1,1,1
PEP,0000077476,2021-02-11,2020-12-26,2019-12-28,1,1,1,1,1,1,1,1,1,0,0,1,1,1,1
PEP,0000077476,2022-02-10,2021-12-25,2020-12-26,1,1,1,1,1,1,1,1,1,0,0,1,1,1,1
PEP,0000077476,2023-02-09,2022-12-31,2021-12-25,1,1,1,1,1,1,1,1,1,0,0,1,1,1,1
PEP,0000077476,2024-02-09,2023-12-30,2022-12-31,1,1,1,1,1,1,1,1,1,0,0,1,1,1,1
PEP,0000077476,2025-02-04,2024-12-28,2023-12-30,1,1,1,1,1,1,1,1,1,0,0,1,1,1,1
TER,0000097210,2016-02-29,2015-12-31,2014-12-31,1,1,1,1,1,1,1,0,0,1,1,1,1,1,1
TER,0000097210,2017-03-01,2016-12-31,2015-12-31,1,1,1,1,1,1,1,0,0,1,1,1,1,1,1
TER,0000097210,2018-03-01,2017-12-31,2016-12-31,1,1,1,1,1,1,1,0,0,1,1,1,1,1,1
TER,0000097210,2019-03-01,2018-12-31,2017-12-31,1,1,1,1,1,1,1,0,0,1,1,1,1,1,1
TER,0000097210,2020-03-02,2019-12-31,2018-12-31,1,1,1,1,1,1,1,0,0,1,1,1,1,1,1
TER,0000097210,2021-02-22,2020-12-31,2019-12-31,1,1,1,1,1,1,1,0,0,1,1,1,1,1,1
TER,0000097210,2022-02-23,2021-12-31,2020-12-31,1,1,1,1,1,1,1,0,0,1,1,1,1,1,1
TER,0000097210,2023-02-22,2022-12-31,2021-12-31,1,1,1,1,1,1,1,0,0,1,1,1,1,1,1
TER,0000097210,2024-02-22,2023-12-31,2022-12-31,1,1,1,1,1,1,1,0,0,1,1,1,1,1,1
TER,0000097210,2025-02-20,2024-12-31,2023-12-31,1,1,1,1,1,1,1,0,0,1,1,1,1,1,1
WST,0000105770,2016-02-26,2015-12-31,2014-12-31,1,1,1,1,1,1,1,1,1,1,1,1,1,1,1
WST,0000105770,2017-02-28,2016-12-31,2015-12-31,1,1,1,1,1,1,1,1,1,1,1,1,1,1,1
WST,0000105770,2018-02-26,2017-12-31,2016-12-31,1,1,1,1,1,1,1,1,1,1,1,1,1,1,1
WST,0000105770,2019-02-28,2018-12-31,2017-12-31,1,1,1,1,1,1,1,1,1,1,1,1,1,1,1
WST,0000105770,2020-02-24,2019-12-31,2018-12-31,1,1,1,1,1,1,1,0,1,1,1,1,1,1,1
WST,0000105770,2021-02-23,2020-12-31,2019-12-31,1,1,1,1,1,1,1,1,1,1,1,1,1,1,1
WST,0000105770,2022-02-22,2021-12-31,2020-12-31,1,1,1,1,1,1,1,1,1,1,1,1,1,1,1
WST,0000105770,2023-02-21,2022-12-31,2021-12-31,1,1,1,1,1,1,1,1,1,1,1,1,1,1,1
WST,0000105770,2024-02-20,2023-12-31,2022-12-31,1,1,1,1,1,1,1,1,1,1,1,1,1,1,1
WST,0000105770,2025-02-18,2024-12-31,2023-12-31,1,1,1,1,1,1,1,1,1,1,1,1,1,1,1
TJX,0000109198,2016-03-29,2016-01-30,2015-01-31,1,1,1,1,1,1,1,0,0,1,1,1,1,1,1
TJX,0000109198,2017-03-28,2017-01-28,2016-01-30,1,1,1,1,1,1,1,0,0,1,1,1,1,1,1
TJX,0000109198,2018-04-04,2018-02-03,2017-01-28,1,1,1,1,1,1,1,0,0,1,1,1,1,1,1
TJX,0000109198,2019-04-03,2019-02-02,2018-02-03,1,1,1,1,1,1,1,0,0,1,1,1,1,1,1
TJX,0000109198,2020-03-27,2020-02-01,2019-02-02,1,1,1,1,1,1,1,0,0,1,1,1,1,1,1
TJX,0000109198,2021-03-31,2021-01-30,2020-02-01,1,1,1,1,1,1,1,1,1,1,1,1,1,1,1
TJX,0000109198,2022-03-30,2022-01-29,2021-01-30,1,1,1,1,1,1,1,1,1,1,1,1,1,1,1
TJX,0000109198,2023-03-29,2023-01-28,2022-01-29,1,1,1,1,1,1,1,1,1,1,1,1,1,1,1
TJX,0000109198,2024-04-03,2024-02-03,2023-01-28,1,1,1,1,1,1,1,1,1,1,1,1,1,1,1
TJX,0000109198,2025-04-02,2025-02-01,2024-02-03,1,1,1,1,1,1,1,0,1,1,1,1,1,1,1
CSX,0000277948,2016-02-10,2015-12-25,2014-12-26,1,1,1,1,1,1,1,0,0,1,1,1,1,1,1
CSX,0000277948,2017-02-14,2016-12-30,2015-12-25,1,1,1,1,1,1,1,0,0,1,1,1,1,1,1
CSX,0000277948,2018-02-07,2017-12-31,2016-12-30,1,1,1,1,1,1,1,0,0,1,1,1,1,1,1
CSX,0000277948,2019-02-06,2018-12-31,2017-12-31,1,1,1,1,1,1,1,0,0,1,1,1,1,1,1
CSX,0000277948,2020-02-12,2019-12-31,2018-12-31,1,1,1,1,1,1,1,0,0,1,1,1,1,1,1
CSX,0000277948,2021-02-10,2020-12-31,2019-12-31,1,1,1,1,1,1,1,0,0,1,1,1,1,1,1
CSX,0000277948,2022-02-16,2021-12-31,2020-12-31,1,1,1,1,1,1,1,0,0,1,1,1,1,1,1
CSX,0000277948,2023-02-15,2022-12-31,2021-12-31,1,1,1,1,1,1,1,0,0,1,1,1,1,1,1
CSX,0000277948,2024-02-14,2023-12-31,2022-12-31,1,1,1,0,1,1,1,0,0,1,1,1,1,1,1
CSX,0000277948,2025-02-27,2024-12-31,2024-03-31,1,1,1,0,0,1,1,0,0,1,1,1,1,1,1
DE,0000315189,2016-12-19,2016-10-31,2015-10-31,1,0,0,1,1,0,0,0,0,0,0,1,1,1,1
DE,0000315189,2017-12-18,2017-10-29,2016-10-31,1,0,0,1,1,0,0,0,0,0,0,1,1,1,1
DE,0000315189,2018-12-17,2018-10-28,2017-10-29,1,0,0,1,1,0,0,0,0,0,0,1,1,1,1
DE,0000315189,2019-12-19,2019-11-03,2018-10-28,1,0,0,1,1,0,0,0,0,0,0,1,1,1,1
DE,0000315189,2020-12-17,2020-11-01,2019-11-03,1,0,0,1,1,0,0,1,0,0,0,1,1,1,1
DE,0000315189,2021-12-16,2021-10-31,2020-11-01,1,0,0,1,1,0,0,1,1,0,0,1,1,1,1
DE,0000315189,2022-12-15,2022-10-30,2021-10-31,1,0,0,1,1,0,0,1,1,0,0,1,1,1,1
DE,0000315189,2023-12-15,2023-10-29,2022-10-30,1,0,0,1,1,0,0,1,1,0,0,1,1,1,1
DE,0000315189,2024-12-12,2024-10-27,2023-10-29,1,0,0,1,1,0,0,1,1,0,0,1,1,1,1
DE,0000315189,2025-12-18,2025-11-02,2024-10-27,1,0,0,1,1,0,0,1,1,0,0,1,1,1,1
AON,0000315293,2016-02-22,2015-12-31,2014-12-31,1,1,1,1,1,1,1,1,1,1,1,1,1,1,1
AON,0000315293,2017-02-23,2016-12-31,2015-12-31,1,1,1,1,1,1,1,1,1,1,1,1,1,1,1
AON,0000315293,2018-02-20,2017-12-31,2016-12-31,1,1,1,1,1,1,1,1,1,1,1,1,1,1,1
AON,0000315293,2019-02-19,2018-12-31,2017-12-31,1,1,1,1,1,1,1,1,1,1,1,1,1,1,1
AON,0000315293,2020-02-14,2019-12-31,2018-12-31,1,1,1,1,1,1,1,1,1,1,1,1,1,1,1
AON,0000315293,2021-02-19,2020-12-31,2019-12-31,1,1,1,1,1,1,1,1,1,1,1,1,1,1,1
AON,0000315293,2022-02-18,2021-12-31,2020-12-31,1,1,1,1,1,1,1,1,1,1,1,1,1,1,1
AON,0000315293,2023-02-17,2022-12-31,2021-12-31,1,1,1,1,1,1,1,1,1,1,1,1,1,1,1
AON,0000315293,2024-02-16,2023-12-31,2022-12-31,1,1,1,1,1,1,1,1,1,1,1,1,1,1,1
AON,0000315293,2025-02-18,2024-12-31,2023-12-31,1,1,1,1,1,1,1,1,1,1,1,1,1,1,1
NKE,0000320187,2016-07-21,2016-05-31,2015-05-31,1,1,1,1,1,1,1,1,1,1,1,1,1,1,1
NKE,0000320187,2017-07-20,2017-05-31,2016-05-31,1,1,1,1,1,1,1,1,1,1,1,1,1,1,1
NKE,0000320187,2018-07-25,2018-05-31,2017-05-31,1,1,1,1,1,1,1,1,1,1,1,1,1,1,1
NKE,0000320187,2019-07-23,2019-05-31,2018-05-31,1,1,1,1,1,1,1,1,1,1,1,1,1,1,1
NKE,0000320187,2020-07-24,2020-05-31,2019-05-31,1,1,1,1,1,1,1,1,1,1,1,1,1,1,1
NKE,0000320187,2021-07-20,2021-05-31,2020-05-31,1,1,1,1,1,1,1,1,1,1,1,1,1,1,1
NKE,0000320187,2022-07-21,2022-05-31,2021-05-31,1,1,1,1,1,1,1,1,1,1,1,1,1,1,1
NKE,0000320187,2023-07-20,2023-05-31,2022-05-31,1,1,1,1,1,1,1,1,1,1,1,1,1,1,1
NKE,0000320187,2024-07-25,2024-05-31,2023-05-31,1,1,1,1,1,1,1,1,1,1,1,1,1,1,1
NKE,0000320187,2025-07-17,2025-05-31,2024-05-31,1,1,1,1,1,1,1,1,1,1,1,1,1,1,1
AAPL,0000320193,2016-10-26,2016-09-24,2015-09-26,1,1,1,1,1,1,1,1,1,0,0,1,1,1,1
AAPL,0000320193,2017-11-03,2017-09-30,2016-09-24,1,1,1,1,1,1,1,1,1,0,0,1,1,1,1
AAPL,0000320193,2018-11-05,2018-09-29,2017-09-30,1,1,1,1,1,1,1,1,1,0,0,1,1,1,1
AAPL,0000320193,2019-10-31,2019-09-28,2018-09-29,1,1,1,1,1,1,1,1,1,0,0,1,1,1,1
AAPL,0000320193,2020-10-30,2020-09-26,2019-09-28,1,1,1,1,1,1,1,1,1,0,0,1,1,1,1
AAPL,0000320193,2021-10-29,2021-09-25,2020-09-26,1,1,1,1,1,1,1,1,1,0,0,1,1,1,1
AAPL,0000320193,2022-10-28,2022-09-24,2021-09-25,1,1,1,1,1,1,1,1,1,0,0,1,1,1,1
AAPL,0000320193,2023-11-03,2023-09-30,2022-09-24,1,1,1,1,1,1,1,1,1,1,1,1,1,1,1
AAPL,0000320193,2024-11-01,2024-09-28,2023-09-30,1,1,1,1,1,1,1,1,1,1,1,1,1,1,1
AAPL,0000320193,2025-10-31,2025-09-27,2024-09-28,1,1,1,1,1,1,1,1,1,1,1,1,1,1,1
LRCX,0000707549,2016-08-17,2016-06-26,2015-06-28,1,1,1,1,1,1,1,1,1,1,1,1,1,1,1
LRCX,0000707549,2017-08-15,2017-06-25,2016-06-26,1,1,1,1,1,1,1,1,1,1,1,1,1,1,1
LRCX,0000707549,2018-08-14,2018-06-24,2017-06-25,1,1,1,1,1,1,1,1,1,1,1,1,1,1,1
LRCX,0000707549,2019-08-20,2019-06-30,2018-06-24,1,1,1,1,1,1,1,1,1,1,1,1,1,1,1
LRCX,0000707549,2020-08-18,2020-06-28,2019-06-30,1,1,1,1,1,1,1,1,1,1,1,1,1,1,1
LRCX,0000707549,2021-08-17,2021-06-27,2020-06-28,1,1,1,1,1,1,1,1,1,1,1,1,1,1,1
LRCX,0000707549,2022-08-24,2022-06-26,2021-06-27,1,1,1,1,1,1,1,1,1,1,1,1,1,1,1
LRCX,0000707549,2023-08-15,2023-06-25,2022-06-26,1,1,1,1,1,1,1,1,1,1,1,1,1,1,1
LRCX,0000707549,2024-08-29,2024-06-30,2023-06-25,1,1,1,1,1,1,1,1,1,1,1,1,1,1,1
LRCX,0000707549,2025-08-11,2025-06-29,2024-06-30,1,1,1,1,1,1,1,1,1,1,1,1,1,1,1
WSM,0000719955,2016-03-31,2016-01-31,2015-02-01,1,1,1,1,1,1,1,0,1,1,1,1,1,1,1
WSM,0000719955,2017-03-30,2017-01-29,2016-01-31,1,1,1,1,1,1,1,0,0,1,1,1,1,1,1
WSM,0000719955,2018-03-29,2018-01-28,2017-01-29,1,1,1,1,1,1,1,0,0,1,1,1,1,1,1
WSM,0000719955,2019-04-04,2019-02-03,2018-01-28,1,1,1,1,1,1,1,0,0,1,1,1,1,1,1
WSM,0000719955,2020-03-27,2020-02-02,2019-02-03,1,1,1,1,1,1,1,1,0,1,1,1,1,1,1
WSM,0000719955,2021-03-30,2021-01-31,2020-02-02,1,1,1,1,1,1,1,1,1,1,1,1,1,1,1
WSM,0000719955,2022-03-28,2022-01-30,2021-01-31,1,1,1,1,1,1,1,1,1,1,1,1,1,1,1
WSM,0000719955,2023-03-24,2023-01-29,2022-01-30,1,1,1,1,1,1,1,0,1,1,1,1,1,1,1
WSM,0000719955,2024-03-20,2024-01-28,2023-01-29,1,1,1,1,1,1,1,0,0,1,1,1,1,1,1
WSM,0000719955,2025-03-27,2025-02-02,2024-01-28,1,1,1,1,1,1,1,0,0,1,1,1,1,1,1
CAH,0000721371,2016-08-12,2016-06-30,2015-06-30,1,1,1,1,1,1,1,1,1,0,0,1,1,1,1
CAH,0000721371,2017-08-10,2017-06-30,2016-06-30,1,1,1,1,1,1,1,1,1,0,0,1,1,1,1
CAH,0000721371,2018-08-22,2018-06-30,2017-06-30,1,1,1,1,1,1,1,0,1,0,0,1,1,1,1
CAH,0000721371,2019-08-20,2019-06-30,2018-06-30,1,1,1,1,1,1,1,0,0,0,0,1,1,1,1
CAH,0000721371,2020-08-13,2020-06-30,2019-06-30,1,1,1,1,1,1,1,1,0,0,0,1,1,1,1
CAH,0000721371,2021-08-16,2021-06-30,2020-06-30,1,1,1,1,1,1,1,1,1,0,0,1,1,1,1
CAH,0000721371,2022-08-11,2022-06-30,2021-06-30,1,1,1,1,1,1,1,1,1,0,0,1,1,1,1
CAH,0000721371,2023-08-15,2023-06-30,2022-06-30,1,1,1,1,1,1,1,1,1,0,0,1,1,1,1
CAH,0000721371,2024-08-14,2024-06-30,2023-06-30,1,1,1,1,1,1,1,1,1,0,0,1,1,1,1
CAH,0000721371,2025-08-12,2025-06-30,2024-06-30,1,1,1,1,1,1,1,1,1,0,0,1,1,1,1
CTAS,0000723254,2016-07-29,2016-05-31,2015-05-31,1,1,1,1,1,1,1,1,1,1,1,1,1,1,1
CTAS,0000723254,2017-07-31,2017-05-31,2016-05-31,1,1,1,1,1,1,1,1,1,1,1,1,1,1,1
CTAS,0000723254,2018-07-27,2018-05-31,2017-05-31,1,1,1,1,1,1,1,1,1,1,1,1,1,1,1
CTAS,0000723254,2019-07-26,2019-05-31,2018-06-01,1,1,1,1,0,1,0,1,0,1,0,1,1,1,0
CTAS,0000723254,2020-07-29,2020-05-31,2019-05-31,1,1,1,1,1,1,1,1,1,1,1,1,1,1,1
CTAS,0000723254,2021-07-28,2021-05-31,2020-05-31,1,1,1,1,1,1,1,1,1,1,1,1,1,1,1
CTAS,0000723254,2022-07-27,2022-05-31,2021-05-31,1,1,1,1,1,1,1,1,1,0,1,1,1,1,1
CTAS,0000723254,2023-07-27,2023-05-31,2022-05-31,1,1,1,1,1,1,1,1,1,1,1,1,1,1,1
CTAS,0000723254,2024-07-25,2024-05-31,2023-05-31,1,1,1,1,1,1,1,1,1,1,1,1,1,1,1
CTAS,0000723254,2025-07-28,2025-05-31,2024-05-31,1,1,1,1,1,1,1,1,1,1,1,1,1,1,1
PAYX,0000723531,2016-07-22,2016-05-31,2015-05-31,1,1,1,1,1,1,1,0,0,0,1,1,1,1,1
PAYX,0000723531,2017-07-21,2017-05-31,2016-05-31,1,1,1,1,1,1,1,0,0,0,0,1,1,1,1
PAYX,0000723531,2018-07-20,2018-05-31,2017-05-31,1,1,1,1,1,1,1,0,0,0,0,1,1,1,1
PAYX,0000723531,2019-07-24,2019-05-31,2018-05-31,1,1,1,1,1,1,1,0,1,0,0,1,1,1,1
PAYX,0000723531,2020-07-17,2020-05-31,2019-05-31,1,1,1,1,1,1,1,1,0,1,0,1,1,1,1
PAYX,0000723531,2021-07-16,2021-05-31,2020-05-31,1,1,1,1,1,1,1,1,1,0,1,1,1,1,1
PAYX,0000723531,2022-07-15,2022-05-31,2021-05-31,1,1,1,1,1,1,1,1,1,0,0,1,1,1,1
PAYX,0000723531,2023-07-14,2023-05-31,2022-05-31,1,1,1,1,1,1,1,1,1,0,0,1,1,1,1
PAYX,0000723531,2024-07-11,2024-05-31,2023-05-31,1,1,1,1,1,1,1,1,1,0,0,1,1,1,1
PAYX,0000723531,2025-07-11,2025-05-31,2024-05-31,1,1,1,1,1,1,1,1,1,0,0,1,1,1,1
O,0000726728,2016-02-11,2015-12-31,,1,0,0,0,0,0,0,0,0,0,0,1,0,1,0
O,0000726728,2017-02-23,2016-12-31,,1,0,0,0,0,0,0,0,0,0,0,1,0,1,0
O,0000726728,2018-02-22,2017-12-31,2016-12-31,1,0,0,1,1,0,0,0,0,0,0,1,1,1,1
O,0000726728,2019-02-22,2018-12-31,2017-12-31,1,0,0,1,1,0,0,0,0,0,0,1,1,1,1
O,0000726728,2020-02-24,2019-12-31,2018-12-31,1,0,0,1,1,0,0,0,0,0,0,1,1,1,1
O,0000726728,2021-02-23,2020-12-31,2019-12-31,1,0,0,1,1,0,0,1,0,0,0,1,1,1,1
O,0000726728,2022-02-23,2021-12-31,2020-12-31,1,0,0,1,1,0,0,1,1,0,0,1,1,1,1
O,0000726728,2023-02-22,2022-12-31,2021-12-31,1,0,0,1,1,0,0,1,1,0,0,1,1,1,1
O,0000726728,2024-02-21,2023-12-31,2022-12-31,1,0,0,1,1,0,0,1,1,0,0,1,1,1,1
O,0000726728,2025-02-25,2024-12-31,2023-12-31,1,0,0,1,1,0,0,1,1,0,0,1,1,1,1
ATO,0000731802,2016-11-14,2016-09-30,2015-09-30,1,1,1,1,1,1,1,1,1,1,1,1,1,1,1
ATO,0000731802,2017-11-13,2017-09-30,2016-09-30,1,1,1,1,1,1,1,1,1,1,1,1,1,1,1
ATO,0000731802,2018-11-13,2018-09-30,2017-09-30,1,1,1,1,1,1,1,1,1,1,1,1,1,1,1
ATO,0000731802,2019-11-12,2019-09-30,2018-09-30,1,1,1,1,1,1,1,1,1,1,1,1,1,1,1
ATO,0000731802,2020-11-13,2020-09-30,2019-09-30,1,1,1,1,1,1,1,1,1,1,1,1,1,1,1
ATO,0000731802,2021-11-12,2021-09-30,2020-09-30,1,1,1,1,1,1,1,1,1,1,1,1,1,1,1
ATO,0000731802,2022-11-14,2022-09-30,2021-09-30,1,1,1,1,1,1,1,1,1,1,1,1,1,1,1
ATO,0000731802,2023-11-14,2023-09-30,2022-09-30,1,1,1,1,1,1,1,1,1,1,1,1,1,1,1
ATO,0000731802,2024-11-18,2024-09-30,2023-09-30,1,1,1,1,1,1,1,1,1,1,1,1,1,1,1
ATO,0000731802,2025-11-14,2025-09-30,2024-09-30,1,1,1,1,1,1,1,1,1,1,1,1,1,1,1
ROST,0000745732,2016-03-29,2016-01-30,2015-01-31,1,1,1,1,1,1,1,0,0,1,1,1,1,1,1
ROST,0000745732,2017-03-28,2017-01-28,2016-01-30,1,1,1,1,1,1,1,0,0,1,1,1,1,1,1
ROST,0000745732,2018-04-03,2018-02-03,2017-01-28,1,1,1,1,1,1,1,1,1,1,1,1,1,1,1
ROST,0000745732,2019-04-02,2019-02-02,2018-02-03,1,1,1,1,1,1,1,1,1,1,1,1,1,1,1
ROST,0000745732,2020-03-31,2020-02-01,2019-02-02,1,1,1,1,1,1,1,0,1,1,1,1,1,1,1
ROST,0000745732,2021-03-30,2021-01-30,2020-02-01,1,1,1,1,1,1,1,1,1,1,1,1,1,1,1
ROST,0000745732,2022-03-29,2022-01-29,2021-01-30,1,1,1,1,1,1,1,1,1,1,1,1,1,1,1
ROST,0000745732,2023-03-28,2023-01-28,2022-01-29,1,1,1,1,1,1,1,0,1,1,1,1,1,1,1
ROST,0000745732,2024-04-02,2024-02-03,2023-01-28,1,1,1,1,1,1,1,1,1,1,1,1,1,1,1
ROST,0000745732,2025-04-01,2025-02-01,2024-02-03,1,1,1,1,1,1,1,1,1,1,1,1,1,1,1
EXPD,0000746515,2016-02-25,2015-12-31,2014-12-31,1,1,1,1,1,1,1,0,0,1,1,1,1,1,1
EXPD,0000746515,2017-02-23,2016-12-31,2015-12-31,1,1,1,1,1,1,1,0,0,1,1,1,1,1,1
EXPD,0000746515,2018-02-23,2017-12-31,2016-12-31,1,1,1,1,1,1,1,0,0,1,1,1,1,1,1
EXPD,0000746515,2019-02-22,2018-12-31,2017-12-31,1,1,1,1,1,1,1,0,0,1,1,1,1,1,1
EXPD,0000746515,2020-02-21,2019-12-31,2018-12-31,1,1,1,1,1,1,1,0,0,1,1,1,1,1,1
EXPD,0000746515,2021-02-19,2020-12-31,2019-12-31,1,1,1,1,1,1,1,0,0,1,1,1,1,1,1
EXPD,0000746515,2022-03-15,2021-12-31,2020-12-31,1,1,1,1,1,1,1,0,0,1,1,1,1,1,1
EXPD,0000746515,2023-03-01,2022-12-31,2021-12-31,1,1,1,1,1,1,1,0,0,1,1,1,1,1,1
EXPD,0000746515,2024-02-23,2023-12-31,2022-12-31,1,1,1,1,1,1,1,0,0,1,1,1,1,1,1
EXPD,0000746515,2025-02-21,2024-12-31,2023-12-31,1,1,1,1,1,1,1,0,0,1,1,1,1,1,1
MO,0000764180,2016-02-25,2015-12-31,2014-12-31,1,1,1,1,1,1,1,1,1,0,1,1,1,1,1
MO,0000764180,2017-02-27,2016-12-31,2015-12-31,1,1,1,1,1,1,1,1,1,0,1,1,1,1,1
MO,0000764180,2018-02-27,2017-12-31,2016-12-31,1,1,1,1,1,1,1,1,1,0,1,1,1,1,1
MO,0000764180,2019-02-26,2018-12-31,2017-12-31,1,1,1,1,1,1,1,1,1,0,0,1,1,1,1
MO,0000764180,2020-02-25,2019-12-31,2018-12-31,1,1,1,1,1,1,1,1,1,0,0,1,1,1,1
MO,0000764180,2021-02-26,2020-12-31,2019-12-31,1,1,1,1,1,1,1,1,1,0,1,1,1,1,1
MO,0000764180,2022-02-25,2021-12-31,2020-12-31,1,1,1,1,1,1,1,1,1,0,0,1,1,1,1
MO,0000764180,2023-02-27,2022-12-31,2021-12-31,1,1,1,1,1,1,1,1,1,0,0,1,1,1,1
MO,0000764180,2024-02-27,2023-12-31,2022-12-31,1,1,1,1,1,1,1,1,1,0,0,1,1,1,1
MO,0000764180,2025-02-26,2024-12-31,2023-12-31,1,1,1,1,1,1,1,1,1,0,0,1,1,1,1
WELL,0000766704,2016-02-18,2015-12-31,2014-12-31,1,0,0,1,1,0,0,0,0,0,0,1,1,1,1
WELL,0000766704,2017-02-22,2016-12-31,2015-12-31,1,0,0,1,1,0,0,0,0,0,0,1,1,1,1
WELL,0000766704,2018-02-28,2017-12-31,2016-12-31,1,0,0,1,1,0,0,0,0,0,0,1,1,1,1
WELL,0000766704,2019-02-25,2018-12-31,2017-12-31,1,0,0,1,1,0,0,0,0,0,0,1,1,1,1
WELL,0000766704,2020-02-14,2019-12-31,2018-12-31,1,0,0,1,1,0,0,0,0,0,0,1,1,1,1
WELL,0000766704,2021-02-10,2020-12-31,2019-12-31,1,0,0,1,1,0,0,0,0,0,0,1,1,1,1
WELL,0000766704,2022-02-16,2021-12-31,2020-12-31,1,0,0,1,1,0,0,0,0,0,0,1,1,1,1
WELL,0000766704,2023-02-21,2022-12-31,2021-12-31,1,0,0,1,1,0,0,0,0,0,0,1,1,1,1
WELL,0000766704,2024-02-15,2023-12-31,2022-12-31,1,0,0,1,1,0,0,0,0,0,0,1,1,1,1
WELL,0000766704,2025-02-12,2024-12-31,2023-12-31,1,0,0,1,1,0,0,0,0,0,0,1,1,1,1
ADSK,0000769397,2016-03-23,2016-01-31,2015-01-31,1,1,1,1,1,1,1,0,0,1,1,1,1,1,1
ADSK,0000769397,2017-03-21,2017-01-31,2016-01-31,1,1,1,1,1,1,1,1,1,1,1,1,1,1,1
ADSK,0000769397,2018-03-22,2018-01-31,2017-01-31,1,1,1,1,1,1,1,1,1,1,1,1,1,1,1
ADSK,0000769397,2019-03-25,2019-01-31,2018-01-31,1,1,1,1,1,1,1,0,1,1,1,1,1,1,1
ADSK,0000769397,2020-03-19,2020-01-31,2019-01-31,1,1,1,1,1,1,1,1,1,1,1,1,1,1,1
ADSK,0000769397,2021-03-19,2021-01-31,2020-01-31,1,1,1,1,1,1,1,1,1,1,1,1,1,1,1
ADSK,0000769397,2022-03-14,2022-01-31,2021-01-31,1,1,1,1,1,1,1,1,1,1,1,1,1,1,1
ADSK,0000769397,2023-03-14,2023-01-31,2022-01-31,1,1,1,1,1,1,1,1,1,1,1,1,1,1,1
ADSK,0000769397,2024-06-10,2024-01-31,2023-01-31,1,1,1,1,1,1,1,0,1,1,1,1,1,1,1
ADSK,0000769397,2025-03-06,2025-01-31,2024-01-31,1,1,1,1,1,1,1,1,1,1,1,1,1,1,1
PEG,0000788784,2016-02-26,2015-12-31,2014-12-31,1,1,1,1,1,1,1,1,1,1,1,1,1,1,1
PEG,0000788784,2017-02-27,2016-12-31,2015-12-31,1,1,1,1,1,1,1,1,1,1,1,1,1,1,1
PEG,0000788784,2018-02-26,2017-12-31,2016-12-31,1,1,1,1,1,1,1,1,1,1,1,1,1,1,1
PEG,0000788784,2019-02-28,2018-12-31,2017-12-31,1,1,1,1,1,1,1,1,1,1,1,1,1,1,1
PEG,0000788784,2020-02-26,2019-12-31,2018-12-31,1,1,1,1,1,1,1,1,1,1,1,1,1,0,1
PEG,0000788784,2021-03-01,2020-12-31,2019-12-31,1,1,1,1,1,1,1,1,1,1,1,1,1,0,0
PEG,0000788784,2022-02-24,2021-12-31,2020-12-31,1,1,1,1,1,1,1,1,1,1,1,1,1,0,0
PEG,0000788784,2023-02-22,2022-12-31,2021-12-31,1,1,1,1,1,1,1,1,1,1,1,1,1,0,0
PEG,0000788784,2024-02-26,2023-12-31,2022-12-31,1,1,1,1,1,1,1,1,1,1,1,1,1,0,0
PEG,0000788784,2025-02-25,2024-12-31,2023-12-31,1,1,1,1,1,1,1,1,1,1,1,1,1,0,0
CCL,0000815097,2016-01-29,2015-11-30,2014-11-30,1,1,1,1,1,1,1,1,1,0,0,1,1,1,1
CCL,0000815097,2017-01-30,2016-11-30,2015-11-30,1,1,1,1,1,1,1,1,1,0,0,1,1,1,1
CCL,0000815097,2018-01-29,2017-11-30,2016-11-30,1,1,1,1,1,1,1,1,1,0,0,1,1,1,1
CCL,0000815097,2019-01-28,2018-11-30,2017-11-30,1,1,1,1,1,1,1,1,1,0,0,1,1,1,1
CCL,0000815097,2020-01-28,2019-11-30,2018-11-30,1,1,1,1,1,1,1,1,1,0,0,1,1,1,1
CCL,0000815097,2021-01-26,2020-11-30,2019-11-30,1,1,1,1,1,1,1,1,1,0,0,1,1,1,1
CCL,0000815097,2022-01-27,2021-11-30,2020-11-30,1,1,1,1,1,1,1,1,1,0,0,1,1,1,1
CCL,0000815097,2023-01-27,2022-11-30,2021-11-30,1,1,1,1,1,1,1,1,1,0,0,1,1,1,1
CCL,0000815097,2024-01-26,2023-11-30,2022-11-30,1,1,1,1,1,1,1,1,1,0,0,1,1,1,1
CCL,0000815097,2025-01-27,2024-11-30,2023-11-30,1,1,1,1,1,1,1,1,1,0,0,1,1,1,1
FAST,0000815556,2016-02-05,2015-12-31,2014-12-31,1,1,1,1,1,1,1,1,1,1,1,1,1,1,1
FAST,0000815556,2017-02-06,2016-12-31,2015-12-31,1,1,1,1,1,1,1,1,1,0,1,1,1,1,1
FAST,0000815556,2018-02-05,2017-12-31,2016-12-31,1,1,1,1,1,1,1,1,1,1,1,1,1,1,1
FAST,0000815556,2019-02-06,2018-12-31,2017-12-31,1,1,1,1,1,1,1,1,1,1,1,1,1,1,1
FAST,0000815556,2020-02-06,2019-12-31,2018-12-31,1,1,1,1,1,1,1,1,1,0,1,1,1,1,1
FAST,0000815556,2021-02-08,2020-12-31,2019-12-31,1,1,1,1,1,1,1,1,1,0,1,1,1,1,1
FAST,0000815556,2022-02-07,2021-12-31,2020-12-31,1,1,1,1,1,1,1,1,1,0,1,1,1,1,1
FAST,0000815556,2023-02-07,2022-12-31,2021-12-31,1,1,1,1,1,1,1,1,1,0,1,1,1,1,1
FAST,0000815556,2024-02-06,2023-12-31,2022-12-31,1,1,1,1,1,1,1,1,1,0,1,1,1,1,1
FAST,0000815556,2025-02-06,2024-12-31,2023-12-31,1,1,1,1,1,1,1,1,1,0,1,1,1,1,1
APH,0000820313,2016-02-19,2015-12-31,2014-12-31,1,1,1,1,1,1,1,1,1,1,1,1,1,1,1
APH,0000820313,2017-02-17,2016-12-31,2015-12-31,1,1,1,1,1,1,1,1,1,1,1,1,1,1,1
APH,0000820313,2018-02-21,2017-12-31,2016-12-31,1,1,1,1,1,1,1,1,1,1,1,1,1,1,1
APH,0000820313,2019-02-13,2018-12-31,2017-12-31,1,1,1,1,1,1,1,0,1,1,1,1,1,1,1
APH,0000820313,2020-02-12,2019-12-31,2018-12-31,1,1,1,1,1,1,1,0,0,1,1,1,1,1,1
APH,0000820313,2021-02-10,2020-12-31,2019-12-31,1,1,1,1,1,1,1,0,0,1,1,1,1,1,1
APH,0000820313,2022-02-09,2021-12-31,2020-12-31,1,1,1,1,1,1,1,0,0,1,1,1,1,1,1
APH,0000820313,2023-02-08,2022-12-31,2021-12-31,1,1,1,1,1,1,1,0,0,1,1,1,1,1,1
APH,0000820313,2024-02-07,2023-12-31,2022-12-31,1,1,1,1,1,1,1,0,0,1,1,1,1,1,1
APH,0000820313,2025-02-07,2024-12-31,2023-12-31,1,1,1,1,1,1,1,0,0,1,1,1,1,1,1
SBUX,0000829224,2016-11-18,2016-10-02,2015-09-27,1,1,1,1,1,1,1,1,1,1,1,1,1,1,1
SBUX,0000829224,2017-11-17,2017-10-01,2016-10-02,1,1,1,1,1,1,1,1,1,1,1,1,1,1,1
SBUX,0000829224,2018-11-16,2018-09-30,2017-10-01,1,1,1,1,1,1,1,1,1,1,1,1,1,1,1
SBUX,0000829224,2019-11-15,2019-09-29,2018-09-30,1,1,1,1,1,1,1,1,1,1,1,1,1,1,1
SBUX,0000829224,2020-11-12,2020-09-27,2019-09-29,1,1,1,1,1,1,1,1,1,1,1,1,1,1,1
SBUX,0000829224,2021-11-19,2021-10-03,2020-09-27,1,1,1,1,1,1,1,1,1,1,1,1,1,1,1
SBUX,0000829224,2022-11-18,2022-10-02,2021-10-03,1,1,1,0,1,1,1,1,1,1,1,1,1,1,1
SBUX,0000829224,2023-11-17,2023-10-01,2022-10-02,1,1,1,0,0,1,1,1,1,1,1,1,1,1,1
SBUX,0000829224,2024-11-20,2024-09-29,2023-10-01,1,1,1,0,0,1,1,1,1,1,1,1,1,1,1
SBUX,0000829224,2025-11-14,2025-09-28,2024-09-29,1,1,1,0,0,1,1,1,1,1,1,1,1,1,1
FCX,0000831259,2016-02-26,2015-12-31,2014-12-31,1,1,1,1,1,1,1,1,1,1,1,1,1,0,0
FCX,0000831259,2017-02-24,2016-12-31,2015-12-31,1,1,1,1,1,1,1,1,1,1,1,1,1,1,1
FCX,0000831259,2018-02-20,2017-12-31,2016-12-31,1,1,1,1,1,1,1,1,1,1,1,1,1,1,1
FCX,0000831259,2019-02-15,2018-12-31,2017-12-31,1,1,1,1,1,1,1,0,1,1,1,1,1,1,1
FCX,0000831259,2020-02-14,2019-12-31,2018-12-31,1,1,1,1,1,1,1,1,1,1,1,1,1,1,1
FCX,0000831259,2021-02-16,2020-12-31,2019-12-31,1,1,1,1,1,1,1,1,1,1,1,1,1,1,1
FCX,0000831259,2022-02-15,2021-12-31,2020-12-31,1,1,1,1,1,1,1,1,1,1,1,1,1,1,1
FCX,0000831259,2023-02-15,2022-12-31,2021-12-31,1,1,1,1,1,1,1,1,1,1,1,1,1,1,1
FCX,0000831259,2024-02-16,2023-12-31,2022-12-31,1,1,1,1,1,1,1,1,1,1,1,1,1,1,1
FCX,0000831259,2025-02-14,2024-12-31,2023-12-31,1,1,1,1,1,1,1,1,1,1,1,1,1,1,1
MNST,0000865752,2016-02-29,2015-12-31,2014-12-31,1,1,1,1,1,1,1,0,0,1,1,1,1,1,1
MNST,0000865752,2017-03-01,2016-12-31,2015-12-31,1,1,1,1,1,1,1,0,0,1,1,1,1,1,1
MNST,0000865752,2018-03-01,2017-12-31,2016-12-31,1,1,1,1,1,1,1,0,0,1,1,1,1,1,1
MNST,0000865752,2019-02-28,2018-12-31,2017-12-31,1,1,1,1,1,1,1,0,0,1,1,1,1,1,1
MNST,0000865752,2020-02-28,2019-12-31,2018-12-31,1,1,1,1,1,1,1,1,0,1,1,1,1,1,1
MNST,0000865752,2021-03-01,2020-12-31,2019-12-31,1,1,1,1,1,1,1,0,1,1,1,1,1,1,1
MNST,0000865752,2022-02-28,2021-12-31,2020-12-31,1,1,1,1,1,1,1,0,0,1,1,1,1,1,1
MNST,0000865752,2023-03-01,2022-12-31,2021-12-31,1,1,1,1,1,1,1,0,0,1,1,1,1,1,1
MNST,0000865752,2024-02-29,2023-12-31,2022-12-31,1,1,1,1,1,1,1,1,1,1,1,1,1,1,1
MNST,0000865752,2025-02-28,2024-12-31,2023-12-31,1,1,1,1,1,1,1,1,1,1,1,1,1,1,1
IDXX,0000874716,2016-02-17,2015-12-31,2014-12-31,1,1,1,1,1,1,1,0,0,1,1,1,1,1,1
IDXX,0000874716,2017-02-17,2016-12-31,2015-12-31,1,1,1,1,1,1,1,0,0,1,1,1,1,1,1
IDXX,0000874716,2018-02-16,2017-12-31,2016-12-31,1,1,1,1,1,1,1,0,0,1,1,1,1,1,1
IDXX,0000874716,2019-02-15,2018-12-31,2017-12-31,1,1,1,1,1,1,1,0,0,1,1,1,1,1,1
IDXX,0000874716,2020-02-14,2019-12-31,2019-01-01,1,1,1,1,0,1,1,0,0,1,0,1,1,1,0
IDXX,0000874716,2021-02-12,2020-12-31,2019-12-31,1,1,1,1,1,1,1,1,1,1,1,1,1,1,1
IDXX,0000874716,2022-02-16,2021-12-31,2020-12-31,1,1,1,1,1,1,1,1,1,1,1,1,1,1,1
IDXX,0000874716,2023-02-16,2022-12-31,2021-12-31,1,1,1,1,1,1,1,1,1,1,1,1,1,1,1
IDXX,0000874716,2024-02-22,2023-12-31,2022-12-31,1,1,1,1,1,1,1,1,1,1,1,1,1,1,1
IDXX,0000874716,2025-02-21,2024-12-31,2023-12-31,1,1,1,1,1,1,1,1,1,1,1,1,1,1,1
BIIB,0000875045,2016-02-03,2015-12-31,2014-12-31,1,1,1,1,1,1,1,1,1,1,1,1,1,1,1
BIIB,0000875045,2017-02-02,2016-12-31,2015-12-31,1,1,1,1,1,1,1,1,1,1,1,1,1,1,1
BIIB,0000875045,2018-02-01,2017-12-31,2016-12-31,1,1,1,1,1,1,1,1,1,1,1,1,1,1,1
BIIB,0000875045,2019-02-06,2018-12-31,2017-12-31,1,1,1,1,1,1,1,1,1,1,1,1,1,1,1
BIIB,0000875045,2020-02-06,2019-12-31,2018-12-31,1,1,1,1,1,1,1,1,1,1,1,1,1,1,1
BIIB,0000875045,2021-02-03,2020-12-31,2019-12-31,1,1,1,0,1,1,1,1,1,1,1,1,1,1,1
BIIB,0000875045,2022-02-03,2021-12-31,2020-12-31,1,1,1,0,0,1,1,1,1,1,1,1,1,1,1
BIIB,0000875045,2023-02-15,2022-12-31,2021-12-31,1,1,1,0,0,1,1,1,1,1,1,1,1,1,1
BIIB,0000875045,2024-02-14,2023-12-31,2022-12-31,1,1,1,0,0,1,1,1,1,1,1,1,1,1,1
BIIB,0000875045,2025-02-12,2024-12-31,2023-12-31,1,1,1,0,0,1,1,1,1,1,1,1,1,1,1
ODFL,0000878927,2016-02-29,2015-12-31,2014-12-31,1,1,1,1,1,1,1,0,0,0,0,1,1,1,1
ODFL,0000878927,2017-02-27,2016-12-31,2015-12-31,1,1,1,1,1,1,1,0,0,0,0,1,1,1,1
ODFL,0000878927,2018-02-27,2017-12-31,2016-12-31,1,1,1,1,1,1,1,0,0,0,0,1,1,1,1
ODFL,0000878927,2019-02-27,2018-12-31,2017-12-31,1,1,1,1,1,1,1,0,0,0,0,1,1,1,1
ODFL,0000878927,2020-02-26,2019-12-31,2018-12-31,1,1,1,1,1,1,1,0,0,0,0,1,1,1,1
ODFL,0000878927,2021-02-24,2020-12-31,2019-12-31,1,1,1,1,1,1,1,0,0,0,0,1,1,1,1
ODFL,0000878927,2022-02-23,2021-12-31,2020-12-31,1,1,1,1,1,1,1,0,0,0,0,1,1,1,1
ODFL,0000878927,2023-02-22,2022-12-31,2021-12-31,1,1,1,1,1,1,1,1,0,0,0,1,1,1,1
ODFL,0000878927,2024-02-26,2023-12-31,2022-12-31,1,1,1,1,1,1,1,1,1,0,0,1,1,1,1
ODFL,0000878927,2025-02-25,2024-12-31,2023-12-31,1,1,1,1,1,1,1,1,1,0,0,1,1,1,1
ROP,0000882835,2016-02-26,2015-12-31,2014-12-31,1,1,1,1,1,1,1,1,1,1,1,1,1,1,1
ROP,0000882835,2017-02-27,2016-12-31,2015-12-31,1,1,1,1,1,1,1,1,1,1,1,1,1,1,1
ROP,0000882835,2018-02-23,2017-12-31,2016-12-31,1,1,1,1,1,1,1,1,1,1,1,1,1,1,1
ROP,0000882835,2019-02-25,2018-12-31,2017-12-31,1,1,1,1,1,1,1,1,1,1,1,1,1,1,1
ROP,0000882835,2020-02-28,2019-12-31,2018-12-31,1,1,1,1,1,1,1,1,1,1,1,1,1,1,1
ROP,0000882835,2021-02-22,2020-12-31,2019-12-31,1,1,1,1,1,1,1,1,1,1,1,1,1,1,1
ROP,0000882835,2022-02-22,2021-12-31,2020-12-31,1,1,1,1,1,1,1,1,1,1,1,1,1,1,1
ROP,0000882835,2023-02-27,2022-12-31,2021-12-31,1,1,1,1,1,1,1,1,1,1,1,1,1,1,1
ROP,0000882835,2024-02-22,2023-12-31,2022-12-31,1,1,1,1,1,1,1,1,1,1,1,1,1,1,1
ROP,0000882835,2025-02-24,2024-12-31,2023-12-31,1,1,1,1,1,1,1,1,1,1,1,1,1,1,1
SNPS,0000883241,2016-12-12,2016-10-31,2015-10-31,1,1,1,1,1,1,1,1,1,1,1,1,1,1,1
SNPS,0000883241,2017-12-14,2017-10-31,2016-10-31,1,1,1,1,1,1,1,1,1,1,1,1,1,1,1
SNPS,0000883241,2018-12-17,2018-10-31,2017-10-31,1,1,1,1,1,1,1,1,1,1,1,1,1,1,1
SNPS,0000883241,2019-12-20,2019-10-31,2018-10-31,1,1,1,1,1,1,1,1,1,1,1,1,1,1,1
SNPS,0000883241,2020-12-15,2020-10-31,2019-10-31,1,1,1,1,1,1,1,1,1,1,1,1,1,1,1
SNPS,0000883241,2021-12-13,2021-10-31,2020-10-31,1,1,1,1,1,1,1,1,1,1,1,1,1,1,1
SNPS,0000883241,2022-12-12,2022-10-31,2021-10-31,1,1,1,1,1,1,1,1,1,0,1,1,1,1,1
SNPS,0000883241,2023-12-12,2023-10-31,2022-10-31,1,1,1,1,1,1,1,0,1,1,1,1,1,1,1
SNPS,0000883241,2024-12-19,2024-10-31,2023-10-31,1,1,1,1,1,1,1,0,0,1,1,1,1,1,1
SNPS,0000883241,2025-12-22,2025-10-31,2024-10-31,1,1,1,1,1,1,1,1,1,1,1,1,1,1,1
CPRT,0000900075,2016-09-28,2016-07-31,2015-07-31,1,1,1,1,1,1,1,0,0,1,1,1,1,1,1
CPRT,0000900075,2017-09-28,2017-07-31,2016-07-31,1,1,1,1,1,1,1,0,0,1,1,1,1,1,1
CPRT,0000900075,2018-10-01,2018-07-31,2017-07-31,1,1,1,1,1,1,1,0,0,1,1,1,1,1,1
CPRT,0000900075,2019-09-30,2019-07-31,2018-07-31,1,1,1,1,1,1,1,0,0,1,1,1,1,1,1
CPRT,0000900075,2020-09-28,2020-07-31,2019-07-31,1,1,1,0,1,1,1,1,0,1,1,1,1,1,1
CPRT,0000900075,2021-09-27,2021-07-31,2020-07-31,1,1,1,0,1,1,1,0,1,1,1,1,1,1,1
CPRT,0000900075,2022-09-27,2022-07-31,2021-07-31,1,1,1,0,1,1,1,1,1,1,1,1,1,1,1
CPRT,0000900075,2023-09-28,2023-07-31,2022-07-31,1,1,1,0,1,1,1,1,1,1,1,1,1,1,1
CPRT,0000900075,2024-09-30,2024-07-31,2023-07-31,1,1,1,0,0,1,1,1,1,1,1,1,1,1,1
CPRT,0000900075,2025-09-26,2025-07-31,2024-07-31,1,1,1,0,0,1,1,1,1,1,1,1,1,1,1
VMRK,0000906107,2016-02-25,2015-12-31,2014-12-31,1,0,0,1,1,0,0,0,0,0,0,1,1,1,1
VMRK,0000906107,2017-02-23,2016-12-31,2015-12-31,1,0,0,1,1,0,0,0,0,0,0,1,1,1,1
VMRK,0000906107,2018-02-22,2017-12-31,2016-12-31,1,0,0,1,1,0,0,0,0,0,0,1,1,1,1
VMRK,0000906107,2019-02-21,2018-12-31,2017-12-31,1,0,0,1,1,0,0,0,0,0,0,1,1,1,1
VMRK,0000906107,2020-02-20,2019-12-31,2018-12-31,1,0,0,1,1,0,0,1,1,0,0,1,1,1,1
VMRK,0000906107,2021-02-18,2020-12-31,2019-12-31,1,0,0,1,1,0,0,1,1,0,0,1,1,1,1
VMRK,0000906107,2022-02-17,2021-12-31,2020-12-31,1,0,0,1,1,0,0,1,1,0,0,1,1,1,1
VMRK,0000906107,2023-02-16,2022-12-31,2021-12-31,1,0,0,1,1,0,0,1,1,0,0,1,1,1,1
VMRK,0000906107,2024-02-15,2023-12-31,2022-12-31,1,0,0,1,1,0,0,1,1,0,0,1,1,1,1
VMRK,0000906107,2025-02-13,2024-12-31,2023-12-31,1,0,0,1,1,0,0,1,1,0,0,1,1,1,1
COST,0000909832,2016-10-12,2016-08-28,2015-08-30,1,1,1,1,1,1,1,1,1,0,0,1,1,1,1
COST,0000909832,2017-10-18,2017-09-03,2016-08-28,1,1,1,1,1,1,1,1,1,0,0,1,1,1,1
COST,0000909832,2018-10-26,2018-09-02,2017-09-03,1,1,1,1,1,1,1,1,1,0,0,1,1,1,1
COST,0000909832,2019-10-11,2019-09-01,2018-09-02,1,1,1,1,1,1,1,1,1,0,0,1,1,1,1
COST,0000909832,2020-10-07,2020-08-30,2019-09-01,1,1,1,1,1,1,1,1,1,0,0,1,1,1,1
COST,0000909832,2021-10-06,2021-08-29,2020-08-30,1,1,1,1,1,1,1,1,1,0,0,1,1,1,1
COST,0000909832,2022-10-05,2022-08-28,2021-08-29,1,1,1,1,1,1,1,1,1,0,0,1,1,1,1
COST,0000909832,2023-10-11,2023-09-03,2022-08-28,1,1,1,1,1,1,1,1,1,0,0,1,1,1,1
COST,0000909832,2024-10-09,2024-09-01,2023-09-03,1,1,1,1,1,1,1,1,1,0,0,1,1,1,1
COST,0000909832,2025-10-08,2025-08-31,2024-09-01,1,1,1,1,1,1,1,1,1,0,0,1,1,1,1
MLM,0000916076,2016-02-23,2015-12-31,2014-12-31,1,1,1,1,1,1,1,1,1,0,0,1,1,1,1
MLM,0000916076,2017-02-24,2016-12-31,2015-12-31,1,1,1,1,1,1,1,1,1,0,0,1,1,1,1
MLM,0000916076,2018-02-23,2017-12-31,2016-12-31,1,1,1,1,1,1,1,1,1,0,0,1,1,1,1
MLM,0000916076,2019-02-25,2018-12-31,2017-12-31,1,1,1,1,1,1,1,1,1,0,0,1,1,1,1
MLM,0000916076,2020-02-21,2019-12-31,2018-12-31,1,1,1,1,1,1,1,1,1,0,0,1,1,1,1
MLM,0000916076,2021-02-19,2020-12-31,2019-12-31,1,1,1,1,1,1,1,1,1,0,0,1,1,1,1
MLM,0000916076,2022-02-22,2021-12-31,2020-12-31,1,1,1,1,1,1,1,1,1,0,0,1,1,1,1
MLM,0000916076,2023-02-24,2022-12-31,2021-12-31,1,1,1,1,1,1,1,1,1,0,0,1,1,1,1
MLM,0000916076,2024-02-23,2023-12-31,2022-12-31,1,1,1,1,1,1,1,1,1,0,0,1,1,1,1
MLM,0000916076,2025-02-21,2024-12-31,2023-12-31,1,1,1,1,1,1,1,1,1,1,1,1,1,1,1
TTWO,0000946581,2016-05-19,2016-03-31,2015-03-31,1,1,1,1,1,1,1,0,0,0,0,1,1,1,1
TTWO,0000946581,2017-05-24,2017-03-31,2016-03-31,1,1,1,1,1,1,1,0,0,0,0,1,1,1,1
TTWO,0000946581,2018-05-17,2018-03-31,2017-03-31,1,1,1,1,1,1,1,0,0,0,0,1,1,1,1
TTWO,0000946581,2019-05-14,2019-03-31,2018-03-31,1,1,1,1,1,1,1,0,0,0,0,1,1,1,1
TTWO,0000946581,2020-05-22,2020-03-31,2019-03-31,1,1,1,1,1,1,1,0,0,0,0,1,1,1,1
TTWO,0000946581,2021-05-19,2021-03-31,2020-03-31,1,1,1,1,1,1,1,0,0,0,0,1,1,1,1
TTWO,0000946581,2022-05-17,2022-03-31,2021-03-31,1,1,1,1,1,1,1,0,0,0,0,1,1,1,1
TTWO,0000946581,2023-05-26,2023-03-31,2022-03-31,1,1,1,1,1,1,1,1,1,1,1,1,1,1,1
TTWO,0000946581,2024-05-22,2024-03-31,2023-03-31,1,1,1,1,1,1,1,1,1,1,1,1,1,1,1
TTWO,0000946581,2025-05-20,2025-03-31,2024-03-31,1,1,1,1,1,1,1,1,1,1,1,1,1,1,1
ACGL,0000947484,2016-02-26,2015-12-31,2014-12-31,1,0,0,1,1,0,0,0,0,0,1,1,1,0,0
ACGL,0000947484,2017-03-01,2016-12-31,2015-12-31,1,0,0,1,1,0,0,0,0,0,0,1,1,0,0
ACGL,0000947484,2018-02-28,2017-12-31,2016-12-31,1,0,0,1,1,0,0,0,0,0,0,1,1,0,0
ACGL,0000947484,2019-02-28,2018-12-31,2017-12-31,1,0,0,1,1,0,0,0,0,0,0,1,1,0,0
ACGL,0000947484,2020-02-28,2019-12-31,2018-12-31,1,0,0,1,1,0,0,0,0,1,0,1,1,0,0
ACGL,0000947484,2021-02-26,2020-12-31,2019-12-31,1,0,0,1,1,0,0,0,0,1,1,1,1,0,0
ACGL,0000947484,2022-02-25,2021-12-31,2020-12-31,1,0,0,1,1,0,0,0,0,1,1,1,1,0,0
ACGL,0000947484,2023-02-24,2022-12-31,2021-12-31,1,0,0,1,1,0,0,0,0,1,1,1,1,0,0
ACGL,0000947484,2024-02-23,2023-12-31,2022-12-31,1,0,0,1,1,0,0,0,0,0,1,1,1,0,0
ACGL,0000947484,2025-02-27,2024-12-31,2023-12-31,1,0,0,1,1,0,0,0,0,0,0,1,1,0,0
WAT,0001000697,2016-02-26,2015-12-31,2014-12-31,1,1,1,1,1,1,1,1,1,1,1,1,1,1,1
WAT,0001000697,2017-02-24,2016-12-31,2015-12-31,1,1,1,1,1,1,1,1,1,1,1,1,1,1,1
WAT,0001000697,2018-02-27,2017-12-31,2016-12-31,1,1,1,1,1,1,1,1,1,1,1,1,1,1,1
WAT,0001000697,2019-02-26,2018-12-31,2017-12-31,1,1,1,1,1,1,1,1,1,1,1,1,1,1,1
WAT,0001000697,2020-02-25,2019-12-31,2018-12-31,1,1,1,1,1,1,1,1,1,1,1,1,1,1,1
WAT,0001000697,2021-02-24,2020-12-31,2019-12-31,1,1,1,1,1,1,1,1,1,1,1,1,1,1,1
WAT,0001000697,2022-02-24,2021-12-31,2020-12-31,1,1,1,1,1,1,1,1,1,1,1,1,1,1,1
WAT,0001000697,2023-02-27,2022-12-31,2021-12-31,1,1,1,1,1,1,1,1,1,1,1,1,1,1,1
WAT,0001000697,2024-02-27,2023-12-31,2022-12-31,1,1,1,1,1,1,1,1,1,1,1,1,1,1,1
WAT,0001000697,2025-02-25,2024-12-31,2023-12-31,1,1,1,1,1,1,1,1,1,1,1,1,1,1,1
SCCO,0001001838,2016-02-26,2015-12-31,2014-12-31,1,1,1,1,1,1,1,0,1,1,1,1,1,1,1
SCCO,0001001838,2017-03-01,2016-12-31,2015-12-31,1,1,1,1,1,1,1,0,0,1,1,1,1,1,1
SCCO,0001001838,2018-03-01,2017-12-31,2016-12-31,1,1,1,1,1,1,1,0,0,1,1,1,1,1,1
SCCO,0001001838,2019-03-01,2018-12-31,2017-12-31,1,1,1,1,1,1,1,0,0,1,1,1,1,1,1
SCCO,0001001838,2020-02-28,2019-12-31,2018-12-31,1,1,1,1,1,1,1,1,0,1,1,1,1,1,1
SCCO,0001001838,2021-02-26,2020-12-31,2019-12-31,1,1,1,1,1,1,1,0,1,1,1,1,1,1,1
SCCO,0001001838,2022-03-07,2021-12-31,2020-12-31,1,1,1,1,1,1,1,1,0,1,1,1,1,1,1
SCCO,0001001838,2023-02-28,2022-12-31,2021-12-31,1,1,1,1,1,1,1,0,1,1,1,1,1,1,1
SCCO,0001001838,2024-02-29,2023-12-31,2022-12-31,1,1,1,1,1,1,1,0,0,1,1,1,1,1,1
SCCO,0001001838,2025-03-03,2024-12-31,2023-12-31,1,1,1,1,1,1,1,1,0,1,1,1,1,1,1
NTAP,0001002047,2016-06-22,2016-04-29,2015-04-24,1,1,1,1,1,1,1,1,1,0,0,1,1,1,1
NTAP,0001002047,2017-06-20,2017-04-28,2016-04-29,1,1,1,1,1,1,1,1,1,0,0,1,1,1,1
NTAP,0001002047,2018-06-19,2018-04-27,2017-04-28,1,1,1,1,1,1,1,1,1,0,0,1,1,1,1
NTAP,0001002047,2019-06-18,2019-04-26,2018-04-27,1,1,1,1,1,1,1,1,1,0,0,1,1,1,1
NTAP,0001002047,2020-06-15,2020-04-24,2019-04-26,1,1,1,1,1,1,1,1,1,0,0,1,1,1,1
NTAP,0001002047,2021-06-21,2021-04-30,2020-04-24,1,1,1,1,1,1,1,1,1,0,0,1,1,1,1
NTAP,0001002047,2022-06-16,2022-04-29,2021-04-30,1,1,1,1,1,1,1,1,1,0,0,1,1,1,1
NTAP,0001002047,2023-06-14,2023-04-28,2022-04-29,1,1,1,1,1,1,1,1,1,0,0,1,1,1,1
NTAP,0001002047,2024-06-10,2024-04-26,2023-04-28,1,1,1,1,1,1,1,1,1,0,0,1,1,1,1
NTAP,0001002047,2025-06-09,2025-04-25,2024-04-26,1,1,1,1,1,1,1,1,1,0,0,1,1,1,1
AEE,0001002910,2016-02-26,2015-12-31,2014-12-31,1,1,1,1,1,1,1,1,1,1,1,1,1,0,0
AEE,0001002910,2017-02-28,2016-12-31,2015-12-31,1,1,1,1,1,1,1,1,1,1,1,1,1,0,0
AEE,0001002910,2018-02-28,2017-12-31,2016-12-31,1,1,1,1,1,1,1,1,1,1,1,1,1,0,0
AEE,0001002910,2019-02-26,2018-12-31,2017-12-31,1,1,1,1,1,1,1,1,1,1,1,1,1,0,0
AEE,0001002910,2020-02-28,2019-12-31,2018-12-31,1,1,1,1,1,1,1,1,1,0,1,1,1,0,0
AEE,0001002910,2021-02-22,2020-12-31,2019-12-31,1,1,1,1,1,1,1,1,1,0,1,1,1,0,0
AEE,0001002910,2022-02-23,2021-12-31,2020-12-31,1,1,1,1,1,1,1,1,1,0,1,1,1,0,0
AEE,0001002910,2023-02-22,2022-12-31,2021-12-31,1,1,1,1,1,1,1,1,1,0,1,1,1,0,0
AEE,0001002910,2024-02-29,2023-12-31,2022-12-31,1,1,1,1,1,1,1,1,1,0,1,1,1,0,0
AEE,0001002910,2025-02-18,2024-12-31,2023-12-31,1,1,1,1,1,1,1,1,1,0,1,1,1,0,0
ATI,0001018963,2016-02-26,2015-12-31,2014-12-31,1,1,1,1,1,1,1,1,1,0,0,1,1,1,1
ATI,0001018963,2017-02-24,2016-12-31,2015-12-31,1,1,1,1,1,1,1,1,1,0,0,1,1,1,1
ATI,0001018963,2018-02-20,2017-12-31,2016-12-31,1,1,1,1,1,1,1,1,1,0,0,1,1,1,1
ATI,0001018963,2019-02-28,2018-12-31,2017-12-31,1,1,1,1,1,1,1,1,1,0,0,1,1,1,1
ATI,0001018963,2020-02-25,2019-12-31,2018-12-31,1,1,1,1,1,1,1,1,1,0,0,1,1,1,1
ATI,0001018963,2021-02-26,2020-12-31,2019-12-31,1,1,1,1,1,1,1,1,1,0,0,1,1,1,1
ATI,0001018963,2022-02-25,2021-12-31,2020-12-31,1,1,1,1,1,1,1,1,1,0,0,1,1,1,1
ATI,0001018963,2023-02-24,2022-12-31,2021-12-31,1,1,1,1,1,1,1,1,1,0,0,1,1,1,1
ATI,0001018963,2024-02-23,2023-12-31,2023-01-01,1,1,1,1,1,1,1,1,1,0,0,1,1,1,1
ATI,0001018963,2025-02-21,2024-12-29,2023-12-31,1,1,1,1,1,1,1,1,1,0,0,1,1,1,1
VLO,0001035002,2016-02-25,2015-12-31,2014-12-31,1,1,1,1,1,1,1,1,1,1,1,1,1,1,1
VLO,0001035002,2017-02-23,2016-12-31,2015-12-31,1,1,1,1,1,1,1,1,1,1,1,1,1,1,1
VLO,0001035002,2018-02-28,2017-12-31,2016-12-31,1,1,1,1,1,1,1,1,1,1,1,1,1,1,1
VLO,0001035002,2019-02-28,2018-12-31,2017-12-31,1,1,1,1,1,1,1,1,1,1,1,1,1,1,1
VLO,0001035002,2020-02-26,2019-12-31,2018-12-31,1,1,1,1,1,1,1,1,1,1,1,1,1,1,1
VLO,0001035002,2021-02-23,2020-12-31,2019-12-31,1,1,1,1,1,1,1,1,1,1,1,1,1,1,1
VLO,0001035002,2022-02-22,2021-12-31,2020-12-31,1,1,1,1,1,1,1,1,1,1,1,1,1,1,1
VLO,0001035002,2023-02-23,2022-12-31,2021-12-31,1,1,1,1,1,1,1,1,1,1,1,1,1,1,1
VLO,0001035002,2024-02-22,2023-12-31,2022-12-31,1,1,1,1,1,1,1,1,1,1,1,1,1,1,1
VLO,0001035002,2025-02-26,2024-12-31,2023-12-31,1,1,1,1,1,1,1,1,1,1,1,1,1,1,1
FIX,0001035983,2016-02-23,2015-12-31,2014-12-31,1,1,1,1,1,1,1,1,1,0,0,1,1,1,1
FIX,0001035983,2017-02-23,2016-12-31,2015-12-31,1,1,1,1,1,1,1,1,1,0,0,1,1,1,1
FIX,0001035983,2018-02-22,2017-12-31,2016-12-31,1,1,1,1,1,1,1,1,1,0,0,1,1,1,1
FIX,0001035983,2019-02-21,2018-12-31,2017-12-31,1,1,1,1,1,1,1,1,1,0,0,1,1,1,1
FIX,0001035983,2020-02-26,2019-12-31,2018-12-31,1,1,1,1,1,1,1,1,1,0,0,1,1,1,1
FIX,0001035983,2021-02-25,2020-12-31,2019-12-31,1,1,1,1,1,1,1,0,1,0,0,1,1,1,1
FIX,0001035983,2022-02-23,2021-12-31,2020-12-31,1,1,1,1,1,1,1,1,0,0,0,1,1,1,1
FIX,0001035983,2023-02-22,2022-12-31,2021-12-31,1,1,1,1,1,1,1,1,1,0,0,1,1,1,1
FIX,0001035983,2024-02-22,2023-12-31,2022-12-31,1,1,1,1,1,1,1,1,1,0,0,1,1,1,1
FIX,0001035983,2025-02-20,2024-12-31,2023-12-31,1,1,1,1,1,1,1,1,1,0,0,1,1,1,1
MTD,0001037646,2016-02-04,2015-12-31,2013-12-31,1,1,1,1,1,1,1,0,0,1,1,1,1,1,1
MTD,0001037646,2017-02-02,2016-12-31,2013-12-31,1,1,1,1,1,1,1,1,0,1,1,1,1,1,1
MTD,0001037646,2018-02-09,2017-12-31,2013-12-31,1,1,1,1,1,1,1,1,0,1,1,1,1,1,1
MTD,0001037646,2019-02-08,2018-12-31,2013-12-31,1,1,1,1,1,1,1,1,0,1,1,1,1,1,1
MTD,0001037646,2020-02-07,2019-12-31,2018-12-31,1,1,1,1,1,1,1,1,1,1,1,1,1,1,1
MTD,0001037646,2021-02-08,2020-12-31,2019-12-31,1,1,1,1,1,1,1,1,1,1,1,1,1,1,1
MTD,0001037646,2022-02-11,2021-12-31,2020-12-31,1,1,1,1,1,1,1,1,1,1,1,1,1,1,1
MTD,0001037646,2023-02-10,2022-12-31,2021-12-31,1,1,1,1,1,1,1,1,1,1,1,1,1,1,1
MTD,0001037646,2024-02-09,2023-12-31,2022-12-31,1,1,1,1,1,1,1,1,1,1,1,1,1,1,1
MTD,0001037646,2025-02-07,2024-12-31,2023-12-31,1,1,1,0,1,1,1,1,1,1,1,1,1,1,1
FDX,0001048911,2016-07-18,2016-05-31,2015-05-31,1,1,1,1,1,1,1,0,0,0,0,1,1,1,1
FDX,0001048911,2017-07-17,2017-05-31,2016-05-31,1,1,1,1,1,1,1,0,0,0,0,1,1,1,1
FDX,0001048911,2018-07-16,2018-05-31,2017-05-31,1,1,1,1,1,1,1,0,0,0,0,1,1,1,1
FDX,0001048911,2019-07-16,2019-05-31,2018-05-31,1,1,1,1,1,1,1,0,0,0,0,1,1,1,1
FDX,0001048911,2020-07-20,2020-05-31,2019-05-31,1,1,1,1,1,1,1,1,0,0,0,1,1,1,1
FDX,0001048911,2021-07-19,2021-05-31,2020-05-31,1,1,1,1,1,1,1,1,1,0,0,1,1,1,1
FDX,0001048911,2022-07-18,2022-05-31,2021-05-31,1,1,1,1,1,1,1,1,1,0,0,1,1,1,1
FDX,0001048911,2023-07-17,2023-05-31,2022-05-31,1,1,1,1,1,1,1,1,1,0,0,1,1,1,1
FDX,0001048911,2024-07-15,2024-05-31,2023-05-31,1,1,1,1,1,1,1,1,1,0,0,1,1,1,1
FDX,0001048911,2025-07-21,2025-05-31,2024-05-31,1,1,1,1,1,1,1,1,1,0,0,1,1,1,1
PWR,0001050915,2016-02-29,2015-12-31,2014-12-31,1,1,1,1,1,1,1,1,1,1,1,1,1,1,1
PWR,0001050915,2017-03-01,2016-12-31,2015-12-31,1,1,1,1,1,1,1,1,1,1,1,1,1,1,1
PWR,0001050915,2018-02-28,2017-12-31,2016-12-31,1,1,1,1,1,1,1,1,1,1,1,1,1,1,1
PWR,0001050915,2019-02-28,2018-12-31,2017-12-31,1,1,1,1,1,1,1,1,1,1,1,1,1,1,1
PWR,0001050915,2020-02-28,2019-12-31,2018-12-31,1,1,1,1,1,1,1,1,1,1,1,1,1,1,1
PWR,0001050915,2021-03-01,2020-12-31,2019-12-31,1,1,1,1,1,1,1,1,1,1,1,1,1,1,1
PWR,0001050915,2022-02-25,2021-12-31,2020-12-31,1,1,1,1,1,1,1,1,1,0,1,1,1,1,1
PWR,0001050915,2023-02-23,2022-12-31,2021-12-31,1,1,1,1,1,1,1,1,1,0,0,1,1,1,1
PWR,0001050915,2024-02-22,2023-12-31,2022-12-31,1,1,1,1,1,1,1,1,1,0,0,1,1,1,1
PWR,0001050915,2025-02-20,2024-12-31,2023-12-31,1,1,1,1,1,1,1,1,1,0,0,1,1,1,1
CMG,0001058090,2016-02-05,2015-12-31,2014-12-31,1,1,1,1,1,1,1,0,0,0,0,1,1,1,1
CMG,0001058090,2017-02-07,2016-12-31,2015-12-31,1,1,1,1,1,1,1,0,0,0,0,1,1,1,1
CMG,0001058090,2018-02-08,2017-12-31,2016-12-31,1,1,1,1,1,1,1,0,0,0,1,1,1,1,1
CMG,0001058090,2019-02-08,2018-12-31,2017-12-31,1,1,1,1,1,1,1,0,0,1,1,1,1,1,1
CMG,0001058090,2020-02-05,2019-12-31,2018-12-31,1,1,1,1,1,1,1,0,0,1,1,1,1,1,1
CMG,0001058090,2021-02-10,2020-12-31,2019-12-31,1,1,1,1,1,1,1,0,0,0,1,1,1,1,1
CMG,0001058090,2022-02-11,2021-12-31,2020-12-31,1,1,1,1,1,1,1,0,0,0,0,1,1,1,1
CMG,0001058090,2023-02-09,2022-12-31,2021-12-31,1,1,1,1,1,1,1,0,0,0,0,1,1,1,1
CMG,0001058090,2024-02-08,2023-12-31,2022-12-31,1,1,1,1,1,1,1,0,0,0,1,1,1,1,1
CMG,0001058090,2025-02-05,2024-12-31,2023-12-31,1,1,1,1,1,1,1,0,0,0,1,1,1,1,1
EPD,0001061219,2016-02-26,2015-12-31,2014-12-31,1,1,1,1,1,1,1,1,1,0,0,1,1,1,1
EPD,0001061219,2017-02-24,2016-12-31,2015-12-31,1,1,1,1,1,1,1,1,1,0,0,1,1,1,1
EPD,0001061219,2018-02-28,2017-12-31,2016-12-31,1,1,1,1,1,1,1,1,1,0,0,1,1,1,1
EPD,0001061219,2019-03-01,2018-12-31,2017-12-31,1,1,1,1,1,1,1,1,1,0,0,1,1,1,1
EPD,0001061219,2020-02-28,2019-12-31,2018-12-31,1,1,1,1,1,1,1,1,1,0,0,1,1,1,1
EPD,0001061219,2021-03-01,2020-12-31,2019-12-31,1,1,1,1,1,1,1,1,1,0,0,1,1,1,1
EPD,0001061219,2022-02-28,2021-12-31,2020-12-31,1,1,1,1,1,1,1,1,1,0,0,1,1,1,1
EPD,0001061219,2023-02-28,2022-12-31,2021-12-31,1,1,1,1,1,1,1,1,1,0,0,1,1,1,1
EPD,0001061219,2024-02-28,2023-12-31,2022-12-31,1,1,1,1,1,1,1,1,1,0,0,1,1,1,1
EPD,0001061219,2025-02-28,2024-12-31,2023-12-31,1,1,1,1,1,1,1,1,1,0,0,1,1,1,1
SPG,0001063761,2016-02-26,2015-12-31,2014-12-31,1,0,0,1,1,0,0,0,0,0,0,1,1,1,1
SPG,0001063761,2017-02-24,2016-12-31,2015-12-31,1,0,0,1,1,0,0,0,0,0,0,1,1,1,1
SPG,0001063761,2018-02-23,2017-12-31,2016-12-31,1,0,0,1,1,0,0,0,0,0,0,1,1,1,1
SPG,0001063761,2019-02-22,2018-12-31,2017-12-31,1,0,0,1,1,0,0,0,0,0,0,1,1,1,1
SPG,0001063761,2020-02-21,2019-12-31,2018-12-31,1,0,0,1,1,0,0,0,0,0,0,1,1,1,1
SPG,0001063761,2021-02-25,2020-12-31,2019-12-31,1,0,0,1,1,0,0,0,0,0,0,1,1,1,1
SPG,0001063761,2022-02-24,2021-12-31,2020-12-31,1,0,0,1,1,0,0,0,0,0,0,1,1,1,1
SPG,0001063761,2023-02-23,2022-12-31,2021-12-31,1,0,0,1,1,0,0,0,0,0,0,1,1,1,1
SPG,0001063761,2024-02-22,2023-12-31,2022-12-31,1,0,0,1,1,0,0,0,0,0,0,1,1,1,1
SPG,0001063761,2025-02-21,2024-12-31,2023-12-31,1,0,0,1,1,0,0,0,0,0,0,1,1,1,1
URI,0001067701,2016-01-27,2015-12-31,2014-12-31,1,1,1,1,1,1,1,1,1,1,1,1,1,1,1
URI,0001067701,2017-01-25,2016-12-31,2015-12-31,1,1,1,1,1,1,1,1,1,1,1,1,1,1,1
URI,0001067701,2018-01-24,2017-12-31,2016-12-31,1,1,1,1,1,1,1,1,1,1,1,1,1,1,1
URI,0001067701,2019-01-23,2018-12-31,2017-12-31,1,1,1,1,1,1,1,1,1,1,1,1,1,1,1
URI,0001067701,2020-01-29,2019-12-31,2018-12-31,1,1,1,1,1,1,1,1,1,1,1,1,1,1,1
URI,0001067701,2021-01-27,2020-12-31,2019-12-31,1,1,1,1,1,1,1,1,1,1,1,1,1,1,1
URI,0001067701,2022-01-26,2021-12-31,2020-12-31,1,1,1,1,1,1,1,1,1,1,1,1,1,1,1
URI,0001067701,2023-01-25,2022-12-31,2021-12-31,1,1,1,1,1,1,1,1,1,1,1,1,1,1,1
URI,0001067701,2024-01-24,2023-12-31,2022-12-31,1,1,1,1,1,1,1,1,1,1,1,1,1,1,1
URI,0001067701,2025-01-29,2024-12-31,2023-12-31,1,1,1,1,1,1,1,1,1,1,1,1,1,1,1
AXON,0001069183,2016-03-07,2015-12-31,2014-12-31,1,1,1,1,1,1,1,0,0,1,1,1,1,1,1
AXON,0001069183,2017-03-06,2016-12-31,2015-12-31,1,1,1,1,1,1,1,0,0,1,1,1,1,1,1
AXON,0001069183,2018-03-01,2017-12-31,2016-12-31,1,1,1,1,1,1,1,0,0,1,1,1,1,1,1
AXON,0001069183,2019-02-27,2018-12-31,2018-01-01,1,1,1,1,0,1,1,0,0,1,0,1,1,1,0
AXON,0001069183,2020-02-28,2019-12-31,2019-01-01,1,1,0,1,0,1,1,0,0,1,0,1,1,1,0
AXON,0001069183,2021-02-26,2020-12-31,2019-12-31,1,1,1,1,1,1,1,0,0,1,1,1,1,1,1
AXON,0001069183,2022-02-25,2021-12-31,2020-12-31,1,1,1,1,1,1,1,0,0,1,1,1,1,1,1
AXON,0001069183,2023-02-28,2022-12-31,2021-12-31,1,1,1,1,1,1,1,0,0,1,1,1,1,1,1
AXON,0001069183,2024-02-27,2023-12-31,2022-12-31,1,1,1,1,1,1,1,0,0,1,1,1,1,1,1
AXON,0001069183,2025-02-28,2024-12-31,2023-12-31,1,1,1,1,1,1,1,0,0,1,1,1,1,1,1
BKNG,0001075531,2016-02-17,2015-12-31,2014-12-31,1,1,1,1,1,1,1,0,0,0,0,1,1,1,1
BKNG,0001075531,2017-02-27,2016-12-31,2015-12-31,1,1,1,1,1,1,1,0,0,0,0,1,1,1,1
BKNG,0001075531,2018-02-27,2017-12-31,2016-12-31,1,1,1,1,1,1,1,0,0,0,0,1,1,1,1
BKNG,0001075531,2019-02-27,2018-12-31,2017-12-31,1,1,1,1,1,1,1,0,0,0,0,1,1,1,1
BKNG,0001075531,2020-02-26,2019-12-31,2018-12-31,1,1,1,1,1,1,1,0,0,0,0,1,1,1,1
BKNG,0001075531,2021-02-24,2020-12-31,2019-12-31,1,1,1,1,1,1,1,0,0,0,0,1,1,1,1
BKNG,0001075531,2022-02-23,2021-12-31,2020-12-31,1,1,1,1,1,1,1,1,1,0,0,1,1,1,1
BKNG,0001075531,2023-02-23,2022-12-31,2021-12-31,1,1,1,1,1,1,1,1,1,0,0,1,1,1,1
BKNG,0001075531,2024-02-22,2023-12-31,2022-12-31,1,1,1,1,1,1,1,1,1,0,0,1,1,1,1
BKNG,0001075531,2025-02-20,2024-12-31,2023-12-31,1,1,1,1,1,1,1,1,1,0,0,1,1,1,1
DVN,0001090012,2016-02-17,2015-12-31,2014-12-31,1,1,1,1,1,1,1,1,1,0,0,1,1,1,1
DVN,0001090012,2017-02-15,2016-12-31,2015-12-31,1,1,1,1,1,1,1,1,1,0,0,1,1,1,1
DVN,0001090012,2018-02-21,2017-12-31,2016-12-31,1,1,1,1,1,1,1,1,1,1,1,1,1,1,1
DVN,0001090012,2019-02-20,2018-12-31,2017-12-31,1,1,1,1,1,1,1,1,1,1,1,1,1,1,1
DVN,0001090012,2020-02-19,2019-12-31,2018-12-31,1,1,1,1,1,1,1,1,1,0,1,1,1,1,1
DVN,0001090012,2021-02-17,2020-12-31,2019-12-31,1,1,1,1,1,1,1,1,1,0,0,1,1,1,1
DVN,0001090012,2022-02-16,2021-12-31,2020-12-31,1,1,1,1,1,1,1,1,1,0,0,1,1,1,1
DVN,0001090012,2023-02-15,2022-12-31,2021-12-31,1,1,1,1,1,1,1,1,1,0,0,1,1,1,1
DVN,0001090012,2024-02-28,2023-12-31,2022-12-31,1,1,1,1,1,1,1,1,1,0,0,1,1,1,1
DVN,0001090012,2025-02-19,2024-12-31,2023-12-31,1,1,1,1,1,1,1,1,1,0,1,1,1,1,1
A,0001090872,2016-12-20,2016-10-31,2015-10-31,1,1,1,1,1,1,1,0,1,1,1,1,1,1,1
A,0001090872,2017-12-21,2017-10-31,2016-10-31,1,1,1,1,1,1,1,1,1,1,1,1,1,1,1
A,0001090872,2018-12-20,2018-10-31,2017-10-31,1,1,1,1,1,1,1,1,1,1,1,1,1,1,1
A,0001090872,2019-12-19,2019-10-31,2018-11-01,1,1,1,1,1,1,1,1,0,1,0,1,1,1,0
A,0001090872,2020-12-18,2020-10-31,2019-10-31,1,1,1,1,1,1,1,1,1,1,1,1,1,1,1
A,0001090872,2021-12-17,2021-10-31,2020-10-31,1,1,1,1,1,1,1,1,1,1,1,1,1,1,1
A,0001090872,2022-12-21,2022-10-31,2021-10-31,1,1,1,1,1,1,1,1,1,1,1,1,1,1,1
A,0001090872,2023-12-20,2023-10-31,2022-10-31,1,1,1,1,1,1,1,1,1,1,1,1,1,1,1
A,0001090872,2024-12-20,2024-10-31,2023-10-31,1,1,1,1,1,1,1,1,1,1,1,1,1,1,1
A,0001090872,2025-12-22,2025-10-31,2024-10-31,1,1,1,1,1,1,1,1,1,1,1,1,1,1,1
TDY,0001094285,2016-03-01,2016-01-03,2014-12-28,1,1,1,1,1,1,1,1,1,0,0,1,1,1,1
TDY,0001094285,2017-03-02,2017-01-01,2016-01-03,1,1,1,1,1,1,1,1,1,0,0,1,1,1,1
TDY,0001094285,2018-02-27,2017-12-31,2017-01-01,1,1,1,1,1,1,1,0,1,0,0,1,1,1,1
TDY,0001094285,2019-02-25,2018-12-30,2017-12-31,1,1,1,1,1,1,1,0,0,0,0,1,1,1,1
TDY,0001094285,2020-02-24,2019-12-29,2018-12-30,1,1,1,1,1,1,1,1,1,0,0,1,1,1,1
TDY,0001094285,2021-02-26,2021-01-03,2019-12-29,1,1,1,1,1,1,1,1,1,0,0,1,1,1,1
TDY,0001094285,2022-02-25,2022-01-02,2021-01-03,1,1,1,1,1,1,1,1,1,0,0,1,1,1,1
TDY,0001094285,2023-02-24,2023-01-01,2022-01-02,1,1,1,1,1,1,1,1,1,0,0,1,1,1,1
TDY,0001094285,2024-02-23,2023-12-31,2023-01-01,1,1,1,1,1,1,1,1,1,0,0,1,1,1,1
TDY,0001094285,2025-02-21,2024-12-29,2023-12-31,1,1,1,1,1,1,1,1,1,0,0,1,1,1,1
MELI,0001099590,2016-02-26,2015-12-31,2014-12-31,1,1,1,1,1,1,1,0,0,1,1,1,1,1,1
MELI,0001099590,2017-02-24,2016-12-31,2015-12-31,1,1,1,1,1,1,1,0,0,1,1,1,1,1,1
MELI,0001099590,2018-02-23,2017-12-31,2016-12-31,1,1,1,1,1,1,1,0,0,1,1,1,1,1,1
MELI,0001099590,2019-02-28,2018-12-31,2017-12-31,1,1,1,1,1,1,1,0,0,1,1,1,1,1,1
MELI,0001099590,2020-02-14,2019-12-31,2018-12-31,1,1,1,1,1,1,1,1,1,1,1,1,1,1,1
MELI,0001099590,2021-03-01,2020-12-31,2019-12-31,1,1,1,1,1,1,1,1,1,1,1,1,1,1,1
MELI,0001099590,2022-02-23,2021-12-31,2020-12-31,1,1,1,1,1,1,1,1,1,1,1,1,1,1,1
MELI,0001099590,2023-02-24,2022-12-31,2021-12-31,1,1,1,1,1,1,1,1,1,1,1,1,1,1,1
MELI,0001099590,2024-02-23,2023-12-31,2022-12-31,1,1,1,1,1,1,1,1,1,1,1,1,1,1,1
MELI,0001099590,2025-02-21,2024-12-31,2023-12-31,1,1,1,1,1,1,1,1,1,1,1,1,1,1,1
MDLZ,0001103982,2016-02-19,2015-12-31,2014-12-31,1,1,1,1,1,1,1,1,1,0,0,1,1,1,1
MDLZ,0001103982,2017-02-24,2016-12-31,2015-12-31,1,1,1,1,1,1,1,1,1,0,0,1,1,1,1
MDLZ,0001103982,2018-02-09,2017-12-31,2016-12-31,1,1,1,1,1,1,1,1,1,0,0,1,1,1,1
MDLZ,0001103982,2019-02-08,2018-12-31,2017-12-31,1,1,1,1,1,1,1,1,1,0,0,1,1,1,1
MDLZ,0001103982,2020-02-07,2019-12-31,2018-12-31,1,1,1,1,1,1,1,1,1,0,0,1,1,1,1
MDLZ,0001103982,2021-02-05,2020-12-31,2019-12-31,1,1,1,1,1,1,1,1,1,0,0,1,1,1,1
MDLZ,0001103982,2022-02-04,2021-12-31,2020-12-31,1,1,1,1,1,1,1,1,1,0,0,1,1,1,1
MDLZ,0001103982,2023-02-03,2022-12-31,2021-12-31,1,1,1,1,1,1,1,1,1,0,0,1,1,1,1
MDLZ,0001103982,2024-02-02,2023-12-31,2022-12-31,1,1,1,1,1,1,1,1,1,0,0,1,1,1,1
MDLZ,0001103982,2025-02-05,2024-12-31,2023-12-31,1,1,1,1,1,1,1,1,1,0,0,1,1,1,1
CNP,0001130310,2016-02-26,2015-12-31,2014-12-31,1,1,1,1,1,1,1,1,1,1,1,1,1,1,1
CNP,0001130310,2017-02-28,2016-12-31,2015-12-31,1,1,1,1,1,1,1,1,1,1,1,1,1,1,1
CNP,0001130310,2018-02-22,2017-12-31,2016-12-31,1,1,1,1,1,1,1,1,1,1,1,1,1,1,1
CNP,0001130310,2019-02-28,2018-12-31,2017-12-31,1,1,1,1,1,1,1,1,1,1,1,1,1,1,1
CNP,0001130310,2020-02-27,2019-12-31,2018-12-31,1,1,1,1,1,1,1,1,1,1,1,1,1,1,1
CNP,0001130310,2021-02-25,2020-12-31,2019-12-31,1,1,1,1,1,1,1,1,1,1,1,1,1,1,1
CNP,0001130310,2022-02-22,2021-12-31,2020-12-31,1,1,1,1,1,1,1,1,1,1,1,1,1,1,1
CNP,0001130310,2023-02-17,2022-12-31,2021-12-31,1,1,1,1,1,1,1,1,1,1,1,1,1,1,1
CNP,0001130310,2024-02-20,2023-12-31,2022-12-31,1,1,1,1,1,1,1,1,1,1,1,1,1,1,1
CNP,0001130310,2025-02-20,2024-12-31,2023-12-31,1,1,1,1,1,1,1,1,1,1,1,1,1,1,1
ELV,0001156039,2016-02-19,2015-12-31,2014-12-31,1,1,1,1,1,1,1,1,1,0,1,1,1,1,1
ELV,0001156039,2017-02-22,2016-12-31,2015-12-31,1,1,1,1,1,1,1,1,1,0,1,1,1,1,1
ELV,0001156039,2018-02-21,2017-12-31,2016-12-31,1,1,1,1,1,1,1,1,1,0,1,1,1,1,1
ELV,0001156039,2019-02-20,2018-12-31,2017-12-31,1,1,1,1,1,1,1,1,1,0,1,1,1,1,1
ELV,0001156039,2020-02-19,2019-12-31,2018-12-31,1,1,1,1,1,1,1,1,1,0,1,1,1,1,1
ELV,0001156039,2021-02-18,2020-12-31,2019-12-31,1,1,1,1,1,1,1,1,1,0,0,1,1,1,1
ELV,0001156039,2022-02-16,2021-12-31,2020-12-31,1,1,1,1,1,1,1,1,1,0,0,1,1,1,1
ELV,0001156039,2023-02-15,2022-12-31,2021-12-31,1,1,1,1,1,1,1,1,1,0,0,1,1,1,1
ELV,0001156039,2024-02-21,2023-12-31,2022-12-31,1,1,1,1,1,1,1,1,1,0,0,1,1,1,1
ELV,0001156039,2025-02-20,2024-12-31,2023-12-31,1,1,1,1,1,1,1,1,1,1,1,1,1,1,1
CPAY,0001175454,2016-02-29,2015-12-31,2014-12-31,1,1,1,1,1,1,1,1,1,1,1,1,1,1,1
CPAY,0001175454,2017-03-01,2016-12-31,2015-12-31,1,1,1,1,1,1,1,1,1,1,1,1,1,1,1
CPAY,0001175454,2018-03-01,2017-12-31,2016-12-31,1,1,1,1,1,1,1,1,1,1,1,1,1,1,1
CPAY,0001175454,2019-03-01,2018-12-31,2017-12-31,1,1,1,1,1,1,1,1,1,1,1,1,1,1,1
CPAY,0001175454,2020-03-02,2019-12-31,2018-12-31,1,1,1,1,1,1,1,1,1,1,1,1,1,1,1
CPAY,0001175454,2021-02-26,2020-12-31,2019-12-31,1,1,1,1,1,1,1,1,1,1,1,1,1,1,1
CPAY,0001175454,2022-03-01,2021-12-31,2020-12-31,1,1,1,1,1,1,1,1,1,1,1,1,1,1,1
CPAY,0001175454,2023-02-28,2022-12-31,2021-12-31,1,1,1,1,1,1,1,1,1,1,1,1,1,1,1
CPAY,0001175454,2024-02-29,2023-12-31,2023-09-30,1,1,1,1,1,1,1,1,1,1,0,1,1,1,1
CPAY,0001175454,2025-02-27,2024-12-31,2023-12-31,1,1,1,1,1,1,1,1,1,1,1,1,1,1,1
ALNY,0001178670,2016-02-12,2015-12-31,2014-12-31,1,1,1,1,1,1,1,0,0,0,0,1,1,1,1
ALNY,0001178670,2017-02-15,2016-12-31,2015-12-31,1,1,1,1,1,1,1,0,0,0,0,1,1,1,1
ALNY,0001178670,2018-02-15,2017-12-31,2016-12-31,1,1,1,1,1,1,1,0,0,0,0,1,1,1,1
ALNY,0001178670,2019-02-14,2018-12-31,2017-12-31,1,1,1,1,1,1,1,0,0,0,0,1,1,1,1
ALNY,0001178670,2020-02-13,2019-12-31,2018-12-31,1,1,1,1,1,1,1,0,0,0,0,1,1,1,1
ALNY,0001178670,2021-02-11,2020-12-31,2019-12-31,1,1,1,1,1,1,1,0,0,0,0,1,1,1,1
ALNY,0001178670,2022-02-10,2021-12-31,2020-12-31,1,1,1,1,1,1,1,0,0,0,0,1,1,1,1
ALNY,0001178670,2023-02-23,2022-12-31,2021-12-31,1,1,1,1,1,1,1,0,0,0,0,1,1,1,1
ALNY,0001178670,2024-02-15,2023-12-31,2022-12-31,1,1,1,1,1,1,1,0,0,0,0,1,1,1,1
ALNY,0001178670,2025-02-13,2024-12-31,2023-12-31,1,1,1,1,1,1,1,0,0,0,0,1,1,1,1
ET,0001276187,2016-02-29,2015-12-31,2014-12-31,1,1,1,1,1,1,1,1,1,0,1,1,1,1,1
ET,0001276187,2017-02-24,2016-12-31,2015-12-31,1,1,1,1,1,1,1,1,1,0,0,1,1,1,1
ET,0001276187,2018-02-23,2017-12-31,2016-12-31,1,1,1,1,1,1,1,1,1,1,1,1,1,1,1
ET,0001276187,2019-02-22,2018-12-31,2017-12-31,1,1,1,1,1,1,1,1,1,0,1,1,1,1,1
ET,0001276187,2020-02-21,2019-12-31,2018-12-31,1,1,1,1,1,1,1,1,1,0,0,1,1,1,1
ET,0001276187,2021-02-19,2020-12-31,2019-12-31,1,1,1,1,1,1,1,1,1,0,0,1,1,1,1
ET,0001276187,2022-02-18,2021-12-31,2020-12-31,1,1,1,1,1,1,1,1,1,0,0,1,1,1,1
ET,0001276187,2023-02-17,2022-12-31,2021-12-31,1,1,1,1,1,1,1,1,1,0,0,1,1,1,1
ET,0001276187,2024-02-16,2023-12-31,2022-12-31,1,1,1,1,1,1,1,1,1,0,0,1,1,1,1
ET,0001276187,2025-02-14,2024-12-31,2023-12-31,1,1,1,1,1,1,1,1,1,0,0,1,1,1,1
EXR,0001289490,2016-02-29,2015-12-31,2014-12-31,1,0,0,1,1,0,0,0,0,0,0,1,1,1,1
EXR,0001289490,2017-02-27,2016-12-31,2015-12-31,1,0,0,1,1,0,0,0,0,0,0,1,1,1,1
EXR,0001289490,2018-03-01,2017-12-31,2016-12-31,1,0,0,1,1,0,0,0,0,0,0,1,1,1,1
EXR,0001289490,2019-02-26,2018-12-31,2017-12-31,1,0,0,1,1,0,0,0,0,0,0,1,1,1,1
EXR,0001289490,2020-02-25,2019-12-31,2018-12-31,1,0,0,1,1,0,0,0,0,0,0,1,1,1,1
EXR,0001289490,2021-02-26,2020-12-31,2019-12-31,1,0,0,1,1,0,0,0,0,0,0,1,1,0,1
EXR,0001289490,2022-02-28,2021-12-31,2020-12-31,1,0,0,1,1,0,0,0,0,0,0,1,1,0,0
EXR,0001289490,2023-02-28,2022-12-31,2021-12-31,1,0,0,1,1,0,0,0,0,0,0,1,1,0,0
EXR,0001289490,2024-02-29,2023-12-31,2022-12-31,1,0,0,1,1,0,0,0,0,0,0,1,1,1,1
EXR,0001289490,2025-02-28,2024-12-31,2023-12-31,1,0,0,1,1,0,0,1,0,0,0,1,1,1,1
LVS,0001300514,2016-02-26,2015-12-31,2014-12-31,1,1,1,1,1,1,1,0,0,1,1,1,1,1,1
LVS,0001300514,2017-02-24,2016-12-31,2015-12-31,1,1,1,1,1,1,1,0,0,1,1,1,1,1,1
LVS,0001300514,2018-02-23,2017-12-31,2016-12-31,1,1,1,1,1,1,1,0,0,1,1,1,1,1,1
LVS,0001300514,2019-02-22,2018-12-31,2017-12-31,1,1,1,1,1,1,1,0,0,1,1,1,1,1,1
LVS,0001300514,2020-02-07,2019-12-31,2018-12-31,1,1,1,1,1,1,1,1,0,1,1,1,1,1,1
LVS,0001300514,2021-02-05,2020-12-31,2019-12-31,1,1,1,1,1,1,1,1,1,1,1,1,1,1,1
LVS,0001300514,2022-02-04,2021-12-31,2020-12-31,1,1,1,1,1,1,1,1,1,1,1,1,1,1,1
LVS,0001300514,2023-02-03,2022-12-31,2021-12-31,1,1,1,1,1,1,1,1,1,1,1,1,1,1,1
LVS,0001300514,2024-02-07,2023-12-31,2022-12-31,1,1,1,1,1,1,1,1,1,1,1,1,1,1,1
LVS,0001300514,2025-02-07,2024-12-31,2023-12-31,1,1,1,1,1,1,1,1,1,1,1,1,1,1,1
LYV,0001335258,2016-02-25,2015-12-31,2014-12-31,1,1,1,1,1,1,1,0,0,0,0,1,1,1,1
LYV,0001335258,2017-02-23,2016-12-31,2015-12-31,1,1,1,1,1,1,1,0,0,0,0,1,1,1,1
LYV,0001335258,2018-02-27,2017-12-31,2016-12-31,1,1,1,1,1,1,1,0,0,0,0,1,1,1,1
LYV,0001335258,2019-02-28,2018-12-31,2017-12-31,1,1,1,1,1,1,1,0,0,0,0,1,1,1,1
LYV,0001335258,2020-02-27,2019-12-31,2018-12-31,1,1,1,1,1,1,1,0,0,0,0,1,1,1,1
LYV,0001335258,2021-03-01,2020-12-31,2019-12-31,1,1,1,1,1,1,1,0,0,0,0,1,1,1,1
LYV,0001335258,2022-02-23,2021-12-31,2020-12-31,1,1,1,1,1,1,1,0,0,0,0,1,1,1,1
LYV,0001335258,2023-02-23,2022-12-31,2021-12-31,1,1,1,1,1,1,1,0,0,0,0,1,1,1,1
LYV,0001335258,2024-02-22,2023-12-31,2022-12-31,1,1,1,1,1,1,1,0,0,0,0,1,1,1,1
LYV,0001335258,2025-02-21,2024-12-31,2023-12-31,1,1,1,1,1,1,1,0,0,0,0,1,1,1,1
ORCL,0001341439,2016-06-22,2016-05-31,2015-05-31,1,1,1,1,1,1,1,1,1,0,1,1,1,1,1
ORCL,0001341439,2017-06-27,2017-05-31,2016-05-31,1,1,1,1,1,1,1,1,1,0,0,1,1,1,1
ORCL,0001341439,2018-06-22,2018-05-31,2017-05-31,1,1,1,1,1,1,1,1,1,0,0,1,1,1,1
ORCL,0001341439,2019-06-21,2019-05-31,2018-05-31,1,1,1,1,1,1,1,1,1,0,0,1,1,1,1
ORCL,0001341439,2020-06-22,2020-05-31,2019-05-31,1,1,1,1,1,1,1,1,1,0,0,1,1,1,1
ORCL,0001341439,2021-06-21,2021-05-31,2020-05-31,1,1,1,1,1,1,1,1,1,0,0,1,1,1,1
ORCL,0001341439,2022-06-21,2022-05-31,2021-05-31,1,1,1,1,1,1,1,1,1,0,0,1,1,1,1
ORCL,0001341439,2023-06-20,2023-05-31,2022-05-31,1,1,1,1,1,1,1,1,1,0,0,1,1,1,1
ORCL,0001341439,2024-06-20,2024-05-31,2023-05-31,1,1,1,1,1,1,1,1,1,0,0,1,1,1,1
ORCL,0001341439,2025-06-18,2025-05-31,2024-05-31,1,1,1,1,1,1,1,1,1,0,0,1,1,1,1
CQP,0001383650,2016-02-19,2015-12-31,2014-12-31,1,1,1,1,1,1,1,1,1,0,0,1,1,1,1
CQP,0001383650,2017-02-24,2016-12-31,2015-12-31,1,1,1,1,1,1,1,1,1,0,0,1,1,1,1
CQP,0001383650,2018-02-21,2017-12-31,2016-12-31,1,1,1,1,1,1,1,1,1,0,0,1,1,1,1
CQP,0001383650,2019-02-26,2018-12-31,2017-12-31,1,1,1,1,1,1,1,1,1,0,0,1,1,1,1
CQP,0001383650,2020-02-25,2019-12-31,2018-12-31,1,1,1,1,1,1,1,1,1,0,0,1,1,1,1
CQP,0001383650,2021-02-24,2020-12-31,2019-12-31,1,1,1,1,1,1,1,1,1,0,0,1,1,1,1
CQP,0001383650,2022-02-24,2021-12-31,2020-12-31,1,1,1,1,1,1,1,0,1,0,0,1,1,1,1
CQP,0001383650,2023-02-23,2022-12-31,2021-12-31,1,1,1,1,1,1,1,0,1,0,0,1,1,1,1
CQP,0001383650,2024-02-22,2023-12-31,2022-12-31,1,1,1,1,1,1,1,1,1,0,0,1,1,1,1
CQP,0001383650,2025-02-20,2024-12-31,2023-12-31,1,1,1,1,1,1,1,1,1,0,0,1,1,1,1
VMC,0001396009,2016-02-25,2015-12-31,2014-12-31,1,1,1,1,1,1,1,1,1,0,0,1,1,1,1
VMC,0001396009,2017-02-24,2016-12-31,2015-12-31,1,1,1,1,1,1,1,1,1,0,0,1,1,1,1
VMC,0001396009,2018-02-27,2017-12-31,2016-12-31,1,1,1,1,1,1,1,1,1,0,0,1,1,1,1
VMC,0001396009,2019-02-26,2018-12-31,2017-12-31,1,1,1,1,1,1,1,1,1,0,0,1,1,1,1
VMC,0001396009,2020-02-26,2019-12-31,2018-12-31,1,1,1,1,1,1,1,1,1,0,0,1,1,1,1
VMC,0001396009,2021-02-25,2020-12-31,2019-12-31,1,1,1,1,1,1,1,1,1,0,0,1,1,1,1
VMC,0001396009,2022-02-25,2021-12-31,2020-12-31,1,1,1,1,1,1,1,1,1,0,0,1,1,1,1
VMC,0001396009,2023-02-24,2022-12-31,2021-12-31,1,1,1,1,1,1,1,1,1,0,0,1,1,1,1
VMC,0001396009,2024-02-22,2023-12-31,2022-12-31,1,1,1,1,1,1,1,1,1,0,0,1,1,1,1
VMC,0001396009,2025-02-20,2024-12-31,2023-12-31,1,1,1,1,1,1,1,1,1,0,0,1,1,1,1
V,0001403161,2016-11-15,2016-09-30,2015-09-30,1,1,1,1,1,1,1,0,0,1,1,1,1,1,1
V,0001403161,2017-11-17,2017-09-30,2016-09-30,1,1,1,1,1,1,1,1,1,1,1,1,1,1,1
V,0001403161,2018-11-16,2018-09-30,2017-09-30,1,1,1,1,1,1,1,1,1,1,1,1,1,1,1
V,0001403161,2019-11-14,2019-09-30,2018-09-30,1,1,1,1,1,1,1,0,1,1,1,1,1,1,1
V,0001403161,2020-11-19,2020-09-30,2019-09-30,1,1,1,1,1,1,1,1,1,1,1,1,1,1,1
V,0001403161,2021-11-18,2021-09-30,2020-09-30,1,1,1,1,1,1,1,1,1,1,1,1,1,1,1
V,0001403161,2022-11-16,2022-09-30,2021-09-30,1,1,1,1,1,1,1,1,1,1,1,1,1,1,1
V,0001403161,2023-11-15,2023-09-30,2022-09-30,1,1,1,1,1,1,1,1,1,1,1,1,1,1,1
V,0001403161,2024-11-13,2024-09-30,2023-09-30,1,1,1,1,1,1,1,1,1,1,1,1,1,1,1
V,0001403161,2025-11-06,2025-09-30,2024-09-30,1,1,1,1,1,1,1,1,1,1,1,1,1,1,1
ULTA,0001403568,2016-03-30,2016-01-30,2015-01-31,1,1,1,1,1,1,1,0,0,1,1,1,1,1,1
ULTA,0001403568,2017-03-28,2017-01-28,2016-01-30,1,1,1,1,1,1,1,0,0,1,1,1,1,1,1
ULTA,0001403568,2018-04-03,2018-02-03,2017-01-28,1,1,1,1,1,1,1,0,0,1,1,1,1,1,1
ULTA,0001403568,2019-04-02,2019-02-02,2018-02-03,1,1,1,1,1,1,1,0,0,0,1,1,1,1,1
ULTA,0001403568,2020-03-27,2020-02-01,2019-02-02,1,1,1,1,1,1,1,0,0,0,0,1,1,1,1
ULTA,0001403568,2021-03-26,2021-01-30,2020-02-01,1,1,1,1,1,1,1,0,0,1,0,1,1,1,1
ULTA,0001403568,2022-03-25,2022-01-29,2021-01-30,1,1,1,1,1,1,1,0,0,1,1,1,1,1,1
ULTA,0001403568,2023-03-24,2023-01-28,2022-01-29,1,1,1,1,1,1,1,0,0,0,1,1,1,1,1
ULTA,0001403568,2024-03-26,2024-02-03,2023-01-28,1,1,1,1,1,1,1,0,0,1,0,1,1,1,1
ULTA,0001403568,2025-03-27,2025-02-01,2024-02-03,1,1,1,1,1,1,1,0,0,1,1,1,1,1,1
KKR,0001404912,2016-02-26,2015-12-31,2014-12-31,1,0,0,1,1,0,0,0,0,0,0,1,1,1,1
KKR,0001404912,2017-02-24,2016-12-31,2015-12-31,1,0,0,1,1,0,0,0,0,0,0,1,1,1,1
KKR,0001404912,2018-02-23,2017-12-31,2016-12-31,1,0,0,1,1,0,0,0,0,0,0,1,1,1,1
KKR,0001404912,2019-02-15,2018-12-31,2017-12-31,1,0,0,1,1,0,0,0,0,0,0,1,1,1,1
KKR,0001404912,2020-02-18,2019-12-31,2018-12-31,1,0,0,1,1,0,0,0,0,0,0,1,1,1,1
KKR,0001404912,2021-02-19,2020-12-31,2019-12-31,1,0,0,1,1,0,0,0,0,0,0,1,1,1,1
KKR,0001404912,2022-02-28,2021-12-31,2020-12-31,1,0,0,0,1,0,0,0,0,0,0,0,1,0,1
KKR,0001404912,2023-02-27,2022-12-31,2020-12-31,1,0,0,0,1,0,0,0,0,0,0,0,1,0,1
KKR,0001404912,2024-02-29,2023-12-31,2020-12-31,1,0,0,0,1,0,0,0,0,0,0,1,1,0,1
KKR,0001404912,2025-02-28,2024-12-31,2020-12-31,1,0,0,0,1,0,0,0,0,0,0,1,1,0,1
MSCI,0001408198,2016-02-26,2015-12-31,2014-12-31,1,1,1,1,1,1,1,0,1,0,0,1,1,1,1
MSCI,0001408198,2017-02-24,2016-12-31,2015-12-31,1,1,1,1,1,1,1,0,0,0,0,1,1,1,1
MSCI,0001408198,2018-02-26,2017-12-31,2016-12-31,1,1,1,1,1,1,1,0,0,0,0,1,1,1,1
MSCI,0001408198,2019-02-22,2018-12-31,2017-12-31,1,1,1,1,1,1,1,0,0,1,1,1,1,1,1
MSCI,0001408198,2020-02-18,2019-12-31,2018-12-31,1,1,1,1,1,1,1,0,0,1,1,1,1,1,1
MSCI,0001408198,2021-02-12,2020-12-31,2019-12-31,1,1,1,1,1,1,1,0,0,1,1,1,1,1,1
MSCI,0001408198,2022-02-11,2021-12-31,2020-12-31,1,1,1,1,1,1,1,0,0,1,1,1,1,1,1
MSCI,0001408198,2023-02-10,2022-12-31,2021-12-31,1,1,1,1,1,1,1,1,1,1,1,1,1,1,1
MSCI,0001408198,2024-02-09,2023-12-31,2022-12-31,1,1,1,1,1,1,1,1,1,1,1,1,1,1,1
MSCI,0001408198,2025-02-07,2024-12-31,2023-12-31,1,1,1,1,1,1,1,1,1,1,1,1,1,1,1
AWK,0001410636,2016-02-25,2015-12-31,2014-12-31,1,1,1,1,1,1,1,1,1,1,1,1,1,1,1
AWK,0001410636,2017-02-21,2016-12-31,2015-12-31,1,1,1,1,1,1,1,1,1,1,1,1,1,1,1
AWK,0001410636,2018-02-20,2017-12-31,2016-12-31,1,1,1,1,1,1,1,1,1,1,1,1,1,1,1
AWK,0001410636,2019-02-19,2018-12-31,2017-12-31,1,1,1,1,1,1,1,1,1,1,1,1,1,1,1
AWK,0001410636,2020-02-18,2019-12-31,2018-12-31,1,1,1,1,1,1,1,1,1,1,1,1,1,1,1
AWK,0001410636,2021-02-24,2020-12-31,2019-12-31,1,1,1,1,1,1,1,1,1,1,1,1,1,1,1
AWK,0001410636,2022-02-16,2021-12-31,2020-12-31,1,1,1,1,1,1,1,1,1,1,1,1,1,1,1
AWK,0001410636,2023-02-15,2022-12-31,2021-12-31,1,1,1,1,1,1,1,1,1,1,1,1,1,1,1
AWK,0001410636,2024-02-14,2023-12-31,2022-12-31,1,1,1,1,1,1,1,1,1,1,1,1,1,1,1
AWK,0001410636,2025-02-19,2024-12-31,2023-12-31,1,1,1,1,1,1,1,1,1,1,1,1,1,1,1
ECHO,0001415404,2016-02-24,2015-12-31,2014-12-31,1,1,1,1,1,1,1,0,0,0,0,1,1,1,1
ECHO,0001415404,2017-02-24,2016-12-31,2015-12-31,1,1,1,1,1,1,1,0,0,0,0,1,1,1,1
ECHO,0001415404,2018-02-22,2017-12-31,2016-12-31,1,1,1,1,1,1,1,0,0,0,0,1,1,1,1
ECHO,0001415404,2019-02-21,2018-12-31,2017-12-31,1,1,1,1,1,1,1,0,0,1,1,1,1,1,1
ECHO,0001415404,2020-02-20,2019-12-31,2018-12-31,1,1,1,1,1,1,1,1,0,1,1,1,1,1,1
ECHO,0001415404,2021-02-23,2020-12-31,2019-12-31,1,1,1,1,1,1,1,1,1,1,1,1,1,1,1
ECHO,0001415404,2022-02-24,2021-12-31,2020-12-31,1,1,1,1,1,1,1,1,1,1,1,1,1,1,1
ECHO,0001415404,2023-02-23,2022-12-31,2021-12-31,1,1,1,1,1,1,1,1,1,1,1,1,1,1,1
ECHO,0001415404,2024-02-29,2023-12-31,2022-12-31,1,1,1,1,1,1,1,1,1,0,1,1,1,1,1
ECHO,0001415404,2025-02-27,2024-12-31,2023-12-31,1,1,1,1,1,1,1,1,1,0,0,1,1,1,1
P,0001474432,2016-03-25,2016-01-31,2015-01-31,1,1,1,1,1,1,1,0,0,1,1,1,1,1,1
P,0001474432,2017-03-29,2017-01-31,2016-01-31,1,1,1,1,1,1,1,0,0,1,1,1,1,1,1
P,0001474432,2018-03-26,2018-01-31,2017-01-31,1,1,1,1,1,1,1,0,0,1,1,1,1,1,1
P,0001474432,2019-03-26,2019-01-31,2018-01-31,1,1,1,1,1,1,1,0,0,1,1,1,1,1,1
P,0001474432,2020-03-27,2020-02-02,2019-01-31,1,1,1,1,1,1,1,0,0,1,1,1,1,1,1
P,0001474432,2021-03-25,2021-01-31,2020-02-02,1,1,1,1,1,1,1,0,0,1,1,1,1,1,1
P,0001474432,2022-04-07,2022-02-06,2021-01-31,1,1,1,1,1,1,1,0,0,0,1,1,1,1,1
P,0001474432,2023-04-03,2023-02-05,2022-02-06,1,1,1,1,1,1,1,1,1,0,0,1,1,1,1
P,0001474432,2024-04-01,2024-02-04,2023-02-05,1,1,1,1,1,1,1,1,1,0,0,1,1,1,1
P,0001474432,2025-03-27,2025-02-02,2024-02-04,1,1,1,1,1,1,1,1,1,0,0,1,1,1,1
IQV,0001478242,2016-02-11,2015-12-31,2014-12-31,1,1,1,1,1,1,1,1,1,1,1,1,1,1,1
IQV,0001478242,2017-02-16,2016-12-31,2015-12-31,1,1,1,1,1,1,1,1,1,1,1,1,1,1,1
IQV,0001478242,2018-02-16,2017-12-31,2016-12-31,1,1,1,1,1,1,1,1,1,1,1,1,1,1,1
IQV,0001478242,2019-02-19,2018-12-31,2017-12-31,1,1,1,1,1,1,1,1,1,1,1,1,1,1,1
IQV,0001478242,2020-02-18,2019-12-31,2018-12-31,1,1,1,1,1,1,1,1,1,1,1,1,1,1,1
IQV,0001478242,2021-02-12,2020-12-31,2019-12-31,1,1,1,1,1,1,1,1,1,1,1,1,1,1,1
IQV,0001478242,2022-02-16,2021-12-31,2020-12-31,1,1,1,1,1,1,1,1,1,1,1,1,1,1,1
IQV,0001478242,2023-02-15,2022-12-31,2021-12-31,1,1,1,1,1,1,1,1,1,1,1,1,1,1,1
IQV,0001478242,2024-02-15,2023-12-31,2022-12-31,1,1,1,1,1,1,1,1,1,1,1,1,1,1,1
IQV,0001478242,2025-02-13,2024-12-31,2023-12-31,1,1,1,1,1,1,1,1,1,1,1,1,1,1,1
KMI,0001506307,2016-02-16,2015-12-31,2014-12-31,1,1,1,1,1,1,1,1,1,0,0,1,1,1,1
KMI,0001506307,2017-02-10,2016-12-31,2015-12-31,1,1,1,1,1,1,1,1,1,0,1,1,1,1,1
KMI,0001506307,2018-02-09,2017-12-31,2016-12-31,1,1,1,1,1,1,1,1,1,0,0,1,1,1,1
KMI,0001506307,2019-02-08,2018-12-31,2017-12-31,1,1,1,1,1,1,1,1,1,1,1,1,1,1,1
KMI,0001506307,2020-02-12,2019-12-31,2018-12-31,1,1,1,1,1,1,1,1,1,1,1,1,1,1,1
KMI,0001506307,2021-02-05,2020-12-31,2019-12-31,1,1,1,1,1,1,1,1,1,1,1,1,1,1,1
KMI,0001506307,2022-02-07,2021-12-31,2020-12-31,1,1,1,1,1,1,1,1,1,1,1,1,1,1,1
KMI,0001506307,2023-02-08,2022-12-31,2021-12-31,1,1,1,1,1,1,1,1,1,1,1,1,1,1,1
KMI,0001506307,2024-02-20,2023-12-31,2022-12-31,1,1,1,1,1,1,1,1,1,1,1,1,1,1,1
KMI,0001506307,2025-02-13,2024-12-31,2023-12-31,1,1,1,1,1,1,1,1,1,1,1,1,1,1,1
UI,0001511737,2016-08-22,2016-06-30,2015-06-30,1,1,1,1,1,1,1,1,1,1,1,1,1,1,1
UI,0001511737,2017-08-25,2017-06-30,2016-06-30,1,1,1,1,1,1,1,1,1,1,1,1,1,1,1
UI,0001511737,2018-08-24,2018-06-30,2017-06-30,1,1,1,1,1,1,1,1,1,1,1,1,1,1,1
UI,0001511737,2019-08-21,2019-06-30,2018-06-30,1,1,1,1,1,1,1,1,1,1,1,1,1,1,1
UI,0001511737,2020-08-21,2020-06-30,2019-06-30,1,1,1,1,1,1,1,1,1,1,1,1,1,1,1
UI,0001511737,2021-08-27,2021-06-30,2020-06-30,1,1,1,1,1,1,1,1,1,1,1,1,1,1,1
UI,0001511737,2022-08-26,2022-06-30,2021-06-30,1,1,1,1,1,1,1,1,1,1,1,1,1,1,1
UI,0001511737,2023-08-25,2023-06-30,2022-06-30,1,1,1,1,1,1,1,1,1,1,1,1,1,1,1
UI,0001511737,2024-08-23,2024-06-30,2023-06-30,1,1,1,1,1,1,1,1,1,1,1,1,1,1,1
UI,0001511737,2025-08-22,2025-06-30,2024-06-30,1,1,1,1,1,1,1,1,1,1,1,1,1,1,1
XYL,0001524472,2016-02-26,2015-12-31,2014-12-31,1,1,1,1,1,1,1,1,1,1,1,1,1,1,1
XYL,0001524472,2017-02-23,2016-12-31,2015-12-31,1,1,1,1,1,1,1,1,1,1,1,1,1,1,1
XYL,0001524472,2018-02-23,2017-12-31,2016-12-31,1,1,1,1,1,1,1,1,1,1,1,1,1,1,1
XYL,0001524472,2019-02-22,2018-12-31,2017-12-31,1,1,1,1,1,1,1,1,1,1,1,1,1,1,1
XYL,0001524472,2020-02-28,2019-12-31,2018-12-31,1,1,1,1,1,1,1,1,1,1,1,1,1,1,1
XYL,0001524472,2021-02-26,2020-12-31,2019-12-31,1,1,1,1,1,1,1,1,1,1,1,1,1,1,1
XYL,0001524472,2022-02-25,2021-12-31,2020-12-31,1,1,1,1,1,1,1,1,1,1,1,1,1,1,1
XYL,0001524472,2023-02-24,2022-12-31,2021-12-31,1,1,1,1,1,1,1,1,1,1,1,1,1,1,1
XYL,0001524472,2024-02-28,2023-12-31,2022-12-31,1,1,1,1,1,1,1,1,1,1,1,1,1,1,1
XYL,0001524472,2025-03-03,2024-12-31,2023-12-31,1,1,1,1,1,1,1,1,1,1,1,1,1,1,1
PSX,0001534701,2016-02-19,2015-12-31,2014-12-31,1,1,1,1,1,1,1,1,1,1,1,1,1,1,1
PSX,0001534701,2017-02-17,2016-12-31,2015-12-31,1,1,1,1,1,1,1,1,1,1,1,1,1,1,1
PSX,0001534701,2018-02-23,2017-12-31,2016-12-31,1,1,1,1,1,1,1,1,1,1,1,1,1,1,1
PSX,0001534701,2019-02-22,2018-12-31,2017-12-31,1,1,1,1,1,1,1,1,1,1,1,1,1,1,1
PSX,0001534701,2020-02-21,2019-12-31,2018-12-31,1,1,1,1,1,1,1,1,1,1,1,1,1,1,1
PSX,0001534701,2021-02-24,2020-12-31,2019-12-31,1,1,1,1,1,1,1,1,1,1,1,1,1,1,1
PSX,0001534701,2022-02-18,2021-12-31,2020-12-31,1,1,1,1,1,1,1,1,1,1,1,1,1,1,1
PSX,0001534701,2023-02-22,2022-12-31,2021-12-31,1,1,1,1,1,1,1,1,1,1,1,1,1,1,1
PSX,0001534701,2024-02-21,2023-12-31,2022-12-31,1,1,1,1,1,1,1,1,1,1,1,1,1,1,1
PSX,0001534701,2025-02-21,2024-12-31,2023-12-31,1,1,1,1,1,1,1,1,1,1,1,1,1,1,1
HLT,0001585689,2016-02-26,2015-12-31,2014-12-31,1,1,1,1,1,1,1,0,0,1,1,1,1,1,1
HLT,0001585689,2017-02-15,2016-12-31,2015-12-31,1,1,1,1,1,1,1,0,0,1,1,1,1,1,1
HLT,0001585689,2018-02-14,2017-12-31,2016-12-31,1,1,1,1,1,1,1,1,1,1,1,1,1,1,1
HLT,0001585689,2019-02-13,2018-12-31,2017-12-31,1,1,1,1,1,1,1,0,1,1,1,1,1,1,1
HLT,0001585689,2020-02-11,2019-12-31,2018-12-31,1,1,1,1,1,1,1,1,0,0,1,1,1,1,1
HLT,0001585689,2021-02-17,2020-12-31,2019-12-31,1,1,1,1,1,1,1,1,1,0,0,1,1,1,1
HLT,0001585689,2022-02-16,2021-12-31,2020-12-31,1,1,1,1,1,1,1,1,1,0,0,1,1,1,1
HLT,0001585689,2023-02-09,2022-12-31,2021-12-31,1,1,1,1,1,1,1,1,1,0,0,1,1,1,1
HLT,0001585689,2024-02-07,2023-12-31,2022-12-31,1,1,1,1,1,1,1,1,1,0,0,1,1,1,1
HLT,0001585689,2025-02-06,2024-12-31,2023-12-31,1,1,1,1,1,1,1,1,1,0,0,1,1,1,1
KEYS,0001601046,2016-12-19,2016-10-31,2015-10-31,1,1,1,1,1,1,1,0,0,1,1,1,1,1,1
KEYS,0001601046,2017-12-20,2017-10-31,2016-10-31,1,1,1,1,1,1,1,1,1,1,1,1,1,1,1
KEYS,0001601046,2018-12-18,2018-10-31,2017-10-31,1,1,1,1,1,1,1,1,1,1,1,1,1,1,1
KEYS,0001601046,2019-12-18,2019-10-31,2018-10-31,1,1,1,1,1,1,1,1,1,1,1,1,1,1,1
KEYS,0001601046,2020-12-17,2020-10-31,2019-10-31,1,1,1,1,1,1,1,0,1,1,1,1,1,1,1
KEYS,0001601046,2021-12-17,2021-10-31,2020-10-31,1,1,1,1,1,1,1,0,0,1,1,1,1,1,1
KEYS,0001601046,2022-12-15,2022-10-31,2021-10-31,1,1,1,1,1,1,1,0,0,1,1,1,1,1,1
KEYS,0001601046,2023-12-15,2023-10-31,2022-10-31,1,1,1,1,1,1,1,1,1,1,1,1,1,1,1
KEYS,0001601046,2024-12-17,2024-10-31,2023-10-31,1,1,1,1,1,1,1,1,1,1,1,1,1,1,1
KEYS,0001601046,2025-12-17,2025-10-31,2024-10-31,1,1,1,1,1,1,1,0,1,1,1,1,1,1,1
KHC,0001637459,2016-03-03,2016-01-03,2014-12-28,1,1,1,1,1,1,1,0,1,1,1,1,1,0,0
KHC,0001637459,2017-02-23,2016-12-31,2016-01-03,1,1,1,1,1,1,1,1,1,1,1,1,1,1,1
KHC,0001637459,2018-02-16,2017-12-30,2016-12-31,1,1,1,1,1,1,1,1,1,1,1,1,1,1,1
KHC,0001637459,2019-06-07,2018-12-29,2018-09-29,1,1,1,1,1,1,1,1,1,0,1,1,1,1,1
KHC,0001637459,2020-02-14,2019-12-28,2018-12-29,1,1,1,1,1,1,1,1,1,0,0,1,1,1,1
KHC,0001637459,2021-02-17,2020-12-26,2019-12-28,1,1,1,1,1,1,1,1,1,0,0,1,1,1,1
KHC,0001637459,2022-02-17,2021-12-25,2020-12-26,1,1,1,1,1,1,1,1,1,1,1,1,1,1,1
KHC,0001637459,2023-02-16,2022-12-31,2021-12-25,1,1,1,1,1,1,1,1,1,1,1,1,1,1,1
KHC,0001637459,2024-02-15,2023-12-30,2022-12-31,1,1,1,1,1,1,1,1,1,0,1,1,1,1,1
KHC,0001637459,2025-02-13,2024-12-28,2023-12-30,1,1,1,1,1,1,1,1,1,0,0,1,1,1,1
