target,concept,period,filings
cash,CashAndCashEquivalentsAtCarryingValue,current,947
cash,CashAndCashEquivalentsAtCarryingValue,prior,962
cash,CashAndCashEquivalentsAtCarryingValueIncludingDiscontinuedOperations,current,21
cash,CashAndCashEquivalentsAtCarryingValueIncludingDiscontinuedOperations,prior,30
current_assets,AssetsCurrent,current,909
current_assets,AssetsCurrent,prior,909
current_debt,CommercialPaper,current,120
current_debt,CommercialPaper,prior,137
current_debt,DebtCurrent,current,215
current_debt,DebtCurrent,prior,252
current_debt,FinanceLeaseLiabilityCurrent,current,178
current_debt,FinanceLeaseLiabilityCurrent,prior,155
current_debt,LongTermDebtCurrent,current,359
current_debt,LongTermDebtCurrent,prior,388
current_debt,NotesPayableCurrent,current,19
current_debt,NotesPayableCurrent,prior,28
current_debt,ShortTermBorrowings,current,207
current_debt,ShortTermBorrowings,prior,244
current_liabilities,LiabilitiesCurrent,current,909
current_liabilities,LiabilitiesCurrent,prior,909
depreciation,Depreciation,current,609
depreciation,Depreciation,prior,617
depreciation,DepreciationAndAmortization,current,274
depreciation,DepreciationAndAmortization,prior,285
depreciation,DepreciationDepletionAndAmortization,current,615
depreciation,DepreciationDepletionAndAmortization,prior,618
taxes_payable,AccruedIncomeTaxesCurrent,current,377
taxes_payable,AccruedIncomeTaxesCurrent,prior,409
taxes_payable,TaxesPayableCurrent,current,209
taxes_payable,TaxesPayableCurrent,prior,230
total_assets,Assets,current,997
total_assets,Assets,prior,998
