car_window,construct,model,coef,se_hc3,p_hc3,r2,n,firms,delta_coef_vs_baseline
m1_p1,lm_positive_prop,Baseline_C1,-1.4103809361130042,0.5092919192635059,0.005725231973664377,0.008073651067628806,969,100,0.0
m1_p1,lm_negative_prop,Baseline_C1,0.11141048732366761,0.19836415937488353,0.574487200715675,0.00024344568118184196,969,100,0.0
m1_p1,lm_positive_prop,Baseline_C1_Matched,-1.101426967906736,0.6802577470166129,0.10600383691300974,0.003981046224962648,541,74,0.0
m1_p1,lm_positive_prop,Full_C2_Controls6,-0.593153941380555,0.6051430258149424,0.3274380113118917,0.13745201831113085,541,74,0.5082730265261811
m1_p1,lm_negative_prop,Baseline_C1_Matched,0.11512360374193989,0.34002932438679534,0.7350658080776705,0.00019131549858220076,541,74,0.0
m1_p1,lm_negative_prop,Full_C2_Controls6,0.16566475840191627,0.33896459244914234,0.6252284738995114,0.13671449551846182,541,74,0.050541154659976384
p0_p3,lm_positive_prop,Baseline_C1,-0.49182698458716867,0.48072027106139686,0.306514399655218,0.0011062480376264894,969,100,0.0
p0_p3,lm_negative_prop,Baseline_C1,0.07184074124952536,0.19501256916153722,0.7126628502363292,0.00011405707383671526,969,100,0.0
p0_p3,lm_positive_prop,Baseline_C1_Matched,-0.5111036007393039,0.5729958918125508,0.3727991294588045,0.0009704147983137235,541,74,0.0
p0_p3,lm_positive_prop,Full_C2_Controls6,-0.1378099234076242,0.5545330846450129,0.8038315015131478,0.04680566346976722,541,74,0.37329367733167973
p0_p3,lm_negative_prop,Baseline_C1_Matched,-0.1162836014457675,0.34752967951564834,0.7380566364929951,0.00022095919070430625,541,74,0.0
p0_p3,lm_negative_prop,Full_C2_Controls6,-0.11260058100865356,0.3591746708441889,0.7540249001853693,0.04693797594385296,541,74,0.0036830204371139513
m3_p3,lm_positive_prop,Baseline_C1,-2.2540721774046473,0.6685646632269953,0.00077718195100617,0.01050624701172087,969,100,0.0
m3_p3,lm_negative_prop,Baseline_C1,0.17127457366589624,0.2818199135468725,0.5434994714939462,0.00029312345403753604,969,100,0.0
m3_p3,lm_positive_prop,Baseline_C1_Matched,-1.4527901793827895,0.8777061091509918,0.09846348037230565,0.003678283483038447,541,74,0.0
m3_p3,lm_positive_prop,Full_C2_Controls6,-0.8326507316084176,0.8095455090566135,0.30416194513655437,0.11461282604968126,541,74,0.6201394477743719
m3_p3,lm_negative_prop,Baseline_C1_Matched,-0.08214268609827816,0.4623276329999957,0.8590473074098652,5.1726465048140824e-05,541,74,0.0
m3_p3,lm_negative_prop,Full_C2_Controls6,-0.010726304487181027,0.47826955424573575,0.982115480762166,0.11343993869190283,541,74,0.07141638161109713
m5_p5,lm_positive_prop,Baseline_C1,-2.051655295933887,0.8441672056425725,0.01526359764351292,0.00568799155037536,969,100,0.0
m5_p5,lm_negative_prop,Baseline_C1,0.20998580756659052,0.37836647051875083,0.5790367163866456,0.0002879273007443395,969,100,0.0
m5_p5,lm_positive_prop,Baseline_C1_Matched,-1.1311694238608647,1.1007097846058704,0.3045647542703221,0.0014944407446224606,541,74,0.0
m5_p5,lm_positive_prop,Full_C2_Controls6,-0.6267617963745328,1.056726297288561,0.5533547712965817,0.08828509175391186,541,74,0.5044076274863319
m5_p5,lm_negative_prop,Baseline_C1_Matched,0.33916380173208227,0.589644736493831,0.5653959000056787,0.0005909870540443674,541,74,0.0
m5_p5,lm_negative_prop,Full_C2_Controls6,0.4188988175667308,0.5746440574924694,0.4663396243557775,0.08871334687720656,541,74,0.07973501583464854
