variable,lm_positive_prop,size,bm,volatility,turnover,model,label,car_window,lm_negative_prop,lm_net_prop,harvard_net_prop,lm_net_tfidf,harvard_net_tfidf
lm_positive_prop,1.0,0.006720474843766441,-0.027769337472521596,0.0007306080215009798,0.0014614393558351282,C2,C1_H1_LM_Positive_Controls,m1_p1,,,,,
size,0.006720474843766441,1.0,-0.4700005808288781,-0.16194948690840258,-0.541866366097515,C2,C1_H1_LM_Positive_Controls,m1_p1,,,,,
bm,-0.027769337472521596,-0.4700005808288781,1.0,0.05332532453066841,0.5881561841232115,C2,C1_H1_LM_Positive_Controls,m1_p1,,,,,
volatility,0.0007306080215009798,-0.16194948690840258,0.05332532453066841,1.0,0.15672226299359948,C2,C1_H1_LM_Positive_Controls,m1_p1,,,,,
turnover,0.0014614393558351282,-0.541866366097515,0.5881561841232115,0.15672226299359948,1.0,C2,C1_H1_LM_Positive_Controls,m1_p1,,,,,
lm_negative_prop,,0.005904459593205498,0.14759478485620134,-0.09946185503484499,0.02244411575581612,C2,C1_H2_LM_Negative_Controls,m1_p1,1.0,,,,
size,,1.0,-0.4700005808288781,-0.16194948690840258,-0.541866366097515,C2,C1_H2_LM_Negative_Controls,m1_p1,0.005904459593205498,,,,
bm,,-0.4700005808288781,1.0,0.05332532453066841,0.5881561841232115,C2,C1_H2_LM_Negative_Controls,m1_p1,0.14759478485620134,,,,
volatility,,-0.16194948690840258,0.05332532453066841,1.0,0.15672226299359948,C2,C1_H2_LM_Negative_Controls,m1_p1,-0.09946185503484499,,,,
turnover,,-0.541866366097515,0.5881561841232115,0.15672226299359948,1.0,C2,C1_H2_LM_Negative_Controls,m1_p1,0.02244411575581612,,,,
lm_positive_prop,1.0,0.006720474843766441,-0.027769337472521596,0.0007306080215009798,0.0014614393558351282,C3,C3_LM_Pos_Neg_Controls4,m1_p1,0.07579597799637079,,,,
lm_negative_prop,0.07579597799637079,0.005904459593205498,0.14759478485620134,-0.09946185503484499,0.02244411575581612,C3,C3_LM_Pos_Neg_Controls4,m1_p1,1.0,,,,
size,0.006720474843766441,1.0,-0.4700005808288781,-0.16194948690840258,-0.541866366097515,C3,C3_LM_Pos_Neg_Controls4,m1_p1,0.005904459593205498,,,,
bm,-0.027769337472521596,-0.4700005808288781,1.0,0.05332532453066841,0.5881561841232115,C3,C3_LM_Pos_Neg_Controls4,m1_p1,0.14759478485620134,,,,
volatility,0.0007306080215009798,-0.16194948690840258,0.05332532453066841,1.0,0.15672226299359948,C3,C3_LM_Pos_Neg_Controls4,m1_p1,-0.09946185503484499,,,,
turnover,0.0014614393558351282,-0.541866366097515,0.5881561841232115,0.15672226299359948,1.0,C3,C3_LM_Pos_Neg_Controls4,m1_p1,0.02244411575581612,,,,
lm_net_prop,,,,,,C4,C4_Proportional,m1_p1,,1.0,0.4597062693146583,,
harvard_net_prop,,,,,,C4,C4_Proportional,m1_p1,,0.4597062693146583,1.0,,
lm_net_tfidf,,,,,,C4,C4_TFIDF,m1_p1,,,,1.0,0.282499026406832
harvard_net_tfidf,,,,,,C4,C4_TFIDF,m1_p1,,,,0.282499026406832,1.0
lm_positive_prop,1.0,0.006720474843766441,-0.027769337472521596,0.0007306080215009798,0.0014614393558351282,C2,C1_H1_LM_Positive_Controls,p0_p3,,,,,
size,0.006720474843766441,1.0,-0.4700005808288781,-0.16194948690840258,-0.541866366097515,C2,C1_H1_LM_Positive_Controls,p0_p3,,,,,
bm,-0.027769337472521596,-0.4700005808288781,1.0,0.05332532453066841,0.5881561841232115,C2,C1_H1_LM_Positive_Controls,p0_p3,,,,,
volatility,0.0007306080215009798,-0.16194948690840258,0.05332532453066841,1.0,0.15672226299359948,C2,C1_H1_LM_Positive_Controls,p0_p3,,,,,
turnover,0.0014614393558351282,-0.541866366097515,0.5881561841232115,0.15672226299359948,1.0,C2,C1_H1_LM_Positive_Controls,p0_p3,,,,,
lm_negative_prop,,0.005904459593205498,0.14759478485620134,-0.09946185503484499,0.02244411575581612,C2,C1_H2_LM_Negative_Controls,p0_p3,1.0,,,,
size,,1.0,-0.4700005808288781,-0.16194948690840258,-0.541866366097515,C2,C1_H2_LM_Negative_Controls,p0_p3,0.005904459593205498,,,,
bm,,-0.4700005808288781,1.0,0.05332532453066841,0.5881561841232115,C2,C1_H2_LM_Negative_Controls,p0_p3,0.14759478485620134,,,,
volatility,,-0.16194948690840258,0.05332532453066841,1.0,0.15672226299359948,C2,C1_H2_LM_Negative_Controls,p0_p3,-0.09946185503484499,,,,
turnover,,-0.541866366097515,0.5881561841232115,0.15672226299359948,1.0,C2,C1_H2_LM_Negative_Controls,p0_p3,0.02244411575581612,,,,
lm_positive_prop,1.0,0.006720474843766441,-0.027769337472521596,0.0007306080215009798,0.0014614393558351282,C3,C3_LM_Pos_Neg_Controls4,p0_p3,0.07579597799637079,,,,
lm_negative_prop,0.07579597799637079,0.005904459593205498,0.14759478485620134,-0.09946185503484499,0.02244411575581612,C3,C3_LM_Pos_Neg_Controls4,p0_p3,1.0,,,,
size,0.006720474843766441,1.0,-0.4700005808288781,-0.16194948690840258,-0.541866366097515,C3,C3_LM_Pos_Neg_Controls4,p0_p3,0.005904459593205498,,,,
bm,-0.027769337472521596,-0.4700005808288781,1.0,0.05332532453066841,0.5881561841232115,C3,C3_LM_Pos_Neg_Controls4,p0_p3,0.14759478485620134,,,,
volatility,0.0007306080215009798,-0.16194948690840258,0.05332532453066841,1.0,0.15672226299359948,C3,C3_LM_Pos_Neg_Controls4,p0_p3,-0.09946185503484499,,,,
turnover,0.0014614393558351282,-0.541866366097515,0.5881561841232115,0.15672226299359948,1.0,C3,C3_LM_Pos_Neg_Controls4,p0_p3,0.02244411575581612,,,,
lm_net_prop,,,,,,C4,C4_Proportional,p0_p3,,1.0,0.4597062693146583,,
harvard_net_prop,,,,,,C4,C4_Proportional,p0_p3,,0.4597062693146583,1.0,,
lm_net_tfidf,,,,,,C4,C4_TFIDF,p0_p3,,,,1.0,0.282499026406832
harvard_net_tfidf,,,,,,C4,C4_TFIDF,p0_p3,,,,0.282499026406832,1.0
lm_positive_prop,1.0,0.006720474843766441,-0.027769337472521596,0.0007306080215009798,0.0014614393558351282,C2,C1_H1_LM_Positive_Controls,m3_p3,,,,,
size,0.006720474843766441,1.0,-0.4700005808288781,-0.16194948690840258,-0.541866366097515,C2,C1_H1_LM_Positive_Controls,m3_p3,,,,,
bm,-0.027769337472521596,-0.4700005808288781,1.0,0.05332532453066841,0.5881561841232115,C2,C1_H1_LM_Positive_Controls,m3_p3,,,,,
volatility,0.0007306080215009798,-0.16194948690840258,0.05332532453066841,1.0,0.15672226299359948,C2,C1_H1_LM_Positive_Controls,m3_p3,,,,,
turnover,0.0014614393558351282,-0.541866366097515,0.5881561841232115,0.15672226299359948,1.0,C2,C1_H1_LM_Positive_Controls,m3_p3,,,,,
lm_negative_prop,,0.005904459593205498,0.14759478485620134,-0.09946185503484499,0.02244411575581612,C2,C1_H2_LM_Negative_Controls,m3_p3,1.0,,,,
size,,1.0,-0.4700005808288781,-0.16194948690840258,-0.541866366097515,C2,C1_H2_LM_Negative_Controls,m3_p3,0.005904459593205498,,,,
bm,,-0.4700005808288781,1.0,0.05332532453066841,0.5881561841232115,C2,C1_H2_LM_Negative_Controls,m3_p3,0.14759478485620134,,,,
volatility,,-0.16194948690840258,0.05332532453066841,1.0,0.15672226299359948,C2,C1_H2_LM_Negative_Controls,m3_p3,-0.09946185503484499,,,,
turnover,,-0.541866366097515,0.5881561841232115,0.15672226299359948,1.0,C2,C1_H2_LM_Negative_Controls,m3_p3,0.02244411575581612,,,,
lm_positive_prop,1.0,0.006720474843766441,-0.027769337472521596,0.0007306080215009798,0.0014614393558351282,C3,C3_LM_Pos_Neg_Controls4,m3_p3,0.07579597799637079,,,,
lm_negative_prop,0.07579597799637079,0.005904459593205498,0.14759478485620134,-0.09946185503484499,0.02244411575581612,C3,C3_LM_Pos_Neg_Controls4,m3_p3,1.0,,,,
size,0.006720474843766441,1.0,-0.4700005808288781,-0.16194948690840258,-0.541866366097515,C3,C3_LM_Pos_Neg_Controls4,m3_p3,0.005904459593205498,,,,
bm,-0.027769337472521596,-0.4700005808288781,1.0,0.05332532453066841,0.5881561841232115,C3,C3_LM_Pos_Neg_Controls4,m3_p3,0.14759478485620134,,,,
volatility,0.0007306080215009798,-0.16194948690840258,0.05332532453066841,1.0,0.15672226299359948,C3,C3_LM_Pos_Neg_Controls4,m3_p3,-0.09946185503484499,,,,
turnover,0.0014614393558351282,-0.541866366097515,0.5881561841232115,0.15672226299359948,1.0,C3,C3_LM_Pos_Neg_Controls4,m3_p3,0.02244411575581612,,,,
lm_net_prop,,,,,,C4,C4_Proportional,m3_p3,,1.0,0.4597062693146583,,
harvard_net_prop,,,,,,C4,C4_Proportional,m3_p3,,0.4597062693146583,1.0,,
lm_net_tfidf,,,,,,C4,C4_TFIDF,m3_p3,,,,1.0,0.282499026406832
harvard_net_tfidf,,,,,,C4,C4_TFIDF,m3_p3,,,,0.282499026406832,1.0
lm_positive_prop,1.0,0.006720474843766441,-0.027769337472521596,0.0007306080215009798,0.0014614393558351282,C2,C1_H1_LM_Positive_Controls,m5_p5,,,,,
size,0.006720474843766441,1.0,-0.4700005808288781,-0.16194948690840258,-0.541866366097515,C2,C1_H1_LM_Positive_Controls,m5_p5,,,,,
bm,-0.027769337472521596,-0.4700005808288781,1.0,0.05332532453066841,0.5881561841232115,C2,C1_H1_LM_Positive_Controls,m5_p5,,,,,
volatility,0.0007306080215009798,-0.16194948690840258,0.05332532453066841,1.0,0.15672226299359948,C2,C1_H1_LM_Positive_Controls,m5_p5,,,,,
turnover,0.0014614393558351282,-0.541866366097515,0.5881561841232115,0.15672226299359948,1.0,C2,C1_H1_LM_Positive_Controls,m5_p5,,,,,
lm_negative_prop,,0.005904459593205498,0.14759478485620134,-0.09946185503484499,0.02244411575581612,C2,C1_H2_LM_Negative_Controls,m5_p5,1.0,,,,
size,,1.0,-0.4700005808288781,-0.16194948690840258,-0.541866366097515,C2,C1_H2_LM_Negative_Controls,m5_p5,0.005904459593205498,,,,
bm,,-0.4700005808288781,1.0,0.05332532453066841,0.5881561841232115,C2,C1_H2_LM_Negative_Controls,m5_p5,0.14759478485620134,,,,
volatility,,-0.16194948690840258,0.05332532453066841,1.0,0.15672226299359948,C2,C1_H2_LM_Negative_Controls,m5_p5,-0.09946185503484499,,,,
turnover,,-0.541866366097515,0.5881561841232115,0.15672226299359948,1.0,C2,C1_H2_LM_Negative_Controls,m5_p5,0.02244411575581612,,,,
lm_positive_prop,1.0,0.006720474843766441,-0.027769337472521596,0.0007306080215009798,0.0014614393558351282,C3,C3_LM_Pos_Neg_Controls4,m5_p5,0.07579597799637079,,,,
lm_negative_prop,0.07579597799637079,0.005904459593205498,0.14759478485620134,-0.09946185503484499,0.02244411575581612,C3,C3_LM_Pos_Neg_Controls4,m5_p5,1.0,,,,
size,0.006720474843766441,1.0,-0.4700005808288781,-0.16194948690840258,-0.541866366097515,C3,C3_LM_Pos_Neg_Controls4,m5_p5,0.005904459593205498,,,,
bm,-0.027769337472521596,-0.4700005808288781,1.0,0.05332532453066841,0.5881561841232115,C3,C3_LM_Pos_Neg_Controls4,m5_p5,0.14759478485620134,,,,
volatility,0.0007306080215009798,-0.16194948690840258,0.05332532453066841,1.0,0.15672226299359948,C3,C3_LM_Pos_Neg_Controls4,m5_p5,-0.09946185503484499,,,,
turnover,0.0014614393558351282,-0.541866366097515,0.5881561841232115,0.15672226299359948,1.0,C3,C3_LM_Pos_Neg_Controls4,m5_p5,0.02244411575581612,,,,
lm_net_prop,,,,,,C4,C4_Proportional,m5_p5,,1.0,0.4597062693146583,,
harvard_net_prop,,,,,,C4,C4_Proportional,m5_p5,,0.4597062693146583,1.0,,
lm_net_tfidf,,,,,,C4,C4_TFIDF,m5_p5,,,,1.0,0.282499026406832
harvard_net_tfidf,,,,,,C4,C4_TFIDF,m5_p5,,,,0.282499026406832,1.0
