analysis,specification,window,variable,estimate,se_hc3,p_two_sided,p_one_sided,p_cluster_two_sided,N,firms,secondary_p,secondary_stat
Event Study,Market Model,"[-1,+1]",CAAR,0.0040291707569583,0.0009536474082279,2.3892914363701583e-05,,,969,,0.0429854248464192,2.023851583540192
Regression,C1,"[-1,+1]",lm_negative_prop,0.1114104873236676,0.1983641593748835,0.574487200715675,0.7127563996421624,0.604758607964663,969,100.0,,
Regression,C1,"[-1,+1]",lm_positive_prop,-1.4103809361130042,0.5092919192635059,0.0057252319736643,0.9971373840131678,0.0272093185143303,969,100.0,,
Regression,C2,"[-1,+1]",lm_negative_prop,0.0756355600484824,0.2048398498583749,0.7120294154499919,0.643985292275004,0.7213792432850556,955,99.0,,
Regression,C2,"[-1,+1]",lm_positive_prop,-1.3632614089609665,0.5192041075698619,0.0087869092828062,0.9956065453585968,0.0576002467523152,955,99.0,,
Regression,C3,"[-1,+1]",lm_negative_prop,0.1296482121461492,0.2057919029562823,0.5288485803176393,0.7355757098411804,0.5502717499961854,955,99.0,,
Regression,C3,"[-1,+1]",lm_positive_prop,-1.3863003573492514,0.5270221069805078,0.0086657147143553,0.9956671426428224,0.056188827794366,955,99.0,,
Regression,C4 Proportional,"[-1,+1]",harvard_net_prop,-0.6256343544803623,0.2597246439809,0.0161897586484329,,0.0135902328448665,969,100.0,,
Regression,C4 Proportional,"[-1,+1]",lm_net_prop,-0.0857346809734649,0.2502083049429723,0.7319339046712207,,0.7767203813505869,969,100.0,,
Regression,C4 TFIDF,"[-1,+1]",harvard_net_tfidf,-0.0001069940948851,0.0003942622960998,0.7861583381212074,,0.795195301794839,969,100.0,,
Regression,C4 TFIDF,"[-1,+1]",lm_net_tfidf,-0.0002158403215597,0.0001622045177774,0.1836123684049544,,0.2349905006641064,969,100.0,,
Event Study,Market Model,"[0,+3]",CAAR,0.0034461412250417,0.0011013319735605,0.0017536248533839,,,969,,0.0772525891311576,1.7668545570588978
Regression,C1,"[0,+3]",lm_negative_prop,0.0718407412495253,0.1950125691615372,0.7126628502363292,0.6436685748818354,0.6755326693802802,969,100.0,,
Regression,C1,"[0,+3]",lm_positive_prop,-0.4918269845871686,0.4807202710613968,0.306514399655218,0.846742800172391,0.1930319910966211,969,100.0,,
Regression,C2,"[0,+3]",lm_negative_prop,-0.002620532049346,0.1932623403929936,0.989184301505912,0.494592150752956,0.987491546553942,955,99.0,,
Regression,C2,"[0,+3]",lm_positive_prop,-0.4665272050408296,0.4943678019268436,0.3455711057429136,0.8272144471285432,0.3195763385672558,955,99.0,,
Regression,C3,"[0,+3]",lm_negative_prop,0.0156646284171224,0.1948712587502133,0.9359484214102308,0.5320257892948846,0.9260819770781564,955,99.0,,
Regression,C3,"[0,+3]",lm_positive_prop,-0.4693108652213266,0.4999205863655563,0.3480875326567376,0.8259562336716312,0.3200352872211283,955,99.0,,
Regression,C4 Proportional,"[0,+3]",harvard_net_prop,-0.4049026249571508,0.2317152587493216,0.0808831957720057,,0.0573382951778374,969,100.0,,
Regression,C4 Proportional,"[0,+3]",lm_net_prop,0.0210943022149084,0.2418457847118501,0.9305130330420088,,0.9197268794028628,969,100.0,,
Regression,C4 TFIDF,"[0,+3]",harvard_net_tfidf,-0.0002434347902124,0.0003744466705128,0.515770111704561,,0.5393476967227817,969,100.0,,
Regression,C4 TFIDF,"[0,+3]",lm_net_tfidf,-0.0001060325843528,0.000154693404722,0.4932326470633482,,0.4391937238992073,969,100.0,,
Event Study,Market Model,"[-3,+3]",CAAR,0.0059344673654364,0.0014565697858016,4.615770945549031e-05,,,969,,0.3193164828049594,0.995863477615015
Regression,C1,"[-3,+3]",lm_negative_prop,0.1712745736658962,0.2818199135468725,0.5434994714939462,0.7282502642530269,0.4503025047246032,969,100.0,,
Regression,C1,"[-3,+3]",lm_positive_prop,-2.2540721774046477,0.6685646632269953,0.0007771819510061,0.999611409024497,0.005599402377617,969,100.0,,
Regression,C2,"[-3,+3]",lm_negative_prop,0.1844604616674234,0.2780323912392643,0.507203815214102,0.746398092392949,0.4331407954177487,955,99.0,,
Regression,C2,"[-3,+3]",lm_positive_prop,-2.1358718897394717,0.685854875967389,0.0018999309296859,0.9990500345351572,0.02006274720221,955,99.0,,
Regression,C3,"[-3,+3]",lm_negative_prop,0.2695439373964456,0.2762581588327327,0.3294641148550465,0.8352679425724767,0.2722045096275848,955,99.0,,
Regression,C3,"[-3,+3]",lm_positive_prop,-2.183770806039618,0.685914338852236,0.0015012639982143,0.9992493680008928,0.0168139291021264,955,99.0,,
Regression,C4 Proportional,"[-3,+3]",harvard_net_prop,-1.0448564555851605,0.3626088747516232,0.0040455175836273,,0.0044612843350084,969,100.0,,
Regression,C4 Proportional,"[-3,+3]",lm_net_prop,-0.1118351792034284,0.3295449218766882,0.7344104488784324,,0.7611650484096164,969,100.0,,
Regression,C4 TFIDF,"[-3,+3]",harvard_net_tfidf,-0.0002352281632737,0.0005399303766748,0.6631779456719737,,0.6562718211582105,969,100.0,,
Regression,C4 TFIDF,"[-3,+3]",lm_net_tfidf,-0.0005058280356568,0.0002529684845737,0.0458264603942303,,0.0576217602818273,969,100.0,,
Event Study,Market Model,"[-5,+5]",CAAR,0.0074632099346386,0.0018265465339563,4.389350608999224e-05,,,969,,0.0429854248464192,2.023851583540192
Regression,C1,"[-5,+5]",lm_negative_prop,0.2099858075665905,0.3783664705187508,0.5790367163866456,0.7104816418066773,0.4973843456584007,969,100.0,,
Regression,C1,"[-5,+5]",lm_positive_prop,-2.051655295933887,0.8441672056425725,0.0152635976435129,0.9923682011782436,0.0193968506487076,969,100.0,,
Regression,C2,"[-5,+5]",lm_negative_prop,0.0992848837433835,0.3733717463249504,0.790362975547926,0.604818512226037,0.7594307754921,955,99.0,,
Regression,C2,"[-5,+5]",lm_positive_prop,-1.926484422321404,0.8559854153766832,0.0246388740409453,0.9876805629795272,0.0565570423548962,955,99.0,,
Regression,C3,"[-5,+5]",lm_negative_prop,0.1755595489443589,0.3757016972210402,0.6404037879115154,0.6797981060442423,0.6039708205600848,955,99.0,,
Regression,C3,"[-5,+5]",lm_positive_prop,-1.957681978541,0.8580340119879699,0.0227345153261271,0.9886327423369364,0.0523965254103483,955,99.0,,
Regression,C4 Proportional,"[-5,+5]",harvard_net_prop,-0.7577234420952129,0.4447694457219515,0.0887714929097422,,0.0461258935391095,969,100.0,,
Regression,C4 Proportional,"[-5,+5]",lm_net_prop,-0.2319195546722943,0.4074369543521179,0.5693420188932117,,0.582919784584032,969,100.0,,
Regression,C4 TFIDF,"[-5,+5]",harvard_net_tfidf,-0.0007254665100825,0.0006781267970306,0.2849722868453486,,0.2592213918544873,969,100.0,,
Regression,C4 TFIDF,"[-5,+5]",lm_net_tfidf,-0.00079613759764,0.0003290938131046,0.0157393390735104,,0.0112634955924755,969,100.0,,
