model,label,car_window,score,variable,coef,se_ols,p_ols_two_sided,se_hc3,p_hc3_two_sided,se_cluster,p_cluster_two_sided,expected_direction,p_hc3_one_sided,direction_correct,n,firms,r2,adj_r2,aic,bic
C1,C1_H1_LM_Positive,m1_p1,lm_positive_prop,const,0.012583065481357566,0.0032876751964942053,0.00013785625017217286,0.003614576714159746,0.000521484999392312,0.00442500236315105,0.005418948247322926,,,,969,100,0.008073651067628806,0.007047874078039973,-3571.29492108016,-3561.5423918563783
C1,C1_H1_LM_Positive,m1_p1,lm_positive_prop,lm_positive_prop,-1.4103809361130042,0.5027220304616072,0.005124817302494732,0.5092919192635059,0.005725231973664377,0.6291413783808497,0.02720931851433037,>0,0.9971373840131678,False,969,100,0.008073651067628806,0.007047874078039973,-3571.29492108016,-3561.5423918563783
C1,C1_H2_LM_Negative,m1_p1,lm_negative_prop,const,0.002719748301996142,0.0029674918815560864,0.3596257968770515,0.0026148008802068623,0.2985367507569389,0.0030369478227292813,0.3726637715772694,,,,969,100,0.00024344568118184196,-0.0007904287286617517,-3563.6757281866758,-3553.9231989628943
C1,C1_H2_LM_Negative,m1_p1,lm_negative_prop,lm_negative_prop,0.11141048732366761,0.22959315162880847,0.6276076641186118,0.19836415937488353,0.574487200715675,0.21456829782669948,0.604758607964663,<0,0.7127563996421624,False,969,100,0.00024344568118184196,-0.0007904287286617517,-3563.6757281866758,-3553.9231989628943
C2,C1_H1_LM_Positive_Controls6,m1_p1,lm_positive_prop,const,-0.028926145469909077,0.03786203859481741,0.4452124194910813,0.037002206021077684,0.43471385265316353,0.028063145211641723,0.30606011484793355,,,,541,74,0.13745201831113085,0.12612399603754354,-2001.0763504742067,-1966.728996243435
C2,C1_H1_LM_Positive_Controls6,m1_p1,lm_positive_prop,lm_positive_prop,-0.593153941380555,0.7124941429039692,0.4054975985267531,0.6051430258149424,0.3274380113118917,0.5470349274382739,0.281796749920598,>0,0.8362809943440541,False,541,74,0.13745201831113085,0.12612399603754354,-2001.0763504742067,-1966.728996243435
C2,C1_H1_LM_Positive_Controls6,m1_p1,lm_positive_prop,size,-0.00078181878989468,0.0015804850994528639,0.6210368121133046,0.001501279118307556,0.6027443564799483,0.0010425752743706397,0.4557298264297819,>0,0.6986278217600259,False,541,74,0.13745201831113085,0.12612399603754354,-2001.0763504742067,-1966.728996243435
C2,C1_H1_LM_Positive_Controls6,m1_p1,lm_positive_prop,bm,0.00817270544261014,0.004455816792414558,0.06718673219437384,0.005701178742019729,0.15229803988629176,0.004033712553627199,0.04640930912874842,>0,0.07614901994314588,True,541,74,0.13745201831113085,0.12612399603754354,-2001.0763504742067,-1966.728996243435
C2,C1_H1_LM_Positive_Controls6,m1_p1,lm_positive_prop,volatility,0.8608695796167324,0.2629277836276849,0.0011285218244607717,0.38756278036770314,0.026754174346996215,0.38135867280148916,0.02697636196091058,>0,0.013377087173498108,True,541,74,0.13745201831113085,0.12612399603754354,-2001.0763504742067,-1966.728996243435
C2,C1_H1_LM_Positive_Controls6,m1_p1,lm_positive_prop,turnover,-0.008082232156489826,0.002429504057691364,0.0009393993124329702,0.0031750020518521013,0.011190028375415944,0.0029062062975605267,0.006889854420270733,>0,0.994404985812292,False,541,74,0.13745201831113085,0.12612399603754354,-2001.0763504742067,-1966.728996243435
C2,C1_H1_LM_Positive_Controls6,m1_p1,lm_positive_prop,eadret,0.19301134871295003,0.026222164188875123,6.977676548693349e-13,0.04581502130511367,2.961140791277789e-05,0.05268042331099899,0.0004678766416084585,>0,1.4805703956388946e-05,True,541,74,0.13745201831113085,0.12612399603754354,-2001.0763504742067,-1966.728996243435
C2,C1_H1_LM_Positive_Controls6,m1_p1,lm_positive_prop,accruals,0.06848679705207072,0.03335459677875722,0.040531523009652154,0.05027411172047551,0.17368881116275361,0.031940546313707054,0.03534715764500106,>0,0.08684440558137681,True,541,74,0.13745201831113085,0.12612399603754354,-2001.0763504742067,-1966.728996243435
C2,C1_H2_LM_Negative_Controls6,m1_p1,lm_negative_prop,const,-0.03182442269173035,0.037642896935439894,0.3982503284116266,0.037302735448358056,0.3939653818157058,0.02850300737708346,0.26785755911730175,,,,541,74,0.13671449551846182,0.12537678720444545,-2000.6139653619466,-1966.2666111311748
C2,C1_H2_LM_Negative_Controls6,m1_p1,lm_negative_prop,lm_negative_prop,0.16566475840191627,0.34021123439737855,0.6264962452064481,0.33896459244914234,0.6252284738995114,0.32083904648328265,0.6071716795109477,<0,0.6873857630502442,False,541,74,0.13671449551846182,0.12537678720444545,-2000.6139653619466,-1966.2666111311748
C2,C1_H2_LM_Negative_Controls6,m1_p1,lm_negative_prop,size,-0.0008799642322588609,0.001597225622472934,0.5819104849343832,0.0015211060345865246,0.5631690048979079,0.0010472201015084151,0.4034919187583878,<0,0.28158450244895394,True,541,74,0.13671449551846182,0.12537678720444545,-2000.6139653619466,-1966.2666111311748
C2,C1_H2_LM_Negative_Controls6,m1_p1,lm_negative_prop,bm,0.008187787940129249,0.004463855373393737,0.06717546412197539,0.005710154202125798,0.1521872892191203,0.0040211816831089995,0.04536248923086295,<0,0.9239063553904399,False,541,74,0.13671449551846182,0.12537678720444545,-2000.6139653619466,-1966.2666111311748
C2,C1_H2_LM_Negative_Controls6,m1_p1,lm_negative_prop,volatility,0.886426841616985,0.261363998790846,0.0007465827547216761,0.3927690911866871,0.02442064234070266,0.39672806656534054,0.028522389310853317,<0,0.9877896788296486,False,541,74,0.13671449551846182,0.12537678720444545,-2000.6139653619466,-1966.2666111311748
C2,C1_H2_LM_Negative_Controls6,m1_p1,lm_negative_prop,turnover,-0.00799948174716315,0.0024330901489388085,0.001076362971085081,0.003183721728572889,0.01227796313139853,0.002966155793412942,0.008685003409524602,<0,0.006138981565699265,True,541,74,0.13671449551846182,0.12537678720444545,-2000.6139653619466,-1966.2666111311748
C2,C1_H2_LM_Negative_Controls6,m1_p1,lm_negative_prop,eadret,0.19324741512730348,0.02623338283642274,6.705419386013943e-13,0.045986120281877076,3.0978282546542444e-05,0.05292056188364854,0.00048699348965512744,<0,0.9999845108587267,False,541,74,0.13671449551846182,0.12537678720444545,-2000.6139653619466,-1966.2666111311748
C2,C1_H2_LM_Negative_Controls6,m1_p1,lm_negative_prop,accruals,0.07213900864197911,0.033206814582461865,0.0302642878387014,0.050424060879463654,0.1531175268449205,0.032568843984867354,0.029882665718210476,<0,0.9234412365775397,False,541,74,0.13671449551846182,0.12537678720444545,-2000.6139653619466,-1966.2666111311748
C3,C3_LM_Pos_Neg_Controls6,m1_p1,lm_positive_prop+lm_negative_prop,const,-0.02732035341391098,0.037980786693314304,0.4722594008511796,0.03729096092287532,0.464108801480078,0.028430801468210084,0.3397534702977159,,,,541,74,0.1380268049185731,0.12506480198501768,-1999.436983408531,-1960.7962098989126
C3,C3_LM_Pos_Neg_Controls6,m1_p1,lm_positive_prop+lm_negative_prop,lm_positive_prop,-0.6466896448411983,0.7185696187180011,0.3685444811455167,0.619954863975408,0.29736475101105714,0.5739326319083629,0.2635303659764044,>0,0.8513176244944715,False,541,74,0.1380268049185731,0.12506480198501768,-1999.436983408531,-1960.7962098989126
C3,C3_LM_Pos_Neg_Controls6,m1_p1,lm_positive_prop+lm_negative_prop,lm_negative_prop,0.20427389348740532,0.3429656385792493,0.5516888324672421,0.34144438981227704,0.5499183894065046,0.3208214450615844,0.5262979490809298,<0,0.7250408052967476,False,541,74,0.1380268049185731,0.12506480198501768,-1999.436983408531,-1960.7962098989126
C3,C3_LM_Pos_Neg_Controls6,m1_p1,lm_positive_prop+lm_negative_prop,size,-0.0009188711150887357,0.001598095320204023,0.565548632906357,0.0015279469378388561,0.5478455223912122,0.001057507691911216,0.38774826793290973,,,,541,74,0.1380268049185731,0.12506480198501768,-1999.436983408531,-1960.7962098989126
C3,C3_LM_Pos_Neg_Controls6,m1_p1,lm_positive_prop+lm_negative_prop,bm,0.007974211298416318,0.0044709541893260705,0.07506527540921482,0.0056979972947670075,0.16225305165555512,0.003977030835373835,0.04866419819832054,,,,541,74,0.1380268049185731,0.12506480198501768,-1999.436983408531,-1960.7962098989126
C3,C3_LM_Pos_Neg_Controls6,m1_p1,lm_positive_prop+lm_negative_prop,volatility,0.8596795300948539,0.2630946650801133,0.0011547664111881224,0.3886584401137003,0.027396682151232313,0.38664443749417404,0.029281322518025312,,,,541,74,0.1380268049185731,0.12506480198501768,-1999.436983408531,-1960.7962098989126
C3,C3_LM_Pos_Neg_Controls6,m1_p1,lm_positive_prop+lm_negative_prop,turnover,-0.008015118044821199,0.0024335860833217655,0.0010551274209170544,0.003184204077077879,0.012123641526531545,0.002916194650142549,0.007539655053949382,,,,541,74,0.1380268049185731,0.12506480198501768,-1999.436983408531,-1960.7962098989126
C3,C3_LM_Pos_Neg_Controls6,m1_p1,lm_positive_prop+lm_negative_prop,eadret,0.19310598030604828,0.026238531894308664,7.041151372429642e-13,0.045944790031652125,3.0894482460483666e-05,0.052980835826983846,0.0004980404127765747,,,,541,74,0.1380268049185731,0.12506480198501768,-1999.436983408531,-1960.7962098989126
C3,C3_LM_Pos_Neg_Controls6,m1_p1,lm_positive_prop+lm_negative_prop,accruals,0.06905880152768362,0.03338861913624792,0.03909131464978272,0.0502273053353108,0.16973332181957057,0.03188746422055105,0.03360107008003965,,,,541,74,0.1380268049185731,0.12506480198501768,-1999.436983408531,-1960.7962098989126
C4,C4_Proportional,m1_p1,lm_net_prop__harvard_net_prop,const,0.013587422684065856,0.005093101321841045,0.007762569865829115,0.005413952701928339,0.01224582897630893,0.005392129498327232,0.013339336413822112,,,,969,100,0.008781360308273922,0.006729147803736124,-3569.986519815735,-3555.3577259800627
C4,C4_Proportional,m1_p1,lm_net_prop__harvard_net_prop,lm_net_prop,-0.08573468097346496,0.24112294193527864,0.7222445996537327,0.2502083049429723,0.7319339046712207,0.3014893151827578,0.7767203813505869,,,,969,100,0.008781360308273922,0.006729147803736124,-3569.986519815735,-3555.3577259800627
C4,C4_Proportional,m1_p1,lm_net_prop__harvard_net_prop,harvard_net_prop,-0.6256343544803623,0.25903571395155006,0.015909479957008078,0.25972464398090006,0.01618975864843299,0.24897253550856788,0.013590232844866544,,,,969,100,0.008781360308273922,0.006729147803736124,-3569.986519815735,-3555.3577259800627
C4,C4_TFIDF,m1_p1,lm_net_tfidf__harvard_net_tfidf,const,0.0032134921810913837,0.0028010114356392364,0.2515576807604045,0.002573129421499977,0.21201688113487183,0.0030526150701382063,0.29504048624634427,,,,969,100,0.001557665005158193,-0.0005095033902762225,-3562.95035476701,-3548.321560931338
C4,C4_TFIDF,m1_p1,lm_net_tfidf__harvard_net_tfidf,lm_net_tfidf,-0.000215840321559715,0.00020044479687278348,0.28183542411253143,0.00016220451777742114,0.18361236840495443,0.000180638391914344,0.2349905006641064,,,,969,100,0.001557665005158193,-0.0005095033902762225,-3562.95035476701,-3548.321560931338
C4,C4_TFIDF,m1_p1,lm_net_tfidf__harvard_net_tfidf,harvard_net_tfidf,-0.00010699409488515771,0.0004094453087020929,0.7939055010665895,0.00039426229609986976,0.7861583381212074,0.0004110872749813691,0.795195301794839,,,,969,100,0.001557665005158193,-0.0005095033902762225,-3562.95035476701,-3548.321560931338
C1,C1_H1_LM_Positive,p0_p3,lm_positive_prop,const,0.00642904899205393,0.0031080893514159637,0.038859406250118814,0.0032425788864138294,0.04768400164614951,0.0027857301010879203,0.023088680320717078,,,,969,100,0.0011062480376264894,7.326587427347597e-05,-3680.157239363596,-3670.4047101398146
C1,C1_H1_LM_Positive,p0_p3,lm_positive_prop,lm_positive_prop,-0.49182698458716867,0.4752613613613967,0.3009949737407818,0.48072027106139686,0.306514399655218,0.3752742926202283,0.19303199109662117,>0,0.846742800172391,False,969,100,0.0011062480376264894,7.326587427347597e-05,-3680.157239363596,-3670.4047101398146
C1,C1_H2_LM_Negative,p0_p3,lm_negative_prop,const,0.002601787322343483,0.0027957755092441025,0.3522856264309225,0.002648652792330108,0.32619485777100554,0.0025923497143645947,0.31799870716777606,,,,969,100,0.00011405707383671526,-0.0009199511401509763,-3679.195219261692,-3669.4426900379103
C1,C1_H2_LM_Negative,p0_p3,lm_negative_prop,lm_negative_prop,0.07184074124952536,0.21630755399991095,0.7398682624319317,0.19501256916153722,0.7126628502363292,0.17112609447945573,0.6755326693802802,<0,0.6436685748818354,False,969,100,0.00011405707383671526,-0.0009199511401509763,-3679.195219261692,-3669.4426900379103
C2,C1_H1_LM_Positive_Controls6,p0_p3,lm_positive_prop,const,-0.024561045554967978,0.037409011154731275,0.5117509238652767,0.039296726356806824,0.5322286564149786,0.029130471463502464,0.4019047454550087,,,,541,74,0.04680566346976722,0.03428716374047713,-2014.1007897664836,-1979.7534355357118
C2,C1_H1_LM_Positive_Controls6,p0_p3,lm_positive_prop,lm_positive_prop,-0.1378099234076242,0.7039689971480739,0.8448715685346926,0.5545330846450129,0.8038315015131478,0.4284728588683663,0.7486518085709559,>0,0.5980842492434262,False,541,74,0.04680566346976722,0.03428716374047713,-2014.1007897664836,-1979.7534355357118
C2,C1_H1_LM_Positive_Controls6,p0_p3,lm_positive_prop,size,-0.000721657317507069,0.0015615742551013023,0.644173456647623,0.001583862201279767,0.6488406369976323,0.0012922674861651222,0.5782510482793863,>0,0.6755796815011839,False,541,74,0.04680566346976722,0.03428716374047713,-2014.1007897664836,-1979.7534355357118
C2,C1_H1_LM_Positive_Controls6,p0_p3,lm_positive_prop,bm,0.007869754568921538,0.004402501985555831,0.07441439559586807,0.006273788411610199,0.2102514168358108,0.003446057394756974,0.02530021914782296,>0,0.1051257084179054,True,541,74,0.04680566346976722,0.03428716374047713,-2014.1007897664836,-1979.7534355357118
C2,C1_H1_LM_Positive_Controls6,p0_p3,lm_positive_prop,volatility,0.8901110783272073,0.2597817961118231,0.0006588868651723916,0.3452287938974446,0.010195343102839802,0.23182033089819734,0.000260042856775977,>0,0.005097671551419901,True,541,74,0.04680566346976722,0.03428716374047713,-2014.1007897664836,-1979.7534355357118
C2,C1_H1_LM_Positive_Controls6,p0_p3,lm_positive_prop,turnover,-0.005960847075184516,0.0024004345187868888,0.01332589398006244,0.003246021289228253,0.0668619425480963,0.0022461351194656516,0.00976158963151566,>0,0.9665690287259519,False,541,74,0.04680566346976722,0.03428716374047713,-2014.1007897664836,-1979.7534355357118
C2,C1_H1_LM_Positive_Controls6,p0_p3,lm_positive_prop,eadret,0.06051497157197212,0.025908410351076477,0.019875424898451517,0.04026481489455937,0.13345078533831736,0.04662565097337187,0.19841113020664025,>0,0.06672539266915868,True,541,74,0.04680566346976722,0.03428716374047713,-2014.1007897664836,-1979.7534355357118
C2,C1_H1_LM_Positive_Controls6,p0_p3,lm_positive_prop,accruals,0.009283818870957456,0.03295550185004797,0.7782769834997475,0.042316320753341116,0.8264294901647415,0.03845166733586997,0.809890044883567,>0,0.41321474508237077,True,541,74,0.04680566346976722,0.03428716374047713,-2014.1007897664836,-1979.7534355357118
C2,C1_H2_LM_Negative_Controls6,p0_p3,lm_negative_prop,const,-0.026160837560800638,0.03717402069449623,0.48190214854239216,0.03971361616254725,0.5103489787462183,0.02847222488585884,0.3612159936721118,,,,541,74,0.04693797594385296,0.03442121390183983,-2014.1758909439277,-1979.828536713156
C2,C1_H2_LM_Negative_Controls6,p0_p3,lm_negative_prop,lm_negative_prop,-0.11260058100865356,0.3359735965507317,0.7376459758998053,0.3591746708441889,0.7540249001853693,0.2863858703372895,0.6953340348568712,<0,0.37701245009268464,True,541,74,0.04693797594385296,0.03442121390183983,-2014.1758909439277,-1979.828536713156
C2,C1_H2_LM_Negative_Controls6,p0_p3,lm_negative_prop,size,-0.0006438986359725568,0.0015773307364048284,0.6832757875262502,0.0016181584118708664,0.6908480087071344,0.0013010813240169588,0.6221605241031887,<0,0.3454240043535672,True,541,74,0.04693797594385296,0.03442121390183983,-2014.1758909439277,-1979.828536713156
C2,C1_H2_LM_Negative_Controls6,p0_p3,lm_negative_prop,bm,0.008009122276604668,0.004408254027642303,0.06980205977674074,0.006240775113025488,0.19992585613580083,0.003370422243649944,0.020112084013682106,<0,0.9000370719320996,False,541,74,0.04693797594385296,0.03442121390183983,-2014.1758909439277,-1979.828536713156
C2,C1_H2_LM_Negative_Controls6,p0_p3,lm_negative_prop,volatility,0.8952793128775826,0.2581084743958657,0.0005654576442736068,0.346968781471175,0.01013821768715611,0.22796037813009223,0.00019290223960826853,<0,0.994930891156422,False,541,74,0.04693797594385296,0.03442121390183983,-2014.1758909439277,-1979.828536713156
C2,C1_H2_LM_Negative_Controls6,p0_p3,lm_negative_prop,turnover,-0.005993023651035987,0.002402783816116761,0.012925958530950264,0.0032647841921121953,0.06696534561093659,0.002250002351797151,0.009508178420218527,<0,0.033482672805468294,True,541,74,0.04693797594385296,0.03442121390183983,-2014.1758909439277,-1979.828536713156
C2,C1_H2_LM_Negative_Controls6,p0_p3,lm_negative_prop,eadret,0.060489913649413675,0.025906622386697692,0.019917851191227142,0.040227476648808935,0.13325182136548003,0.0464675115990134,0.19708872730951554,<0,0.93337408931726,False,541,74,0.04693797594385296,0.03442121390183983,-2014.1758909439277,-1979.828536713156
C2,C1_H2_LM_Negative_Controls6,p0_p3,lm_negative_prop,accruals,0.00951094513933551,0.03279319374924487,0.7719075956825382,0.04226567565239061,0.8220440201526037,0.039032732283114616,0.8081730673660938,<0,0.5889779899236982,False,541,74,0.04693797594385296,0.03442121390183983,-2014.1758909439277,-1979.828536713156
C3,C3_LM_Pos_Neg_Controls6,p0_p3,lm_positive_prop+lm_negative_prop,const,-0.02539456059333107,0.03753539588380762,0.4989857409827103,0.03972706119216451,0.5229512123017176,0.029282801118929183,0.38866452546275065,,,,541,74,0.04698097425325598,0.032649861084131926,-2012.200299229602,-1973.5595257199836
C3,C3_LM_Pos_Neg_Controls6,p0_p3,lm_positive_prop+lm_negative_prop,lm_positive_prop,-0.11002126063709937,0.710143139647096,0.8769366128651691,0.5579219764107337,0.8437476839860539,0.44235384691297297,0.8042775100680669,>0,0.578126158006973,False,541,74,0.04698097425325598,0.032649861084131926,-2012.200299229602,-1973.5595257199836
C3,C3_LM_Pos_Neg_Controls6,p0_p3,lm_positive_prop+lm_negative_prop,lm_negative_prop,-0.10603201176048503,0.3389437697160991,0.7545318938988919,0.36147100255451453,0.7693806722727928,0.29231188873233077,0.7178503361590096,<0,0.3846903361363964,True,541,74,0.04698097425325598,0.032649861084131926,-2012.200299229602,-1973.5595257199836
C3,C3_LM_Pos_Neg_Controls6,p0_p3,lm_positive_prop+lm_negative_prop,size,-0.0006505178610221423,0.0015793548719325865,0.6805871658336214,0.0016199679026515236,0.6881675156756205,0.0013117811213957512,0.6214517126165972,,,,541,74,0.04698097425325598,0.032649861084131926,-2012.200299229602,-1973.5595257199836
C3,C3_LM_Pos_Neg_Controls6,p0_p3,lm_positive_prop+lm_negative_prop,bm,0.007972786498613823,0.004418524472118507,0.07173400387683715,0.006249517493306763,0.20260264930918526,0.0033954046687754945,0.021580803581447105,,,,541,74,0.04698097425325598,0.032649861084131926,-2012.200299229602,-1973.5595257199836
C3,C3_LM_Pos_Neg_Controls6,p0_p3,lm_positive_prop+lm_negative_prop,volatility,0.8907287947800779,0.2600094223545447,0.0006604600178441876,0.3450272083073957,0.010100193739013184,0.22931857659336646,0.00022351242700370332,,,,541,74,0.04698097425325598,0.032649861084131926,-2012.200299229602,-1973.5595257199836
C3,C3_LM_Pos_Neg_Controls6,p0_p3,lm_positive_prop+lm_negative_prop,turnover,-0.005995683853180493,0.0024050480521217513,0.012971298008649716,0.003266496786588747,0.0669883394204622,0.0022534950735092754,0.009584239190371276,,,,541,74,0.04698097425325598,0.032649861084131926,-2012.200299229602,-1973.5595257199836
C3,C3_LM_Pos_Neg_Controls6,p0_p3,lm_positive_prop+lm_negative_prop,eadret,0.060465851353911214,0.02593083945352175,0.02008291538970038,0.040243103715134176,0.13355758660753678,0.04652062773609524,0.1977711647019029,,,,541,74,0.04698097425325598,0.032649861084131926,-2012.200299229602,-1973.5595257199836
C3,C3_LM_Pos_Neg_Controls6,p0_p3,lm_positive_prop+lm_negative_prop,accruals,0.00898690973465545,0.032997079481593486,0.785454972388881,0.0422903128227716,0.8317943488321459,0.038501372143805494,0.8160902098844015,,,,541,74,0.04698097425325598,0.032649861084131926,-2012.200299229602,-1973.5595257199836
C4,C4_Proportional,p0_p3,lm_net_prop__harvard_net_prop,const,0.010067725633185644,0.004811059974454464,0.03664343896921782,0.004909084860623082,0.04055230394969227,0.0046195737393172984,0.031676400026002596,,,,969,100,0.003408774327914754,0.0013454384569580036,-3680.3934365692767,-3665.7646427336044
C4,C4_Proportional,p0_p3,lm_net_prop__harvard_net_prop,lm_net_prop,0.021094302214908447,0.22777024480011548,0.926230858217669,0.24184578471185017,0.9305130330420088,0.20878177204660858,0.9197268794028627,,,,969,100,0.003408774327914754,0.0013454384569580036,-3680.3934365692767,-3665.7646427336044
C4,C4_Proportional,p0_p3,lm_net_prop__harvard_net_prop,harvard_net_prop,-0.40490262495715085,0.2446910588647097,0.09829997943848155,0.23171525874932164,0.08088319577200574,0.21054461971079635,0.05733829517783747,,,,969,100,0.003408774327914754,0.0013454384569580036,-3680.3934365692767,-3665.7646427336044
C4,C4_TFIDF,p0_p3,lm_net_tfidf__harvard_net_tfidf,const,0.003924036953313466,0.0026394597629364764,0.1374251575953259,0.0024289042568120837,0.10651632831801823,0.0025519853668660012,0.12732653754042805,,,,969,100,0.0010264154975884177,-0.00104185279330693,-3678.0797990551982,-3663.451005219526
C4,C4_TFIDF,p0_p3,lm_net_tfidf__harvard_net_tfidf,lm_net_tfidf,-0.00010603258435280264,0.00018888390432970358,0.5746797640936808,0.00015469340472202536,0.4932326470633482,0.00013651861037801077,0.4391937238992073,,,,969,100,0.0010264154975884177,-0.00104185279330693,-3678.0797990551982,-3663.451005219526
C4,C4_TFIDF,p0_p3,lm_net_tfidf__harvard_net_tfidf,harvard_net_tfidf,-0.00024343479021242688,0.00038583006255939894,0.5282304073705764,0.0003744466705128363,0.515770111704561,0.0003952248419660647,0.5393476967227817,,,,969,100,0.0010264154975884177,-0.00104185279330693,-3678.0797990551982,-3663.451005219526
C1,C1_H1_LM_Positive,m3_p3,lm_positive_prop,const,0.019605310194505888,0.00460042859071523,2.2280050922967933e-05,0.00490106973133436,6.811377737674993e-05,0.0056060945096298095,0.0007057569192768808,,,,969,100,0.01050624701172087,0.009482985633242791,-2920.1874191295697,-2910.434889905788
C1,C1_H1_LM_Positive,m3_p3,lm_positive_prop,lm_positive_prop,-2.2540721774046473,0.7034565958900579,0.001398318215851154,0.6685646632269953,0.00077718195100617,0.7958430241948251,0.005599402377617089,>0,0.999611409024497,False,969,100,0.01050624701172087,0.009482985633242791,-2920.1874191295697,-2910.434889905788
C1,C1_H2_LM_Negative,m3_p3,lm_negative_prop,const,0.0039214542451307165,0.004157395320544934,0.3457897341728236,0.003774118576605475,0.29904659055092025,0.0037128317064039746,0.2934522013146579,,,,969,100,0.00029312345403753604,-0.0007406995827214935,-2910.2370867778222,-2900.4845575540407
C1,C1_H2_LM_Negative,m3_p3,lm_negative_prop,lm_negative_prop,0.17127457366589624,0.32165530094399053,0.5945168666189963,0.2818199135468725,0.5434994714939462,0.22598136967514482,0.4503025047246032,<0,0.7282502642530269,False,969,100,0.00029312345403753604,-0.0007406995827214935,-2910.2370867778222,-2900.4845575540407
C2,C1_H1_LM_Positive_Controls6,m3_p3,lm_positive_prop,const,-0.035836966487721944,0.05263833900192972,0.4962842577512819,0.05159024445724333,0.4875797430172594,0.04162288912152947,0.3920617365627844,,,,541,74,0.11461282604968126,0.10298485190774465,-1644.561956913532,-1610.2146026827602
C2,C1_H1_LM_Positive_Controls6,m3_p3,lm_positive_prop,lm_positive_prop,-0.8326507316084176,0.9905570228910531,0.40095548898862693,0.8095455090566135,0.30416194513655437,0.6206445263974595,0.18388746894640773,>0,0.8479190274317228,False,541,74,0.11461282604968126,0.10298485190774465,-1644.561956913532,-1610.2146026827602
C2,C1_H1_LM_Positive_Controls6,m3_p3,lm_positive_prop,size,-0.00016607272764236123,0.0021972961187537885,0.9397812142173131,0.002103545423580809,0.9371028494223389,0.0016264865813911326,0.9189531302889472,>0,0.5314485752888305,False,541,74,0.11461282604968126,0.10298485190774465,-1644.561956913532,-1610.2146026827602
C2,C1_H1_LM_Positive_Controls6,m3_p3,lm_positive_prop,bm,0.006657343285311392,0.006194774596255194,0.2830083971004568,0.0085633679059098,0.4372552539418823,0.006017188737056741,0.27219148789437725,>0,0.21862762697094115,True,541,74,0.11461282604968126,0.10298485190774465,-1644.561956913532,-1610.2146026827602
C2,C1_H1_LM_Positive_Controls6,m3_p3,lm_positive_prop,volatility,0.8493401540048499,0.3655397945084379,0.020526322372624063,0.5319623464422477,0.11094377871531748,0.34614394867071085,0.01652541181275826,>0,0.05547188935765874,True,541,74,0.11461282604968126,0.10298485190774465,-1644.561956913532,-1610.2146026827602
C2,C1_H1_LM_Positive_Controls6,m3_p3,lm_positive_prop,turnover,-0.007229929307770635,0.003377659073350236,0.032766310166439244,0.004831972244737023,0.13517549969208825,0.004158127954542256,0.08629520461231611,>0,0.9324122501539559,False,541,74,0.11461282604968126,0.10298485190774465,-1644.561956913532,-1610.2146026827602
C2,C1_H1_LM_Positive_Controls6,m3_p3,lm_positive_prop,eadret,0.2558097736142328,0.036455806902251836,6.9164805178912966e-12,0.06591877751691987,0.00011721521017958002,0.08156256722668431,0.0024658024329553847,>0,5.860760508979001e-05,True,541,74,0.11461282604968126,0.10298485190774465,-1644.561956913532,-1610.2146026827602
C2,C1_H1_LM_Positive_Controls6,m3_p3,lm_positive_prop,accruals,0.12276415106721993,0.046371791844119596,0.008351691285765373,0.06507391969023266,0.05976636539658844,0.04244268130414568,0.005034166941628356,>0,0.02988318269829422,True,541,74,0.11461282604968126,0.10298485190774465,-1644.561956913532,-1610.2146026827602
C2,C1_H2_LM_Negative_Controls6,m3_p3,lm_negative_prop,const,-0.041397177630172824,0.05234595132977068,0.42939016374958267,0.051302052949079725,0.42006659884512815,0.04089112672109678,0.3147023369428483,,,,541,74,0.11343993869190283,0.10179656077603672,-1643.8457593421795,-1609.4984051114077
C2,C1_H2_LM_Negative_Controls6,m3_p3,lm_negative_prop,lm_negative_prop,-0.010726304487181027,0.47309538232802506,0.9819199139024664,0.47826955424573575,0.982115480762166,0.3667108860325579,0.9767449999652303,<0,0.491057740381083,True,541,74,0.11343993869190283,0.10179656077603672,-1643.8457593421795,-1609.4984051114077
C2,C1_H2_LM_Negative_Controls6,m3_p3,lm_negative_prop,size,-0.00014192526643454407,0.0022210908698133604,0.949074683763085,0.002161899755897585,0.9476823675480271,0.001594743218408836,0.929329047715962,<0,0.4738411837740136,True,541,74,0.11343993869190283,0.10179656077603672,-1643.8457593421795,-1609.4984051114077
C2,C1_H2_LM_Negative_Controls6,m3_p3,lm_negative_prop,bm,0.006897279355698398,0.006207406314119625,0.26701031986132434,0.00854103300587185,0.41971206035168757,0.0061195471609438515,0.2633957076480821,<0,0.7901439698241562,False,541,74,0.11343993869190283,0.10179656077603672,-1643.8457593421795,-1609.4984051114077
C2,C1_H2_LM_Negative_Controls6,m3_p3,lm_negative_prop,volatility,0.8839774560594553,0.3634509634984868,0.015336509363222988,0.5354860595757744,0.09936960016981085,0.3608057555771791,0.016683255323991703,<0,0.9503151999150946,False,541,74,0.11343993869190283,0.10179656077603672,-1643.8457593421795,-1609.4984051114077
C2,C1_H2_LM_Negative_Controls6,m3_p3,lm_negative_prop,turnover,-0.007196533516347012,0.003383438281483237,0.033879676767141716,0.004887249503037449,0.14147290501464252,0.004234132439959577,0.09345484196946417,<0,0.07073645250732126,True,541,74,0.11343993869190283,0.10179656077603672,-1643.8457593421795,-1609.4984051114077
C2,C1_H2_LM_Negative_Controls6,m3_p3,lm_negative_prop,eadret,0.2560124965943401,0.03647996017750111,6.875329785455376e-12,0.06596462290026421,0.00011703905371594322,0.08177408389103986,0.0025078118310159587,<0,0.999941480473142,False,541,74,0.11343993869190283,0.10179656077603672,-1643.8457593421795,-1609.4984051114077
C2,C1_H2_LM_Negative_Controls6,m3_p3,lm_negative_prop,accruals,0.12689043716080303,0.04617716598516502,0.0062009177637820405,0.06507451768788845,0.051708964080634,0.04211419764180486,0.003553933467119817,<0,0.974145517959683,False,541,74,0.11343993869190283,0.10179656077603672,-1643.8457593421795,-1609.4984051114077
C3,C3_LM_Pos_Neg_Controls6,m3_p3,lm_positive_prop+lm_negative_prop,const,-0.03552563331468867,0.05282069070643098,0.5015126472729325,0.052163154845760375,0.4961371867109388,0.04226618724301152,0.40336077446510643,,,,541,74,0.11462430051409711,0.10131038022107597,-1642.5689682252578,-1603.9281947156394
C3,C3_LM_Pos_Neg_Controls6,m3_p3,lm_positive_prop+lm_negative_prop,lm_positive_prop,-0.8430303074488794,0.999330105714287,0.3992746655674731,0.8059251634651678,0.29601739643567543,0.6399721609059162,0.1918605174654912,>0,0.8519913017821623,False,541,74,0.11462430051409711,0.10131038022107597,-1642.5689682252578,-1603.9281947156394
C3,C3_LM_Pos_Neg_Controls6,m3_p3,lm_positive_prop+lm_negative_prop,lm_negative_prop,0.03960490350586874,0.47696963374160417,0.9338553926723566,0.4734767193960825,0.933368568151776,0.3671869442733573,0.9144023943562407,<0,0.533315715924112,False,541,74,0.11462430051409711,0.10131038022107597,-1642.5689682252578,-1603.9281947156394
C3,C3_LM_Pos_Neg_Controls6,m3_p3,lm_positive_prop+lm_negative_prop,size,-0.00019264462100530586,0.0022225052711388536,0.9309592517965267,0.0021727439246418496,0.9293821439783216,0.0016863207300424692,0.9093614767001428,,,,541,74,0.11462430051409711,0.10131038022107597,-1642.5689682252578,-1603.9281947156394
C3,C3_LM_Pos_Neg_Controls6,m3_p3,lm_positive_prop+lm_negative_prop,bm,0.0066188589675517245,0.006217851417979841,0.28758835212894296,0.008537276771485075,0.4385132281794903,0.006072151319464351,0.2792827347731516,,,,541,74,0.11462430051409711,0.10131038022107597,-1642.5689682252578,-1603.9281947156394
C3,C3_LM_Pos_Neg_Controls6,m3_p3,lm_positive_prop+lm_negative_prop,volatility,0.8491094255662961,0.36589136615105844,0.02068241437917317,0.532530067433257,0.11142207808755353,0.3475318560595038,0.016974016656008475,,,,541,74,0.11462430051409711,0.10131038022107597,-1642.5689682252578,-1603.9281947156394
C3,C3_LM_Pos_Neg_Controls6,m3_p3,lm_positive_prop+lm_negative_prop,turnover,-0.00721691713146626,0.003384440107904376,0.033432799557569046,0.004840040465931674,0.13653156550730428,0.004164862564910499,0.08735213471479145,,,,541,74,0.11462430051409711,0.10131038022107597,-1642.5689682252578,-1603.9281947156394
C3,C3_LM_Pos_Neg_Controls6,m3_p3,lm_positive_prop+lm_negative_prop,eadret,0.25582812091769547,0.03649048633381959,7.2155863469799824e-12,0.06603709261129068,0.0001204093971252635,0.08170692202581553,0.0025054313132521866,,,,541,74,0.11462430051409711,0.10131038022107597,-1642.5689682252578,-1603.9281947156394
C3,C3_LM_Pos_Neg_Controls6,m3_p3,lm_positive_prop+lm_negative_prop,accruals,0.12287505208190809,0.04643426527078806,0.008380791664263818,0.0650678051606472,0.05951398551469632,0.042619763252340806,0.005170996727853934,,,,541,74,0.11462430051409711,0.10131038022107597,-1642.5689682252578,-1603.9281947156394
C4,C4_Proportional,m3_p3,lm_net_prop__harvard_net_prop,const,0.02207578159768345,0.00712367049958402,0.001998375867176806,0.007395805315535595,0.0029081141968196867,0.007613161855541728,0.0046015044624784784,,,,969,100,0.012067375758744725,0.010021966598824927,-2919.717422054145,-2905.088628218473
C4,C4_Proportional,m3_p3,lm_net_prop__harvard_net_prop,lm_net_prop,-0.11183517920342849,0.3372562766170045,0.7402610117449303,0.3295449218766882,0.7344104488784324,0.36692397990575654,0.7611650484096164,,,,969,100,0.012067375758744725,0.010021966598824927,-2919.717422054145,-2905.088628218473
C4,C4_Proportional,m3_p3,lm_net_prop__harvard_net_prop,harvard_net_prop,-1.0448564555851605,0.36231069385996656,0.004015440273657221,0.3626088747516232,0.0040455175836273186,0.359031078526904,0.004461284335008459,,,,969,100,0.012067375758744725,0.010021966598824927,-2919.717422054145,-2905.088628218473
C4,C4_TFIDF,m3_p3,lm_net_tfidf__harvard_net_tfidf,const,0.003951481843535413,0.003918860730461457,0.3135513795925543,0.003836258480690577,0.30325123727042164,0.003942206670677149,0.3186169220861245,,,,969,100,0.0043017692709222954,0.002240282250779213,-2912.1304145116032,-2897.501620675931
C4,C4_TFIDF,m3_p3,lm_net_tfidf__harvard_net_tfidf,lm_net_tfidf,-0.000505828035656876,0.0002804398557947362,0.07159054480777574,0.0002529684845737586,0.045826460394230356,0.0002633292061957755,0.05762176028182736,,,,969,100,0.0043017692709222954,0.002240282250779213,-2912.1304145116032,-2897.501620675931
C4,C4_TFIDF,m3_p3,lm_net_tfidf__harvard_net_tfidf,harvard_net_tfidf,-0.00023522816327372202,0.0005728499074042922,0.6814364546345175,0.0005399303766748513,0.6631779456719737,0.0005269260902100871,0.6562718211582105,,,,969,100,0.0043017692709222954,0.002240282250779213,-2912.1304145116032,-2897.501620675931
C1,C1_H1_LM_Positive,m5_p5,lm_positive_prop,const,0.01990640380007849,0.005704715850124262,0.0005058188993737793,0.006079698700101896,0.0010970482731839871,0.0060949953789986525,0.0014989852789295758,,,,969,100,0.00568799155037536,0.004659747487862798,-2503.2389210502647,-2493.486391826483
C1,C1_H1_LM_Positive,m5_p5,lm_positive_prop,lm_positive_prop,-2.051655295933887,0.872314375349225,0.018874130951700804,0.8441672056425725,0.01526359764351292,0.8632780935795564,0.01939685064870767,>0,0.9923682011782435,False,969,100,0.00568799155037536,0.004659747487862798,-2503.2389210502647,-2493.486391826483
C1,C1_H2_LM_Negative,m5_p5,lm_negative_prop,const,0.004995218471211558,0.005142844120415238,0.3316443125608273,0.004937271748025591,0.31191709828992376,0.004486956933378118,0.26828596433733676,,,,969,100,0.0002879273007443395,-0.000745901109492797,-2497.9905641227638,-2488.2380348989823
C1,C1_H2_LM_Negative,m5_p5,lm_negative_prop,lm_negative_prop,0.20998580756659052,0.3978989116299307,0.5978032529601132,0.37836647051875083,0.5790367163866456,0.30829392490358953,0.4973843456584007,<0,0.7104816418066773,False,969,100,0.0002879273007443395,-0.000745901109492797,-2497.9905641227638,-2488.2380348989823
C2,C1_H1_LM_Positive_Controls6,m5_p5,lm_positive_prop,const,-0.0022547804119333703,0.06524888615094115,0.9724462370118676,0.06736919853497876,0.9733131076137668,0.05290617172491697,0.9661220236988536,,,,541,74,0.08828509175391186,0.07631134999458244,-1412.187046021158,-1377.8396917903863
C2,C1_H1_LM_Positive_Controls6,m5_p5,lm_positive_prop,lm_positive_prop,-0.6267617963745328,1.2278643976639176,0.6099484695346313,1.056726297288561,0.5533547712965817,0.88337631618894,0.48026993058685147,>0,0.7233226143517091,False,541,74,0.08828509175391186,0.07631134999458244,-1412.187046021158,-1377.8396917903863
C2,C1_H1_LM_Positive_Controls6,m5_p5,lm_positive_prop,size,-0.0029994384627673263,0.002723701526509316,0.2712909679694194,0.0029603337955193204,0.3114197992376724,0.0020284266025458802,0.1435221985400966,>0,0.8442901003811638,False,541,74,0.08828509175391186,0.07631134999458244,-1412.187046021158,-1377.8396917903863
C2,C1_H1_LM_Positive_Controls6,m5_p5,lm_positive_prop,bm,0.013561971860817751,0.007678854424851431,0.0779438843882354,0.0098921936755258,0.17095905151928575,0.0071614032236619095,0.062219515855030084,>0,0.08547952575964288,True,541,74,0.08828509175391186,0.07631134999458244,-1412.187046021158,-1377.8396917903863
C2,C1_H1_LM_Positive_Controls6,m5_p5,lm_positive_prop,volatility,0.5770617118515041,0.45311202609651324,0.20337735076627203,0.6551563324816867,0.378823054963464,0.405382732121416,0.15885180812824826,>0,0.189411527481732,True,541,74,0.08828509175391186,0.07631134999458244,-1412.187046021158,-1377.8396917903863
C2,C1_H1_LM_Positive_Controls6,m5_p5,lm_positive_prop,turnover,-0.014301661941050751,0.004186843591809451,0.0006843047132923953,0.0054920979987383685,0.009470060333990542,0.004152559818813456,0.0009528994711448515,>0,0.9952649698330047,False,541,74,0.08828509175391186,0.07631134999458244,-1412.187046021158,-1377.8396917903863
C2,C1_H1_LM_Positive_Controls6,m5_p5,lm_positive_prop,eadret,0.2601104911408689,0.04518951090038236,1.4549737081735493e-08,0.07119403961576748,0.0002842190196834333,0.08916458404223652,0.004690603564104272,>0,0.00014210950984171666,True,541,74,0.08828509175391186,0.07631134999458244,-1412.187046021158,-1377.8396917903863
C2,C1_H1_LM_Positive_Controls6,m5_p5,lm_positive_prop,accruals,0.08408735133153296,0.057481064638859124,0.14409223837298074,0.07633872731951633,0.2711748819146987,0.04096237254821204,0.043677261612499026,>0,0.13558744095734934,True,541,74,0.08828509175391186,0.07631134999458244,-1412.187046021158,-1377.8396917903863
C2,C1_H2_LM_Negative_Controls6,m5_p5,lm_negative_prop,const,-0.0038220991108955005,0.06482828474421641,0.9530082346166998,0.0659034991232979,0.9537740364886813,0.04953062822606649,0.9387023003929331,,,,541,74,0.08871334687720656,0.07674522948159768,-1412.4412268522387,-1378.093872621467
C2,C1_H2_LM_Negative_Controls6,m5_p5,lm_negative_prop,lm_negative_prop,0.4188988175667308,0.5859089648312921,0.4749495930507998,0.5746440574924694,0.4663396243557775,0.4148294242786728,0.3159218852907951,<0,0.7668301878221112,False,541,74,0.08871334687720656,0.07674522948159768,-1412.4412268522387,-1378.093872621467
C2,C1_H2_LM_Negative_Controls6,m5_p5,lm_negative_prop,size,-0.003265442633953706,0.002750728713361806,0.23570944407489347,0.003014262100518782,0.2791514882184996,0.0018960844246186806,0.08926738185133062,<0,0.1395757441092498,True,541,74,0.08871334687720656,0.07674522948159768,-1412.4412268522387,-1378.093872621467
C2,C1_H2_LM_Negative_Controls6,m5_p5,lm_negative_prop,bm,0.01335863594745461,0.007687614683314168,0.08284430761334494,0.009784706117470848,0.17274831294005022,0.007041688583935677,0.061773289809885744,<0,0.9136258435299749,False,541,74,0.08871334687720656,0.07674522948159768,-1412.4412268522387,-1378.093872621467
C2,C1_H2_LM_Negative_Controls6,m5_p5,lm_negative_prop,volatility,0.6053090957664028,0.45011890993830045,0.17926954808272552,0.6586795811493885,0.3585251037551276,0.4107942519488187,0.14491296751698404,<0,0.8207374481224362,False,541,74,0.08871334687720656,0.07674522948159768,-1412.4412268522387,-1378.093872621467
C2,C1_H2_LM_Negative_Controls6,m5_p5,lm_negative_prop,turnover,-0.014131263648356934,0.004190247664898794,0.0007992288202203794,0.005530865863718502,0.010895977961380018,0.004185468639968554,0.00118041290176459,<0,0.005447988980690009,True,541,74,0.08871334687720656,0.07674522948159768,-1412.4412268522387,-1378.093872621467
C2,C1_H2_LM_Negative_Controls6,m5_p5,lm_negative_prop,eadret,0.2604888920570278,0.04517891423820032,1.3781518229848327e-08,0.07147108978930838,0.0002939514956674246,0.08979513387369233,0.004914153836474219,<0,0.9998530242521663,False,541,74,0.08871334687720656,0.07674522948159768,-1412.4412268522387,-1378.093872621467
C2,C1_H2_LM_Negative_Controls6,m5_p5,lm_negative_prop,accruals,0.08894939781098178,0.057188500526203674,0.12045102358747592,0.0758981657220051,0.24173784199637618,0.04084339535034855,0.032651270700548636,<0,0.8791310790018119,False,541,74,0.08871334687720656,0.07674522948159768,-1412.4412268522387,-1378.093872621467
C3,C3_LM_Pos_Neg_Controls6,m5_p5,lm_positive_prop+lm_negative_prop,const,0.0013893445887766258,0.06543750672852072,0.9830688476706594,0.06788071964383045,0.9836781593476962,0.051958718169693434,0.978740556876367,,,,541,74,0.08933863444340828,0.0756444785703767,-1410.8125663011447,-1372.1717927915263
C3,C3_LM_Pos_Neg_Controls6,m5_p5,lm_positive_prop+lm_negative_prop,lm_positive_prop,-0.7482537384243177,1.238031340410515,0.5458420561281505,1.0540237522034757,0.4780758487047475,0.8840671367751447,0.4001087092085773,>0,0.7609620756476263,False,541,74,0.08933863444340828,0.0756444785703767,-1410.8125663011447,-1372.1717927915263
C3,C3_LM_Pos_Neg_Controls6,m5_p5,lm_positive_prop+lm_negative_prop,lm_negative_prop,0.46357160596763725,0.590899194990387,0.4330848606880784,0.5766392593993188,0.42180247274306965,0.42541338941723145,0.27943084865508544,<0,0.7890987636284652,False,541,74,0.08933863444340828,0.0756444785703767,-1410.8125663011447,-1372.1717927915263
C3,C3_LM_Pos_Neg_Controls6,m5_p5,lm_positive_prop+lm_negative_prop,size,-0.00331045993206587,0.0027533756505121695,0.2297714433867736,0.0030338935210710797,0.2756969010844193,0.0019703572148423113,0.09720654702481239,,,,541,74,0.08933863444340828,0.0756444785703767,-1410.8125663011447,-1372.1717927915263
C3,C3_LM_Pos_Neg_Controls6,m5_p5,lm_positive_prop+lm_negative_prop,bm,0.01311151660376846,0.0077030551581079515,0.0893172614187035,0.009814093788360272,0.18212422507277656,0.007104447236452189,0.06901474253356449,,,,541,74,0.08933863444340828,0.0756444785703767,-1410.8125663011447,-1372.1717927915263
C3,C3_LM_Pos_Neg_Controls6,m5_p5,lm_positive_prop+lm_negative_prop,volatility,0.5743610575553554,0.4532886339462887,0.20567469740331457,0.655988921591322,0.3816615972913025,0.40723666668999087,0.16267258833467788,,,,541,74,0.08933863444340828,0.0756444785703767,-1410.8125663011447,-1372.1717927915263
C3,C3_LM_Pos_Neg_Controls6,m5_p5,lm_positive_prop+lm_negative_prop,turnover,-0.014149355662464575,0.004192851690716415,0.0007930468620432046,0.005494732315271139,0.010290813820321747,0.0041301440515280445,0.0010094837700102344,,,,541,74,0.08933863444340828,0.0756444785703767,-1410.8125663011447,-1372.1717927915263
C3,C3_LM_Pos_Neg_Controls6,m5_p5,lm_positive_prop+lm_negative_prop,eadret,0.26032524457234674,0.045206649384188946,1.4356522241854107e-08,0.07161638103292964,0.00030498315876105675,0.08984842996854331,0.00496410638349461,,,,541,74,0.08933863444340828,0.0756444785703767,-1410.8125663011447,-1372.1717927915263
C3,C3_LM_Pos_Neg_Controls6,m5_p5,lm_positive_prop+lm_negative_prop,accruals,0.08538543709693705,0.05752561175276649,0.13832078976554374,0.07610878932684755,0.262416725534498,0.040672866623534795,0.03924627671774256,,,,541,74,0.08933863444340828,0.0756444785703767,-1410.8125663011447,-1372.1717927915263
C4,C4_Proportional,m5_p5,lm_net_prop__harvard_net_prop,const,0.018310914680690547,0.00884266003121018,0.038647562804814434,0.00893883237186357,0.04078396522410908,0.007854422512089067,0.021765589228384175,,,,969,100,0.005227620667807575,0.003168050524262611,-2500.7903735719224,-2486.16157973625
C4,C4_Proportional,m5_p5,lm_net_prop__harvard_net_prop,lm_net_prop,-0.2319195546722943,0.41863848105974244,0.5797171339108835,0.40743695435211796,0.5693420188932117,0.4209566984814832,0.582919784584032,,,,969,100,0.005227620667807575,0.003168050524262611,-2500.7903735719224,-2486.16157973625
C4,C4_Proportional,m5_p5,lm_net_prop__harvard_net_prop,harvard_net_prop,-0.7577234420952129,0.4497386974401239,0.09234858912977462,0.44476944572195154,0.08877149290974222,0.375182099458626,0.046125893539109515,,,,969,100,0.005227620667807575,0.003168050524262611,-2500.7903735719224,-2486.16157973625
C4,C4_TFIDF,m5_p5,lm_net_tfidf__harvard_net_tfidf,const,0.005977293912607916,0.004837378091660549,0.21689004247507865,0.004503493338424131,0.1847372194816494,0.00458694792523788,0.19556017262370148,,,,969,100,0.008560257744910094,0.006507587471090037,-2504.042119267286,-2489.413325431614
C4,C4_TFIDF,m5_p5,lm_net_tfidf__harvard_net_tfidf,lm_net_tfidf,-0.0007961375976400565,0.0003461704071045561,0.021669585279432125,0.00032909381310466306,0.015739339073510432,0.0003082486578056393,0.011263495592475577,,,,969,100,0.008560257744910094,0.006507587471090037,-2504.042119267286,-2489.413325431614
C4,C4_TFIDF,m5_p5,lm_net_tfidf__harvard_net_tfidf,harvard_net_tfidf,-0.0007254665100825975,0.0007071166296744089,0.30517184951642956,0.0006781267970306738,0.28497228684534864,0.0006393201161314326,0.25922139185448734,,,,969,100,0.008560257744910094,0.006507587471090037,-2504.042119267286,-2489.413325431614
