,count,mean,std,min,25%,50%,75%,max,missing
lm_positive_prop,969.0,0.006064953450075468,0.0024476153517511844,0.0,0.0044271107831769,0.0057506423589869,0.0071107110711071,0.0190779014308426,0
lm_negative_prop,969.0,0.011753134614321129,0.005380462054615417,0.002403227190799,0.0084267364804057,0.0105876937241061,0.0137191319531055,0.0476718403547671,0
lm_net_prop,969.0,-0.005688181164245619,0.005747176594192782,-0.0443458980044345,-0.007880118847694,-0.0049596145670964,-0.002419149477973,0.012718600953895,0
lm_positive_tfidf,969.0,4.646655377154471,2.2243303900183253,0.0,3.0751663939362377,4.314733317162088,5.744879655424266,15.879967691173883,0
lm_negative_tfidf,969.0,10.707518882949449,7.097011096841617,0.7399641496709732,6.1021494890472,9.174337659526197,13.191763460613664,51.0568150420483,0
lm_net_tfidf,969.0,-6.06086350579498,6.423666468127951,-43.113383586594,-8.182799730561285,-4.83443298162428,-2.230907092684105,7.619852594552436,0
lm_net_ratio,969.0,-0.2969131769474423,0.2260590968345934,-1.0,-0.4464285714285714,-0.311111111111111,-0.15625,0.6103896103896104,0
harvard_positive_prop,969.0,0.023729332076034972,0.004087234693204644,0.0,0.0210478771454381,0.0235675675675675,0.0262863534675615,0.0465631929046563,0
harvard_negative_prop,969.0,0.007672147471958437,0.003723860249383718,0.0027629963160049,0.0057211405370489,0.0068882571616007,0.0084051271275478,0.0342143529210503,0
harvard_net_prop,969.0,0.016057184604076485,0.005349749295467934,-0.0127795527156549,0.0133997443469828,0.0161714370752517,0.0194780987884436,0.0318640467339352,0
harvard_positive_tfidf,969.0,9.814102239452788,4.284012889579939,0.0,6.824302113462186,9.052434096830698,12.180707940286402,25.52966411898483,0
harvard_negative_tfidf,969.0,5.2110430455597685,3.486704292041758,0.2578124415356384,2.643473266170886,4.496955225990279,6.828770934744431,23.77619265567384,0
harvard_net_tfidf,969.0,4.603059193893018,3.144719192079575,-10.045079450064058,2.567510139375649,4.230087256825125,6.391419463593197,20.344979343219023,0
car_m1_p1,969.0,0.004029170756958328,0.0384188720017806,-0.1742216441123692,-0.0146034711356214,0.0024224854914872,0.0182087197682965,0.3257934612922954,0
car_0_p3,969.0,0.0034461412250417663,0.03619339019433462,-0.1931768284510685,-0.0141372540263785,0.001905282355872,0.0188355296481725,0.1953645854874748,0
car_m3_p3,969.0,0.005934467365436456,0.05382538975592173,-0.2597307017476052,-0.0209677088527977,0.0015159823209802,0.0285842614991075,0.3948815512195449,0
car_m5_p5,969.0,0.007463209934638631,0.06658372574557832,-0.2642087643088825,-0.026169357703783,0.0025250592462229,0.0367854975806263,0.3695133801724231,0
