model,label,car_window,bp_lm_stat,bp_lm_p,bp_f_stat,bp_f_p,white_lm_stat,white_lm_p,white_f_stat,white_f_p,white_error
C1,C1_H1_LM_Positive,m1_p1,6.7655495959943055,0.009293429866520661,6.799056567325832,0.009261118239181125,10.521816566859918,0.005190588051875067,5.3021941340283325,0.005126651174155328,
C1,C1_H2_LM_Negative,m1_p1,0.023694757138765232,0.8776641297212118,0.02364642977258772,0.8778200535131447,1.8150386178760125,0.40352400183565595,0.9064074478384886,0.40431620593051715,
C2,C1_H1_LM_Positive_Controls,m1_p1,72.81269789770512,2.6596268632258556e-14,15.665437518825158,7.748696510862009e-15,113.44927063663717,4.596015447649381e-15,6.295616834339837,3.9383062563579183e-16,
C2,C1_H2_LM_Negative_Controls,m1_p1,69.95303912179268,1.0481121950683204e-13,15.00156196473662,3.394440947677199e-14,94.61482402354873,1.1439239860506021e-11,5.135504893939105,2.4585395009455986e-12,
C3,C3_LM_Pos_Neg_Controls4,m1_p1,73.03491609617208,9.736765863678837e-14,13.08387027309292,2.9158054510332367e-14,120.96308171048373,7.390312474359547e-14,4.979474786212803,6.0133800921020704e-15,
C4,C4_Proportional,m1_p1,5.3987745481808345,0.06724670391683421,2.706107088592269,0.06730272694815823,9.346915425867984,0.09600158656481857,1.8759028027519544,0.09594006363298821,
C4,C4_TFIDF,m1_p1,1.213122486713723,0.5452225367455241,0.605441316365322,0.5460404769843475,5.738244961090913,0.3325276505811496,1.1473371321188377,0.33353287552486954,
C1,C1_H1_LM_Positive,p0_p3,1.2177493413386156,0.26980279731247847,1.2167650442782847,0.2702708847683206,1.9111665526237283,0.3845877581905297,0.9545073968300436,0.3853645590735117,
C1,C1_H2_LM_Negative,p0_p3,0.6110801252772627,0.4343814135225189,0.6102036785174951,0.4349023262335456,0.7113015166597974,0.7007172971862102,0.3548101233493749,0.7013979486057919,
C2,C1_H1_LM_Positive_Controls,p0_p3,90.13388976220818,6.297941741674193e-18,19.78041696206998,8.679215130522623e-19,111.1856919640381,1.1932423002891191e-14,6.1534531534623955,1.1559321726352327e-15,
C2,C1_H2_LM_Negative_Controls,p0_p3,89.56374992197102,8.297745803047424e-18,19.642347698813655,1.1755505284680541e-18,115.65202066567448,1.810247149652139e-15,6.434696333421109,1.372188089591424e-16,
C3,C3_LM_Pos_Neg_Controls4,p0_p3,90.12153912541922,2.858863803390893e-17,16.46381986136792,4.12643448639274e-18,117.62516289316594,2.783804882237228e-13,4.822767232834177,2.7183106716072094e-14,
C4,C4_Proportional,p0_p3,0.5254439420017264,0.7689556595661401,0.2620506882698591,0.7695267015523721,3.984086000322152,0.5517094552800612,0.795152652438327,0.5532010600456648,
C4,C4_TFIDF,p0_p3,0.3849748095260791,0.8249047080084394,0.1919677355454079,0.8253649746294612,3.288509666257087,0.6556013010935703,0.6558552611838796,0.657088886541056,
C1,C1_H1_LM_Positive,m3_p3,11.73998866871663,0.0006117139610871013,11.859441435207081,0.0005983124174230725,15.17047835363198,0.0005078932974611628,7.682023756359341,0.0004897706614840223,
C1,C1_H2_LM_Negative,m3_p3,0.06241565325729348,0.8027178522151183,0.06229084068453551,0.8029641435013452,1.033764908427353,0.5963768851039138,0.5158325080659059,0.597167726820055,
C2,C1_H1_LM_Positive_Controls,m3_p3,105.97989115932177,2.8949942567541775e-21,23.69199873193336,1.7028259864301693e-22,138.54160320435366,9.564651723981871e-20,7.924338698745338,1.6708682614044002e-21,
C2,C1_H2_LM_Negative_Controls,m3_p3,98.86079347980413,9.18580998745701e-20,21.91673790846792,8.08134065481162e-21,114.43071895363546,3.0357168918861385e-15,6.357494492878111,2.463964447048337e-16,
C3,C3_LM_Pos_Neg_Controls4,m3_p3,106.44257730827545,1.1317366724966836e-20,19.819433269888876,6.845058065732563e-22,142.23620570836442,1.2967344549804389e-17,6.008440701901603,2.7649928360686717e-19,
C4,C4_Proportional,m3_p3,3.6746019513618244,0.15924665719428047,1.8385849435801573,0.15959843089817582,8.846922887405846,0.1153278844820836,1.7746309299330076,0.11535553517911129,
C4,C4_TFIDF,m3_p3,1.6237504783818129,0.44402463263066905,0.8107202150623664,0.44484001665966794,2.896342655141383,0.7159629065778959,0.577407601285079,0.7173702821820651,
C1,C1_H1_LM_Positive,m5_p5,11.951434836983548,0.0005460531275743557,12.075706404088814,0.0005335116078995766,15.947589770582365,0.00034436965973766784,8.082122007683845,0.00033038654964020835,
C1,C1_H2_LM_Negative,m5_p5,0.0017663721032196156,0.9664761938383761,0.0017627295536037806,0.9665194242189473,0.3455693201909933,0.8413187648419896,0.17231117348538919,0.8417430777438808,
C2,C1_H1_LM_Positive_Controls,m5_p5,133.47784563839892,4.348211315444441e-27,30.837993799272574,3.928197799802294e-29,188.74504002970727,1.8680439146167895e-29,11.503212155036566,3.501227387019503e-33,
C2,C1_H2_LM_Negative_Controls,m5_p5,124.51571997269428,3.466019366187482e-25,28.456990961996702,6.102745480530155e-27,162.04617773140293,3.0216372526749848e-24,9.543502140397225,7.979470422457429e-27,
C3,C3_LM_Pos_Neg_Controls4,m5_p5,134.59200221467682,1.3853889509754284e-26,25.92068386379079,1.233146654813964e-28,190.08520652613865,1.8829226964521762e-26,8.532007503421935,6.0253638497905736e-30,
C4,C4_Proportional,m5_p5,4.450671613889623,0.10803113493764355,2.2286826875982872,0.10822351568365646,8.20360417689075,0.14536583682982682,1.6444838587425927,0.14553923741146466,
C4,C4_TFIDF,m5_p5,1.4987442246610025,0.4726632390080414,0.7482093239570409,0.47348719934240496,5.993835671617383,0.30681919662091717,1.198759460858303,0.3077282875119417,
